/*
Navicat MySQL Data Transfer

Source Server         : 192.168.163.2-htlc
Source Server Version : 50628
Source Host           : 192.168.163.2:3306
Source Database       : cifpay_lc

Target Server Type    : MYSQL
Target Server Version : 50628
File Encoding         : 65001

Date: 2016-07-19 11:00:23
*/

SET FOREIGN_KEY_CHECKS=0;

-- ----------------------------
-- Table structure for CIFPAY_BANK
-- ----------------------------
DROP TABLE IF EXISTS `CIFPAY_BANK`;
CREATE TABLE `CIFPAY_BANK` (
  `BANK_CODE` varchar(32) COLLATE utf8_bin NOT NULL COMMENT '银行代码',
  `BANK_NAME` varchar(100) COLLATE utf8_bin NOT NULL COMMENT '银行名称',
  `SUPPORT_CIFPAY1X` char(1) COLLATE utf8_bin NOT NULL COMMENT '是否支持旧版银信证：Y是，N否',
  `SUPORT_CIFPAY` char(1) COLLATE utf8_bin NOT NULL COMMENT '是否支持新版银信证：Y是，N否',
  `SUPPORT_BANK_CORP_DIRECT` char(1) COLLATE utf8_bin NOT NULL COMMENT '是否支持银企直联：Y是，N否',
  `SUPPORT_QUICK_PAYMENT` char(1) COLLATE utf8_bin NOT NULL COMMENT '是否支持快捷支付：Y是，N否',
  `ENABLE_STATUS` char(1) COLLATE utf8_bin NOT NULL COMMENT '启用状态：0 待开通，1 正常，2 已关闭',
  PRIMARY KEY (`BANK_CODE`)
) ENGINE=InnoDB DEFAULT CHARSET=utf8 COLLATE=utf8_bin COMMENT='银行定义表';

-- ----------------------------
-- Records of CIFPAY_BANK
-- ----------------------------
INSERT INTO `CIFPAY_BANK` VALUES ('ABC', '中国农业银行', 'N', 'N', 'N', 'N', '1');
INSERT INTO `CIFPAY_BANK` VALUES ('BHB', '渤海银行', 'N', 'N', 'N', 'N', '1');
INSERT INTO `CIFPAY_BANK` VALUES ('BJB', '北京银行', 'N', 'N', 'N', 'N', '1');
INSERT INTO `CIFPAY_BANK` VALUES ('BJNSB', '北京农商银行', 'N', 'N', 'N', 'N', '1');
INSERT INTO `CIFPAY_BANK` VALUES ('BOC', '中国银行', 'N', 'N', 'N', 'N', '1');
INSERT INTO `CIFPAY_BANK` VALUES ('BOCOM', '中国交通银行', 'N', 'N', 'N', 'N', '1');
INSERT INTO `CIFPAY_BANK` VALUES ('CCB', '中国建设银行', 'N', 'N', 'N', 'N', '1');
INSERT INTO `CIFPAY_BANK` VALUES ('CDB', '成都银行', 'N', 'N', 'N', 'N', '1');
INSERT INTO `CIFPAY_BANK` VALUES ('CEB', '光大银行', 'N', 'N', 'N', 'N', '1');
INSERT INTO `CIFPAY_BANK` VALUES ('CIB', '兴业银行', 'N', 'N', 'N', 'N', '1');
INSERT INTO `CIFPAY_BANK` VALUES ('CMB', '招商银行', 'N', 'N', 'N', 'N', '1');
INSERT INTO `CIFPAY_BANK` VALUES ('CMSB', '民生银行', 'N', 'N', 'N', 'N', '1');
INSERT INTO `CIFPAY_BANK` VALUES ('CNCB', '中信银行', 'N', 'N', 'N', 'N', '1');
INSERT INTO `CIFPAY_BANK` VALUES ('CQB', '重庆银行', 'N', 'N', 'N', 'N', '1');
INSERT INTO `CIFPAY_BANK` VALUES ('CQNSB', '重庆农村商业银行', 'N', 'N', 'N', 'N', '1');
INSERT INTO `CIFPAY_BANK` VALUES ('CSB', '长沙银行', 'N', 'N', 'N', 'N', '1');
INSERT INTO `CIFPAY_BANK` VALUES ('DGB', '东莞银行', 'N', 'N', 'N', 'N', '1');
INSERT INTO `CIFPAY_BANK` VALUES ('DGNSB', '东莞农村商业银行', 'N', 'N', 'N', 'N', '1');
INSERT INTO `CIFPAY_BANK` VALUES ('DLB', '大连银行', 'N', 'N', 'N', 'N', '1');
INSERT INTO `CIFPAY_BANK` VALUES ('GDB', '广东发展银行', 'N', 'N', 'N', 'N', '1');
INSERT INTO `CIFPAY_BANK` VALUES ('GZB', '广州银行', 'N', 'N', 'N', 'N', '1');
INSERT INTO `CIFPAY_BANK` VALUES ('GZNBS', '广州农村商业银行', 'N', 'N', 'N', 'N', '1');
INSERT INTO `CIFPAY_BANK` VALUES ('HBB', '河北银行', 'N', 'N', 'N', 'N', '1');
INSERT INTO `CIFPAY_BANK` VALUES ('HEBB', '哈尔滨银行', 'N', 'N', 'N', 'N', '1');
INSERT INTO `CIFPAY_BANK` VALUES ('HKB', '汉口银行', 'N', 'N', 'N', 'N', '1');
INSERT INTO `CIFPAY_BANK` VALUES ('HSB', '徽商银行', 'N', 'N', 'N', 'N', '1');
INSERT INTO `CIFPAY_BANK` VALUES ('HXB', '华夏银行', 'N', 'N', 'N', 'N', '1');
INSERT INTO `CIFPAY_BANK` VALUES ('HZB', '杭州银行', 'N', 'N', 'N', 'N', '1');
INSERT INTO `CIFPAY_BANK` VALUES ('ICBC', '中国工商银行', 'N', 'N', 'Y', 'N', '1');
INSERT INTO `CIFPAY_BANK` VALUES ('JLB', '吉林银行', 'N', 'N', 'N', 'N', '1');
INSERT INTO `CIFPAY_BANK` VALUES ('JSB', '江苏银行', 'N', 'N', 'N', 'N', '1');
INSERT INTO `CIFPAY_BANK` VALUES ('LJB', '龙江银行', 'N', 'N', 'N', 'N', '1');
INSERT INTO `CIFPAY_BANK` VALUES ('NBB', '宁波银行', 'N', 'N', 'N', 'N', '1');
INSERT INTO `CIFPAY_BANK` VALUES ('NJB', '南京银行', 'N', 'N', 'N', 'N', '1');
INSERT INTO `CIFPAY_BANK` VALUES ('PAB', '平安银行', 'Y', 'Y', 'N', 'Y', '1');
INSERT INTO `CIFPAY_BANK` VALUES ('PSBC', '中国邮政储蓄银行', 'N', 'N', 'N', 'N', '1');
INSERT INTO `CIFPAY_BANK` VALUES ('QDB', '青岛银行', 'N', 'N', 'N', 'N', '1');
INSERT INTO `CIFPAY_BANK` VALUES ('QLB', '齐鲁银行', 'N', 'N', 'N', 'N', '1');
INSERT INTO `CIFPAY_BANK` VALUES ('SHB', '上海银行', 'N', 'N', 'N', 'N', '1');
INSERT INTO `CIFPAY_BANK` VALUES ('SHNSB', '上海农商银行', 'N', 'N', 'N', 'N', '1');
INSERT INTO `CIFPAY_BANK` VALUES ('SPDB', '上海浦东发展银行', 'N', 'N', 'N', 'N', '1');
INSERT INTO `CIFPAY_BANK` VALUES ('SZNSB', '深圳农村商业银行', 'N', 'N', 'N', 'N', '1');
INSERT INTO `CIFPAY_BANK` VALUES ('TJB', '天津银行', 'N', 'N', 'N', 'N', '1');
INSERT INTO `CIFPAY_BANK` VALUES ('ZSB', '浙商银行', 'N', 'N', 'N', 'N', '1');
INSERT INTO `CIFPAY_BANK` VALUES ('ZZB', '郑州银行', 'N', 'N', 'N', 'N', '1');

-- ----------------------------
-- Table structure for CIFPAY_BUS_LOCK_CTRL
-- ----------------------------
DROP TABLE IF EXISTS `CIFPAY_BUS_LOCK_CTRL`;
CREATE TABLE `CIFPAY_BUS_LOCK_CTRL` (
  `BUSINESS_TYPE` varchar(32) COLLATE utf8_bin NOT NULL COMMENT '业务类型：  UPDATE_LC 更新银信证，对应的业务编号是LC_ID； SEND_LC_NOTICE 发送银信证通知，对应的业务编号是NOTICE_ID； SEND_TRADE_CHN_MSG 往交易渠道发送报文，对应的业务编号是MSG_ID',
  `BUSINESS_NO` varchar(100) COLLATE utf8_bin NOT NULL COMMENT '业务编号：例如银信证ID、银信证通知ID、交易渠道报文ID',
  `LOCKED_DT` datetime NOT NULL COMMENT '锁定时间',
  `LOCKED_BY` varchar(256) COLLATE utf8_bin NOT NULL COMMENT '锁持有者',
  PRIMARY KEY (`BUSINESS_TYPE`,`BUSINESS_NO`)
) ENGINE=InnoDB DEFAULT CHARSET=utf8 COLLATE=utf8_bin COMMENT='业务锁控制表，通过业务类型+业务编号为界定一笔业务操作，从而用以控制分布式环境下的并发处理。应用层在进行业务操作前，先通';

-- ----------------------------
-- Records of CIFPAY_BUS_LOCK_CTRL
-- ----------------------------

-- ----------------------------
-- Table structure for CIFPAY_LC
-- ----------------------------
DROP TABLE IF EXISTS `CIFPAY_LC`;
CREATE TABLE `CIFPAY_LC` (
  `LC_ID` varchar(64) COLLATE utf8_bin NOT NULL COMMENT '银信证ID',
  `MER_ID` varchar(32) COLLATE utf8_bin NOT NULL COMMENT '商户ID',
  `TRADE_CHN_ID` varchar(15) COLLATE utf8_bin NOT NULL COMMENT '交易渠道ID',
  `LC_NO` varchar(100) COLLATE utf8_bin NOT NULL COMMENT '银信证展示编号',
  `LC_TYPE` varchar(10) COLLATE utf8_bin NOT NULL COMMENT '银信证型号：例如CP300、CP500等',
  `LC_CCY` varchar(5) COLLATE utf8_bin NOT NULL COMMENT '银信证开证币别：例如RMB',
  `LC_AMT` decimal(19,2) NOT NULL COMMENT '银信证开证金额',
  `LC_FROZEN_AMT` decimal(19,2) NOT NULL DEFAULT '0.00' COMMENT '银信证冻结金额',
  `LC_BALANCE` decimal(19,2) NOT NULL COMMENT '银信证可用余额',
  `REF_REQ_OPEN_DT` datetime NOT NULL COMMENT '请求方的开证参考时间',
  `OPEN_METHOD` varchar(2) COLLATE utf8_bin NOT NULL COMMENT '开证方式：10个人网银开证，20企业网银开证，30非UI交互开证',
  `PAYER_TYPE` char(1) COLLATE utf8_bin NOT NULL COMMENT '付款方类型：1个人，2企业',
  `PAYER_ID` varchar(100) COLLATE utf8_bin DEFAULT NULL COMMENT '付款方ID：若付款方类型为“个人”，则付款方ID对应为个人的用户ID或手机号；若为付款方类型为“商户”，则对应为商户的ID',
  `PAYER_BANK_CODE` varchar(32) COLLATE utf8_bin NOT NULL COMMENT '付款方银行代码',
  `PAYER_BANK_NAME` varchar(100) COLLATE utf8_bin DEFAULT NULL COMMENT '付款方银行名称，冗余字段',
  `PAYER_BANK_ACCT` varchar(100) COLLATE utf8_bin DEFAULT NULL COMMENT '付款方银行账号，选填',
  `PAY_BANK_TXN_NO` varchar(100) COLLATE utf8_bin DEFAULT NULL COMMENT '付款方银行交易流水号，开证完成后，银行或第三方交易渠道返回的交易流水号',
  `OPEN_RESULT_UI_CB_URL` varchar(512) COLLATE utf8_bin DEFAULT NULL COMMENT 'UI响应式开证回调URL，若为纯API后台开证，则该字段可选',
  `OPEN_RESULT_ASYNC_CB_URL` varchar(512) COLLATE utf8_bin NOT NULL COMMENT '开证结果异步回调URL，开证完成后，银信证平台系统固定会通过该URL将开证结果通知请求方系统',
  `LC_STATE_NOTIFY_URL` varchar(512) COLLATE utf8_bin DEFAULT NULL COMMENT '银信证状态变更通知URL',
  `LC_OPEN_FINISH_DT` datetime DEFAULT NULL COMMENT '开证完成时间：指银信证完成开证后的交易时间',
  `LC_STATE` varchar(32) COLLATE utf8_bin NOT NULL COMMENT '银信证当前状态：10初始化，11开证交易过期已关闭，20已开证，30已收证，40已履约（已提示解付），50付款方已签收（收款方已申请解付），60失效已退回付款方，70已主动解付，71失效已解付',
  `CURR_STATE_VALID_DT` datetime DEFAULT NULL COMMENT '当前状态有效期',
  `LC_VALID_DT` datetime DEFAULT NULL COMMENT '银信证有效截止日期',
  `REF_ORDER_NO` varchar(32) COLLATE utf8_bin NOT NULL COMMENT '参考订单号（交易订单号）',
  `REF_ORDER_SUMMARY` varchar(100) COLLATE utf8_bin NOT NULL COMMENT '参考订单概要',
  `PAYEE_TYPE` char(1) COLLATE utf8_bin DEFAULT NULL COMMENT '收款方类型：1-商户，2-个人',
  `PAYEE_ID` varchar(100) COLLATE utf8_bin DEFAULT NULL COMMENT '收款方ID：若收款方类别为“商户”时，则“收款方ID”对应为收款商户的ID，若收款方类型为“个人”，则“收款方ID”对应为收款个人的用户ID或手机号',
  `PAYEE_BANK_CODE` varchar(32) COLLATE utf8_bin DEFAULT NULL COMMENT '收款方银行代码',
  `PAYEE_BANK_NAME` varchar(100) COLLATE utf8_bin DEFAULT NULL COMMENT '收款方银行名称，冗余字段',
  `PAYEE_BANK_ACCT` varchar(100) COLLATE utf8_bin DEFAULT NULL COMMENT '收款方银行账号',
  `PAYEE_BANK_TXN_NO` varchar(100) COLLATE utf8_bin DEFAULT NULL COMMENT '收款行交易流水号：交易资金成功划出后，收款行返回的交易流水号；（未来规划）如果该银信证支持是分多次划出，则该字段留空',
  `CLEAR_COMPLETED_FLAG` char(1) COLLATE utf8_bin NOT NULL DEFAULT '0' COMMENT '是否已清算：Y已完成清算，N尚未清算',
  `CLEAR_COMPLETED_DT` datetime DEFAULT NULL COMMENT '清算日期',
  `CREATED_DT` datetime NOT NULL COMMENT '创建时间',
  `UPDATED_DT` datetime DEFAULT NULL COMMENT '更新时间',
  `REC_VALIDATE_HASH` varchar(64) COLLATE utf8_bin DEFAULT NULL COMMENT '数据校验码',
  `CHECK_RESULT` varchar(8) COLLATE utf8_bin DEFAULT NULL COMMENT '对账结果',
  `CHECK_STATUS` int(1) DEFAULT '0' COMMENT '对账状态',
  `CHECK_TIME` datetime DEFAULT NULL COMMENT '对账时间',
  `BANK_FILE_DATE` varchar(10) COLLATE utf8_bin DEFAULT NULL COMMENT '对账文件日期',
  PRIMARY KEY (`LC_ID`)
) ENGINE=InnoDB DEFAULT CHARSET=utf8 COLLATE=utf8_bin COMMENT='银信证表';

-- ----------------------------
-- Records of CIFPAY_LC
-- ----------------------------
INSERT INTO `CIFPAY_LC` VALUES ('0022bde2a26040d7ab80cdc460be11fc', '1000001', 'cifpay', 'PAB*010.00CNY*bzY8SUeyN7gHKVubdcTP3', 'CP301', 'CNY', '10.00', '0.00', '10.00', '2015-12-03 22:00:17', '10', '1', null, 'PAB', null, null, null, 'http://127.0.0.1:8084/lcmock-merchant-site/recharge/callback', 'http://127.0.0.1:8084/lcmock-merchant-site/recharge/notify', 'http://127.0.0.1:8084/lcmock-merchant-site/recharge/notify', null, 'CREDIT_TO_OPEN', '2016-04-21 17:46:38', null, '20160420174635606064', '红包充值', '2', null, 'PAB', null, null, null, 'N', null, '2016-04-20 17:46:38', null, null, null, '0', null, null);
INSERT INTO `CIFPAY_LC` VALUES ('0099c28320f145eeae20b346ea91fd9f', '1000001', 'BANK_ENT_ICBC', '中国工行银行*1,000.88CNY*131684936816329', 'CP902', 'CNY', '100088.00', '0.00', '100088.00', '2016-03-28 11:28:41', '30', '2', '1000001', 'ICBC', 'ICBC', '400090001604411', null, null, 'http://www.helloxxx.com.xx/withdraw/notify', null, '2016-03-29 16:52:04', '12', '2016-03-29 16:52:04', null, 'W0e39210cbb67', '提现测试', '1', '13800138000', 'ICBC', 'ICBC', '4000020829200148508', null, 'N', null, '2016-03-29 16:52:01', '2016-03-29 16:52:04', null, null, '0', null, null);
INSERT INTO `CIFPAY_LC` VALUES ('00d78443c7314837b7dd6b64a24b1306', '1000001', 'BANK_ENT_ICBC', '中国工行银行*0.01CNY*61841838216418', 'CP902', 'CNY', '1.00', '0.00', '1.00', '2016-04-18 10:44:39', '30', '2', '1000001', 'ICBC', 'ICBC', '400090001604411', null, null, 'http://192.168.59.237:9080/withdraw/notify', null, '2016-04-18 11:03:14', '12', '2016-04-18 11:03:14', null, 'W1460947479570', '提现测试', '1', '1002', 'ICBC', 'ICBC', '4000020829200148508', null, 'N', null, '2016-04-18 11:03:14', '2016-04-18 11:03:14', null, null, '0', null, null);
INSERT INTO `CIFPAY_LC` VALUES ('0108d1c509944a368535185f703697e5', '1000001', 'BANK_ENT_ICBC', '中国工行银行*0.01CNY*58769328316401', 'CP902', 'CNY', '1.00', '0.00', '1.00', '2016-04-01 10:21:47', '30', '2', '1000001', 'ICBC', 'ICBC', '400090001604411', null, null, 'http://www.helloxxx.com.xx/withdraw/notify', null, '2016-04-01 10:57:24', '12', '2016-04-01 10:57:24', null, 'W1459477307963', '提现测试', '1', '13800138000', 'PAB', 'PAB', '4000020829200148508', null, 'N', null, '2016-04-01 10:57:19', '2016-04-01 10:57:24', null, null, '0', null, null);
INSERT INTO `CIFPAY_LC` VALUES ('0233a2ed724140d6906a602387c652cd', '1000001', 'BANK_ENT_ICBC', '中国工行银行*0.01CNY*91733158916329', 'CP902', 'CNY', '1.00', '0.00', '1.00', '2016-03-29 09:38:03', '30', '2', '1000001', 'ICBC', 'ICBC', '400090001604411', null, null, 'http://www.helloxxx.com.xx/withdraw/notify', null, '2016-03-29 16:51:03', '12', '2016-03-29 16:51:03', null, 'W1459215483249', '提现测试', '1', '13800138000', 'ICBC', 'ICBC', '4000020829200148508', null, 'N', null, '2016-03-29 16:51:01', '2016-03-29 16:51:03', null, null, '0', null, null);
INSERT INTO `CIFPAY_LC` VALUES ('03371645a4664d3495a3cbcb85e81965', '1000001', 'BANK_ENT_ICBC', '中国工行银行*0.01CNY*149810401216420', 'CP902', 'CNY', '1.00', '0.00', '0.00', '2016-04-20 14:03:08', '30', '2', '1000001', 'ICBC', 'ICBC', '400090001604411', 'CMM595446884', null, 'http://192.168.59.90:8080/starwish-portal/interface/starwish/withdrawNoticeUrl', null, '2016-04-20 14:04:01', '70', '2099-12-31 23:59:59', null, 'Daa5b06bd68be', 'drawMoney', '1', '225', 'ICBC', 'ICBC', '4000020829200148508', 'CMM595446884', 'N', null, '2016-04-20 14:03:40', '2016-04-20 14:04:01', null, null, '0', null, null);
INSERT INTO `CIFPAY_LC` VALUES ('0356651c4c5a466aafcfa7f780131f89', '1000001', 'THIRD_PAY', '银信证*0.01RMB*1000001Cbda266802073', 'CP300', 'CNY', '1.00', '1.00', '0.00', '2016-04-16 16:34:28', '30', '1', '225', 'ALIPAY', null, null, null, 'http://192.168.59.104:8080/starwish-portal/interface/starwish/rechargeReturnUrl?requestId=aeccddadd04e48379ea02f8cd71c5514', 'http://192.168.59.104:8080/starwish-portal/interface/starwish/rechargeNoticeUrl', null, '2016-04-16 16:34:28', '10', null, '2016-04-16 23:59:59', '163211234820160416163428476', '充值', '2', '2088221310230022', 'ALIPAY', null, 'admin@et2t.com', null, 'N', null, '2016-04-16 16:34:28', '2016-04-16 16:34:28', 'aeccddadd04e48379ea02f8cd71c5514', null, '0', null, null);
INSERT INTO `CIFPAY_LC` VALUES ('03d60986b84b41edbad2cf9b374c42e8', '1000001', 'BANK_ENT_ICBC', '中国工行银行*0.01CNY*128229048916418', 'CP902', 'CNY', '1.00', '0.00', '1.00', '2016-04-18 13:40:39', '30', '2', '1000001', 'ICBC', 'ICBC', '400090001604411', null, null, 'http://192.168.59.237:9080/withdraw/notify', null, '2016-04-18 16:02:27', '12', '2016-04-18 16:02:27', null, 'W1460958039313', '提现测试', '1', '1002', 'ICBC', 'ICBC', '4000020829200148508', null, 'N', null, '2016-04-18 16:02:23', '2016-04-18 16:02:27', null, null, '0', null, null);
INSERT INTO `CIFPAY_LC` VALUES ('041e0999d32c480e8c3e27ea254ba272', '1000001', 'BANK_ENT_ICBC', '中国工行银行*0.01CNY*40457361116418', 'CP902', 'CNY', '1.00', '0.00', '1.00', '2016-04-18 11:12:40', '30', '2', '1000001', 'ICBC', 'ICBC', '400090001604411', null, null, 'http://192.168.59.237:9080/withdraw/notify', null, '2016-04-18 11:17:43', '12', '2016-04-18 11:17:43', null, 'W1460949160276', '提现测试', '1', '1002', 'ICBC', 'ICBC', '4000020829200148508', null, 'N', null, '2016-04-18 11:17:43', '2016-04-18 11:17:43', null, null, '0', null, null);
INSERT INTO `CIFPAY_LC` VALUES ('04400c05ae4447bdae29e1bcee32c279', '1000001', 'THIRD_PAY', '银信证*0.01RMB*1000001W8ea1512b2199', 'CP300', 'CNY', '1.00', '1.00', '0.00', '2016-04-15 19:46:18', '30', '1', '1002', 'ALIPAY', null, null, null, 'http://192.168.59.90:8080/starwish-portal/interface/starwish/rechargeReturnUrl', 'http://192.168.59.90:8080/starwish-portal/interface/starwish/rechargeNoticeUrl', null, '2016-04-15 19:46:18', '10', null, '2016-04-15 23:59:59', '30441754520160415194618252', '充值测试', '2', '2088221310230022', 'ALIPAY', null, 'admin@et2t.com', null, 'N', null, '2016-04-15 19:46:18', '2016-04-15 19:46:18', '123456', null, '0', null, null);
INSERT INTO `CIFPAY_LC` VALUES ('047379b62eb8478693b0c2db43009200', '1000001', 'cifpay', 'PAB*030.00CNY*rGhVmVXt7R2rTBdmvp2Ao', 'CP500', 'CNY', '30.00', '0.00', '30.00', '2015-12-03 22:00:16', '10', '1', null, 'PAB', null, null, null, 'http://127.0.0.1:8084/lcmock-merchant-site/recharge/callback', 'http://127.0.0.1:8084/lcmock-merchant-site/recharge/notify', 'http://127.0.0.1:8084/lcmock-merchant-site/recharge/notify', null, 'CREDIT_TO_OPEN', '2016-04-21 16:34:28', null, '20160420163316342132', '雨伞1把30块', '2', null, 'PAB', null, null, null, 'N', null, '2016-04-20 16:34:28', null, null, null, '0', null, null);
INSERT INTO `CIFPAY_LC` VALUES ('04b6bd2c65ae42c88b2985a7608db845', '1000001', 'BANK_ENT_ICBC', '中国工行银行*0.01CNY*114881197016401', 'CP902', 'CNY', '1.00', '0.00', '1.00', '2016-04-01 16:10:38', '30', '2', '1000001', 'ICBC', 'ICBC', '400090001604411', null, null, 'http://192.168.59.237:9080/withdraw/notify', null, '2016-04-01 16:34:48', '12', '2016-04-01 16:34:48', null, 'W1459498238178', '提现测试', '1', '13800138000', 'PAB', 'PAB', '4000020829200148508', null, 'N', null, '2016-04-01 16:34:44', '2016-04-01 16:34:48', null, null, '0', null, null);
INSERT INTO `CIFPAY_LC` VALUES ('04d8dc68187548d88a48b3205efc95c1', '1000001', 'THIRD_PAY', '银信证*10.00RMB*100000120160421142419760855', 'CP300', 'CNY', '1000.00', '1000.00', '0.00', '2016-04-21 14:24:43', '30', '1', '1154545', 'ALIPAY', null, null, null, 'http://127.0.0.1:8084/lcmock-merchant-site/recharge/callback', 'http://127.0.0.1:8084/lcmock-merchant-site/recharge/notify', null, '2016-04-21 14:24:43', '10', null, '2016-04-21 23:59:59', '124047698320160421142442566', '红包充值', '2', '2088221310230022', 'ALIPAY', null, 'admin@et2t.com', null, 'N', null, '2016-04-21 14:24:43', '2016-04-21 14:24:43', '6214995558', null, '0', null, null);
INSERT INTO `CIFPAY_LC` VALUES ('052ae883e898404191d75e3daf517145', '1000001', 'cifpay', 'PAB*010.00CNY*v4AQJe84YymKqeqooTERv', 'CP301', 'CNY', '10.00', '0.00', '10.00', '2015-12-03 22:00:11', '10', '1', null, 'PAB', null, null, null, 'http://127.0.0.1:8082/cifpaylc-gateway/oldlc/returnOpenView', 'http://192.168.59.238:8082/cifpaylc-gateway/oldlc/notice', 'http://192.168.59.238:8082/cifpaylc-gateway/oldlc/notice', null, 'CREDIT_TO_OPEN', '2016-04-21 11:35:14', null, '20160420113510708628', '红包充值', '2', null, 'PAB', null, null, null, 'N', null, '2016-04-20 11:35:14', null, null, null, '0', null, null);
INSERT INTO `CIFPAY_LC` VALUES ('05d911ddc2ac42c4b63168ebef7faeb0', '1000001', 'BANK_ENT_ICBC', '中国工行银行*1,000.88CNY*44923368316329', 'CP902', 'CNY', '100088.00', '0.00', '0.00', '2016-03-28 11:28:41', '30', '2', '1000001', 'ICBC', 'ICBC', '400090001604411', 'CMM593576884', null, 'http://192.168.51.184:8080/cifbill/pay/withdrawNoticeUrl', null, '2016-03-29 09:53:38', '70', '2099-12-31 23:59:59', null, 'W81cdb3e6391c', '提现测试', '1', '13800138000', 'ICBC', 'ICBC', '4000020829200148508', 'CMM593576884', 'N', null, '2016-03-29 09:52:58', '2016-03-29 09:53:38', null, null, '0', null, null);
INSERT INTO `CIFPAY_LC` VALUES ('05f8f03dce33450998bc777b84f24723', '1000001', 'BANK_ENT_ICBC', '中国工行银行*0.01CNY*8354378716419', 'CP902', 'CNY', '1.00', '0.00', '0.00', '2016-04-19 10:23:47', '30', '2', '1000001', 'ICBC', 'ICBC', '400090001604411', 'CMM595156906', null, 'http://192.168.59.90:8080/starwish-portal/interface/starwish/withdrawNoticeUrl', null, '2016-04-19 10:18:25', '70', '2099-12-31 23:59:59', null, 'D9d0c6b19126c', 'drawMoney', '1', '225', 'ICBC', 'ICBC', '4000020829200148508', 'CMM595156906', 'N', null, '2016-04-19 10:18:20', '2016-04-19 10:18:25', null, null, '0', null, null);
INSERT INTO `CIFPAY_LC` VALUES ('0670be7b6ab24a1987d2ea483b6aac8d', '1000001', 'THIRD_PAY', '银信证*999.00RMB*1000001C79a1cc08df00', 'CP300', 'CNY', '99900.00', '99900.00', '0.00', '2016-04-16 17:40:00', '30', '1', '225', 'ALIPAY', null, null, null, 'http://192.168.59.104:8080/starwish-portal/interface/starwish/rechargeReturnUrl?requestId=103cc725ce8c4f39ac7085c5d6acf4a4', 'http://192.168.59.104:8080/starwish-portal/interface/starwish/rechargeNoticeUrl', null, '2016-04-16 17:40:00', '10', null, '2016-04-16 23:59:59', '118547982220160416173959700', '充值', '2', '2088221310230022', 'ALIPAY', null, 'admin@et2t.com', null, 'N', null, '2016-04-16 17:40:00', '2016-04-16 17:40:00', '103cc725ce8c4f39ac7085c5d6acf4a4', null, '0', null, null);
INSERT INTO `CIFPAY_LC` VALUES ('06ccf3fbce2f4d19b0ab6a0ee08d62e2', '1000001', 'BANK_ENT_ICBC', '中国工行银行*0.01CNY*167796296416401', 'CP902', 'CNY', '1.00', '0.00', '1.00', '2016-04-01 16:57:21', '30', '2', '1000001', 'ICBC', 'ICBC', '400090001604411', null, null, 'http://192.168.59.237:9080/withdraw/notify', null, '2016-04-01 17:06:35', '12', '2016-04-01 17:06:35', null, 'W1459501041244', '提现测试', '1', '13800138000', 'PAB', 'PAB', '4000020829200148508', null, 'N', null, '2016-04-01 17:01:56', '2016-04-01 17:06:35', null, null, '0', null, null);
INSERT INTO `CIFPAY_LC` VALUES ('0771d74311c443ff9685e485c2ca7fb0', '1000001', 'BANK_ENT_ICBC', '中国工行银行*1,000.88CNY*102487096316329', 'CP902', 'CNY', '100088.00', '0.00', '100088.00', '2016-03-28 11:28:41', '30', '2', '1000001', 'ICBC', 'ICBC', '400090001604411', null, null, 'http://www.helloxxx.com.xx/withdraw/notify', null, null, '10', '2016-03-30 10:03:47', null, 'Wf2c861c1000e', '提现测试', '1', '13800138000', 'ICBC', 'ICBC', '4000020829200148508', null, 'N', null, '2016-03-29 10:03:47', null, null, null, '0', null, null);
INSERT INTO `CIFPAY_LC` VALUES ('0877d4ca8d5d4ef29cf66fdb7adf5f76', '1000001', 'cifpay', 'PAB*030.00CNY*b8apT2CXvLwrCvy4BT8tW3', 'CP301', 'CNY', '30.00', '0.00', '30.00', '2015-12-02 22:02:18', '10', '1', null, 'PAB', null, null, null, 'http://127.0.0.1:8083/lcmock-merchant-site/recharge/callback', 'http://127.0.0.1:8083/lcmock-merchant-site/recharge/notify', 'http://127.0.0.1:8083/lcmock-merchant-site/recharge/notify', null, 'CREDIT_TO_OPEN', '2016-03-23 18:09:28', null, '201632218925540892', '雨伞1把30块', '2', null, 'PAB', null, null, null, 'N', null, '2016-03-22 18:09:28', null, null, null, '0', null, null);
INSERT INTO `CIFPAY_LC` VALUES ('092e5bcde3654e8bba1afdfd95ef3bcd', '1000001', 'THIRD_PAY', '银信证*999.00RMB*1000001C39fb9af62582', 'CP300', 'CNY', '99900.00', '99900.00', '0.00', '2016-04-16 17:33:47', '30', '1', '225', 'ALIPAY', null, null, null, 'http://192.168.59.104:8080/starwish-portal/interface/starwish/rechargeReturnUrl?requestId=dc13c37969284984913747679c69e495', 'http://192.168.59.104:8080/starwish-portal/interface/starwish/rechargeNoticeUrl', null, '2016-04-16 17:33:47', '10', null, '2016-04-16 23:59:59', '123805405820160416173347427', '充值', '2', '2088221310230022', 'ALIPAY', null, 'admin@et2t.com', null, 'N', null, '2016-04-16 17:33:47', '2016-04-16 17:33:47', 'dc13c37969284984913747679c69e495', null, '0', null, null);
INSERT INTO `CIFPAY_LC` VALUES ('0962bfce1fb74e41b6fc90b87c7884e4', '1000001', 'BANK_ENT_ICBC', '中国工行银行*0.01CNY*53367074516328', 'CP902', 'CNY', '1.00', '0.00', '0.00', '2016-03-28 14:38:52', '30', '2', '1000001', 'ICBC', 'ICBC', '400090001604411', 'CMM593456885', null, 'http://www.helloxxx.com.xx/withdraw/notify', null, '2016-03-28 14:38:38', '70', '2099-12-31 23:59:59', null, 'W1459147132418', '提现测试', '1', '13800138000', 'ICBC', 'ICBC', '4000020829200148508', 'CMM593456885', 'N', null, '2016-03-28 14:38:32', '2016-03-28 14:38:38', null, null, '0', null, null);
INSERT INTO `CIFPAY_LC` VALUES ('09bdd932eb23433e89641633278bdd44', '1000001', 'THIRD_PAY', '银信证*0.01RMB*1000001W2016032811285', 'CP300', 'CNY', '1.00', '1.00', '0.00', '2016-04-15 16:12:21', '30', '1', '10000', 'ALIPAY', null, null, null, 'http://192.168.59.73:8080/starwish-portal/interface/starwish/getRechargeResult', 'http://192.168.59.73:8080/starwish-portal/interface/starwish/noticeRechargeResult', null, '2016-04-15 16:12:21', '10', null, '2016-04-15 23:59:59', '8731586872016041516122126', '充值测试', '2', '2088221310230022', 'ALIPAY', null, 'admin@et2t.com', null, 'N', null, '2016-04-15 16:12:21', '2016-04-15 16:12:21', '123456', null, '0', null, null);
INSERT INTO `CIFPAY_LC` VALUES ('0a774db9f0f34f2992056a6ebd6850b6', '1000001', 'THIRD_PAY', '银信证*0.01RMB*1000001W1f9165c67d7f', 'CP300', 'CNY', '1.00', '1.00', '0.00', '2016-03-29 13:54:29', '30', '1', '1000001', 'ALIPAY', null, null, null, 'http://192.168.51.184:8080/cifbill/pay/chargeReturnUrl', 'http://192.168.51.184:8080/cifbill/pay/chargeNoticeUrl', null, '2016-03-29 13:54:29', '10', null, '2016-03-29 23:59:59', '30968475520160329135428898', 'test', '2', '2088221310230022', 'ALIPAY', null, 'admin@et2t.com', null, 'N', null, '2016-03-29 13:54:29', '2016-03-29 13:54:29', '123456', null, '0', null, null);
INSERT INTO `CIFPAY_LC` VALUES ('0abdccc4066043728c44b8bb1e520a7a', '1000001', 'BANK_ENT_ICBC', '中国工行银行*1,000.88CNY*133272837316329', 'CP902', 'CNY', '100088.00', '0.00', '100088.00', '2016-03-28 11:28:41', '30', '2', '1000001', 'ICBC', 'ICBC', '400090001604411', null, null, 'http://www.helloxxx.com.xx/withdraw/notify', null, '2016-03-29 16:56:06', '12', '2016-03-29 16:56:06', null, 'W49c6dbf682be', '提现测试', '1', '13800138000', 'ICBC', 'ICBC', '4000020829200148508', null, 'N', null, '2016-03-29 16:54:07', '2016-03-29 16:56:06', null, null, '0', null, null);
INSERT INTO `CIFPAY_LC` VALUES ('0b38d749a3f042148e6d4a285c966bc2', '1000001', 'BANK_ENT_ICBC', '中国工行银行*0.01CNY*192099350416415', 'CP902', 'CNY', '1.00', '0.00', '1.00', '2016-04-15 14:33:53', '30', '2', '1000001', 'ICBC', 'ICBC', '400090001604411', null, null, 'http://192.168.59.237:9080/withdraw/notify', null, null, '10', '2016-04-16 14:34:19', null, 'W1460702033305', '提现测试', '1', '1002', 'ICBC', 'ICBC', '4000020829200148508', null, 'N', null, '2016-04-15 14:34:19', null, null, null, '0', null, null);
INSERT INTO `CIFPAY_LC` VALUES ('0bc9bb1101d040f6a0fac80ffe0912a0', '1000001', 'BANK_ENT_ICBC', '中国工行银行*1,000.88CNY*87287019416329', 'CP902', 'CNY', '100088.00', '0.00', '100088.00', '2016-03-28 11:28:41', '30', '2', '1000001', 'ICBC', 'ICBC', '400090001604411', null, null, 'http://www.helloxxx.com.xx/withdraw/notify', null, null, '10', '2016-03-30 16:58:25', null, 'W78a4d9373732', '提现测试', '1', '13800138000', 'ICBC', 'ICBC', '4000020829200148508', null, 'N', null, '2016-03-29 16:58:25', null, null, null, '0', null, null);
INSERT INTO `CIFPAY_LC` VALUES ('0c67f749e1ee4ef3aca0914ee7c46d9a', '111111', 'THIRD_PAY', '银信证*0.01RMB*111111orderId3d37f22e07754884ad5dd25ab70bfa59', 'CP300', 'CNY', '1.00', '0.00', '0.00', '2016-03-25 10:22:07', '30', '1', '111111', 'ALIPAY', null, 'zyem126@126.com', '2016032521001004990218198011', 'http://192.168.59.73:8080/starwish-portal/interface/starwish/getRechargeResult', 'http://192.168.59.73:8080/starwish-portal/interface/starwish/noticeRechargeResult', null, '2016-03-25 10:22:07', '70', null, '2016-03-25 23:59:59', '70959096920160325102207472', '付款', '2', '2088221310230022', 'ALIPAY', null, 'admin@et2t.com', null, 'N', null, '2016-03-25 10:22:07', '2016-03-25 10:26:42', '48334097f6c146ac89da4296726cd6d3', null, '0', null, null);
INSERT INTO `CIFPAY_LC` VALUES ('0ce2581fe8eb4462b8879c9ee132d39e', '1000001', 'BANK_ENT_ICBC', '中国工行银行*0.01CNY*115049317316420', 'CP902', 'CNY', '1.00', '0.00', '0.00', '2016-04-20 11:50:30', '30', '2', '1000001', 'ICBC', 'ICBC', '400090001604411', 'CMM595406887', null, 'http://192.168.59.90:8080/starwish-portal/interface/starwish/withdrawNoticeUrl', null, '2016-04-20 11:51:34', '70', '2099-12-31 23:59:59', null, 'D41f79ec4b4cd', 'drawMoney', '1', '225', 'ICBC', 'ICBC', '4000020829200148508', 'CMM595406887', 'N', null, '2016-04-20 11:51:28', '2016-04-20 11:51:34', null, null, '0', null, null);
INSERT INTO `CIFPAY_LC` VALUES ('0d2bde385f6440679a0db775d2b4ecc7', '1000001', 'BANK_ENT_ICBC', '中国工行银行*0.01CNY*73658795916418', 'CP902', 'CNY', '1.00', '0.00', '1.00', '2016-04-18 13:40:39', '30', '2', '1000001', 'ICBC', 'ICBC', '400090001604411', null, null, 'http://192.168.59.237:9080/withdraw/notify', null, '2016-04-18 16:04:30', '12', '2016-04-18 16:04:30', null, 'W1460958039313', '提现测试', '1', '1002', 'ICBC', 'ICBC', '4000020829200148508', null, 'N', null, '2016-04-18 16:04:29', '2016-04-18 16:04:30', null, null, '0', null, null);
INSERT INTO `CIFPAY_LC` VALUES ('0d550696e0494a91ab5c416839fa0ba4', '1000001', 'BANK_ENT_ICBC', '中国工行银行*1,000.88CNY*150192764816415', 'CP902', 'CNY', '100088.00', '0.00', '100088.00', '2016-03-28 11:28:41', '30', '2', '1000001', 'ICBC', 'ICBC', '400090001604411', null, null, 'http://www.helloxxx.com.xx/withdraw/notify', null, '2016-04-15 15:13:08', '12', '2016-04-15 15:13:08', null, 'W850a050beed2', '提现测试', '1', '13800138000', 'ICBC', 'ICBC', '4000020829200148508', null, 'N', null, '2016-04-15 15:08:41', '2016-04-15 15:13:08', null, null, '0', null, null);
INSERT INTO `CIFPAY_LC` VALUES ('0d7a61952d3e4663835d641c6040a211', '1000001', 'THIRD_PAY', '银信证*0.01RMB*1000001W2016045622889', 'CP300', 'CNY', '1.00', '1.00', '0.00', '2016-04-15 18:01:46', '30', '1', '1002', 'ALIPAY', null, null, null, 'http://192.168.59.90:8080/starwish-portal/interface/starwish/rechargeReturnUrl', 'http://192.168.59.90:8080/starwish-portal/interface/starwish/rechargeNoticeUrl', null, '2016-04-15 18:01:46', '10', null, '2016-04-15 23:59:59', '133918559320160415180145727', '充值测试', '2', '2088221310230022', 'ALIPAY', null, 'admin@et2t.com', null, 'N', null, '2016-04-15 18:01:46', '2016-04-15 18:01:46', '123456', null, '0', null, null);
INSERT INTO `CIFPAY_LC` VALUES ('10521a21dc5542e8b9dec276cb28adda', '1000001', 'cifpay', 'PAB*010.00CNY*vNYuYNWEshgKDnAgzJTXu4', 'CP301', 'CNY', '10.00', '0.00', '10.00', '2015-12-03 22:01:09', '10', '1', null, 'PAB', null, null, null, 'http://127.0.0.1:8084/lcmock-merchant-site/recharge/callback', 'http://127.0.0.1:8084/lcmock-merchant-site/recharge/notify', 'http://127.0.0.1:8084/lcmock-merchant-site/recharge/notify', null, 'CREDIT_TO_OPEN', '2016-04-22 09:52:14', null, '20160421095211812695', '红包充值', '2', null, 'PAB', null, null, null, 'N', null, '2016-04-21 09:52:14', null, null, null, '0', null, null);
INSERT INTO `CIFPAY_LC` VALUES ('106012644b7e4c5ba49a2b136641a741', '1000001', 'cifpay', 'CIB*030.00CNY*YuppD89zwwnHyXyAiMz5v4', 'CP500', 'CNY', '30.00', '0.00', '30.00', '2015-12-02 22:03:10', '10', '1', null, 'CIB', null, null, null, 'http://127.0.0.1:8083/lcmock-merchant-site/recharge/callback', 'http://127.0.0.1:8083/lcmock-merchant-site/recharge/notify', 'http://127.0.0.1:8083/lcmock-merchant-site/recharge/notify', null, 'CREDIT_TO_OPEN', '2016-03-24 10:20:13', null, '201632310208491193', '雨伞1把30块', '2', null, 'CIB', null, null, null, 'N', null, '2016-03-23 10:20:13', null, null, null, '0', null, null);
INSERT INTO `CIFPAY_LC` VALUES ('12b2920bf54e442b91a7296a04b9b122', '1000001', 'THIRD_PAY', '银信证*0.01RMB*1000001Cef65630662e1', 'CP300', 'CNY', '1.00', '1.00', '0.00', '2016-04-21 21:04:19', '30', '1', '225', 'ALIPAY', null, null, null, 'http://192.168.59.90:8080/starwish-portal/interface/starwish/rechargeReturnUrl?requestId=8653b24550264dc68aee0d42caf867bd', 'http://192.168.59.90:8080/starwish-portal/interface/starwish/rechargeNoticeUrl', null, '2016-04-21 21:04:19', '10', null, '2016-04-21 23:59:59', '40848164220160421210419149', '我的订单', '2', '2088221310230022', 'ALIPAY', null, 'admin@et2t.com', null, 'N', null, '2016-04-21 21:04:19', '2016-04-21 21:04:19', '8653b24550264dc68aee0d42caf867bd', null, '0', null, null);
INSERT INTO `CIFPAY_LC` VALUES ('12d092bf0145498dbfe3288da3523768', '1000001', 'BANK_ENT_ICBC', '中国工行银行*0.01CNY*188744554616401', 'CP902', 'CNY', '1.00', '0.00', '1.00', '2016-04-01 16:10:38', '30', '2', '1000001', 'ICBC', 'ICBC', '400090001604411', null, null, 'http://192.168.59.237:9080/withdraw/notify', null, '2016-04-01 16:43:30', '12', '2016-04-01 16:43:30', null, 'W1459498238178', '提现测试', '1', '13800138000', 'PAB', 'PAB', '4000020829200148508', null, 'N', null, '2016-04-01 16:43:27', '2016-04-01 16:43:30', null, null, '0', null, null);
INSERT INTO `CIFPAY_LC` VALUES ('13420a46c0354a5886fd588299ed8974', '1000001', 'cifpay', 'PAB*030.00CNY*UysrdYLQ6fSMUt85nDPKS5', 'CP500', 'CNY', '30.00', '0.00', '30.00', '2015-12-02 22:05:10', '10', '1', null, 'PAB', null, null, null, 'http://127.0.0.1:8083/lcmock-merchant-site/recharge/callback', 'http://127.0.0.1:8083/lcmock-merchant-site/recharge/notify', 'http://127.0.0.1:8083/lcmock-merchant-site/recharge/notify', null, 'CREDIT_TO_OPEN', '2016-03-26 10:45:11', null, '20160325104455587668', '雨伞1把30块', '2', null, 'PAB', null, null, null, 'N', null, '2016-03-25 10:45:11', null, null, null, '0', null, null);
INSERT INTO `CIFPAY_LC` VALUES ('145c6f8ca2604d628a42488bfbd2cd36', '1000001', 'BANK_ENT_ICBC', '中国工行银行*0.01CNY*177520365416416', 'CP902', 'CNY', '1.00', '0.00', '1.00', '2016-04-16 12:49:34', '30', '2', '1000001', 'ICBC', 'ICBC', '400090001604411', null, null, 'http://192.168.59.237:9080/withdraw/notify', null, '2016-04-16 12:56:34', '12', '2016-04-16 12:56:34', null, 'W1460782174682', '提现测试', '1', '1002', 'ICBC', 'ICBC', '4000020829200148508', null, 'N', null, '2016-04-16 12:56:28', '2016-04-16 12:56:34', null, null, '0', null, null);
INSERT INTO `CIFPAY_LC` VALUES ('146151daf62347a0b47a613d43790eba', '1000001', 'BANK_ENT_ICBC', '中国工行银行*0.01CNY*37748640916401', 'CP902', 'CNY', '1.00', '0.00', '1.00', '2016-04-01 16:10:38', '30', '2', '1000001', 'ICBC', 'ICBC', '400090001604411', null, null, 'http://192.168.59.237:9080/withdraw/notify', null, '2016-04-01 16:47:45', '12', '2016-04-01 16:47:45', null, 'W1459498238178', '提现测试', '1', '13800138000', 'PAB', 'PAB', '4000020829200148508', null, 'N', null, '2016-04-01 16:44:46', '2016-04-01 16:47:45', null, null, '0', null, null);
INSERT INTO `CIFPAY_LC` VALUES ('149dafb7ee59423eb7dea61608134c77', '1000001', 'THIRD_PAY', '银信证*999.00RMB*1000001Cf4889139eb7c', 'CP300', 'CNY', '99900.00', '99900.00', '0.00', '2016-04-16 17:31:27', '30', '1', '225', 'ALIPAY', null, null, null, 'http://192.168.59.104:8080/starwish-portal/interface/starwish/rechargeReturnUrl?requestId=170a1cc339234a2dba5a8385f362df02', 'http://192.168.59.104:8080/starwish-portal/interface/starwish/rechargeNoticeUrl', null, '2016-04-16 17:31:27', '10', null, '2016-04-16 23:59:59', '33323510920160416173127162', '充值', '2', '2088221310230022', 'ALIPAY', null, 'admin@et2t.com', null, 'N', null, '2016-04-16 17:31:27', '2016-04-16 17:31:27', '170a1cc339234a2dba5a8385f362df02', null, '0', null, null);
INSERT INTO `CIFPAY_LC` VALUES ('14eadfee2c554f97bad897c22e4c064e', '1000001', 'BANK_ENT_ICBC', '中国工行银行*0.01CNY*23396416516416', 'CP902', 'CNY', '1.00', '0.00', '0.00', '2016-04-16 12:49:34', '30', '2', '1000001', 'ICBC', 'ICBC', '400090001604411', 'CMM595096882', null, 'http://192.168.59.237:9080/withdraw/notify', null, '2016-04-16 13:24:09', '70', '2099-12-31 23:59:59', null, 'W1460782174682', '提现测试', '1', '1002', 'ICBC', 'ICBC', '4000020829200148508', 'CMM595096882', 'N', null, '2016-04-16 13:23:51', '2016-04-16 13:24:09', null, null, '0', null, null);
INSERT INTO `CIFPAY_LC` VALUES ('15de04597d5d48f69df4d32ea78ca822', '1000001', 'THIRD_PAY', '银信证*0.01RMB*1000001W201603281122133', 'CP300', 'CNY', '1.00', '1.00', '0.00', '2016-04-15 17:43:45', '30', '1', '1002', 'ALIPAY', null, null, null, 'http://192.168.59.73:8080/starwish-portal/interface/starwish/getRechargeResult', 'http://192.168.59.73:8080/starwish-portal/interface/starwish/noticeRechargeResult', null, '2016-04-15 17:43:45', '10', null, '2016-04-15 23:59:59', '170309921620160415174345260', '充值测试', '2', '2088221310230022', 'ALIPAY', null, 'admin@et2t.com', null, 'N', null, '2016-04-15 17:43:45', '2016-04-15 17:43:45', '123456', null, '0', null, null);
INSERT INTO `CIFPAY_LC` VALUES ('15f444828e154cb4a8b253a7c0021702', '1000001', 'BANK_ENT_ICBC', '中国工行银行*0.01CNY*34006417616419', 'CP902', 'CNY', '1.00', '0.00', '0.00', '2016-04-19 14:17:10', '30', '2', '1000001', 'ICBC', 'ICBC', '400090001604411', 'CMM595336883', null, 'http://192.168.59.237:9080/withdraw/notify', null, '2016-04-19 17:52:17', '70', '2099-12-31 23:59:59', null, 'W1461046630168', '提现测试', '1', '1002', 'ICBC', 'ICBC', '4000020829200148508', 'CMM595336883', 'N', null, '2016-04-19 17:52:11', '2016-04-19 17:52:17', null, null, '0', null, null);
INSERT INTO `CIFPAY_LC` VALUES ('161305dbdd0846898cf53200b7fa69f7', '1000001', 'THIRD_PAY', '银信证*1.00RMB*1000001W2016032811284TY5687687', 'CP300', 'CNY', '100.00', '100.00', '0.00', '2016-04-15 16:09:35', '30', '1', '10000', 'ALIPAY', null, null, null, 'http://192.168.59.73:8080/starwish-portal/interface/starwish/getRechargeResult', 'http://192.168.59.73:8080/starwish-portal/interface/starwish/noticeRechargeResult', null, '2016-04-15 16:09:35', '10', null, '2016-04-15 23:59:59', '211057409820160415160933558', '充值测试', '2', '2088221310230022', 'ALIPAY', null, 'admin@et2t.com', null, 'N', null, '2016-04-15 16:09:35', '2016-04-15 16:09:35', '123456', null, '0', null, null);
INSERT INTO `CIFPAY_LC` VALUES ('171425887628493fb5933513f6bc2e97', '1000001', 'BANK_ENT_ICBC', '中国工行银行*0.01CNY*41262090016418', 'CP902', 'CNY', '1.00', '0.00', '0.00', '2016-04-18 16:09:43', '30', '2', '1000001', 'ICBC', 'ICBC', '400090001604411', 'CMM595136893', null, 'http://192.168.59.237:9080/withdraw/notify', null, '2016-04-18 16:30:16', '70', '2099-12-31 23:59:59', null, 'W1460966983141', '提现测试', '1', '1002', 'ICBC', 'ICBC', '4000020829200148508', 'CMM595136893', 'N', null, '2016-04-18 16:30:07', '2016-04-18 16:30:16', null, null, '0', null, null);
INSERT INTO `CIFPAY_LC` VALUES ('1723c1813a8f477cbdf4dbe6b5707596', '1000001', 'BANK_ENT_ICBC', '中国工行银行*0.01CNY*86934899316418', 'CP902', 'CNY', '1.00', '0.00', '1.00', '2016-04-18 16:09:43', '30', '2', '1000001', 'ICBC', 'ICBC', '400090001604411', null, null, 'http://192.168.59.237:9080/withdraw/notify', null, '2016-04-18 16:25:15', '12', '2016-04-18 16:25:15', null, 'W1460966983141', '提现测试', '1', '1002', 'ICBC', 'ICBC', '4000020829200148508', null, 'N', null, '2016-04-18 16:25:14', '2016-04-18 16:25:15', null, null, '0', null, null);
INSERT INTO `CIFPAY_LC` VALUES ('177b9c25ae2f485a8399dce29fcc9375', '1000001', 'THIRD_PAY', '银信证*0.01RMB*1000001C67d4ec3c5892', 'CP300', 'CNY', '1.00', '1.00', '0.00', '2016-04-16 18:24:39', '30', '1', '225', 'ALIPAY', null, null, null, 'http://192.168.59.104:8080/starwish-portal/interface/starwish/rechargeReturnUrl?requestId=a41dc5d11deb4223bdd9f545d4341b15', 'http://192.168.59.104:8080/starwish-portal/interface/starwish/rechargeNoticeUrl', null, '2016-04-16 18:24:39', '10', null, '2016-04-16 23:59:59', '70616075020160416182439435', '充值', '2', '2088221310230022', 'ALIPAY', null, 'admin@et2t.com', null, 'N', null, '2016-04-16 18:24:39', '2016-04-16 18:24:39', 'a41dc5d11deb4223bdd9f545d4341b15', null, '0', null, null);
INSERT INTO `CIFPAY_LC` VALUES ('17ef90e46f19405ea66d9a21aa7ad346', '1000001', 'BANK_ENT_ICBC', '中国工行银行*0.01CNY*48013956216415', 'CP902', 'CNY', '1.00', '0.00', '1.00', '2016-04-15 17:38:16', '30', '2', '1000001', 'ICBC', 'ICBC', '400090001604411', null, null, 'http://192.168.59.237:9080/withdraw/notify', null, '2016-04-15 17:43:29', '12', '2016-04-15 17:43:29', null, 'W1460713097001', '提现测试', '1', '1002', 'ICBC', 'ICBC', '4000020829200148508', null, 'N', null, '2016-04-15 17:38:29', '2016-04-15 17:43:29', null, null, '0', null, null);
INSERT INTO `CIFPAY_LC` VALUES ('1a32496ee6ea4e1fae702b429a319215', '111111', 'THIRD_PAY', '银信证*0.01RMB*111111orderId9187c8ca9e9248c2b8b6f1c9824337bb', 'CP300', 'CNY', '1.00', '1.00', '0.00', '2016-03-28 14:56:31', '30', '1', '111111', 'ALIPAY', null, null, null, 'http://192.168.59.73:8080/starwish-portal/interface/starwish/getRechargeResult', 'http://192.168.59.73:8080/starwish-portal/interface/starwish/noticeRechargeResult', null, '2016-03-28 14:56:31', '10', null, '2016-03-28 23:59:59', '27052813220160328145630700', '付款', '2', '2088221310230022', 'ALIPAY', null, 'admin@et2t.com', null, 'N', null, '2016-03-28 14:56:31', '2016-03-28 14:56:31', '746b50de8e8742e3be297c88218cd351', null, '0', null, null);
INSERT INTO `CIFPAY_LC` VALUES ('1bb0d884075747ca89929e2518cd3756', '1000001', 'BANK_ENT_ICBC', '1bb0d884075747ca89929e2518cd3756', 'CP902', 'CNY', '0.01', '0.00', '0.01', '2016-03-23 11:28:18', '30', '2', '1000001', 'test', 'test', '400090001604411', null, null, 'http://192.168.59.73:8080/starwish-portal/interface/starwish/noticeDrawMoneyResult', null, '2016-03-23 11:23:20', '12', '2016-03-23 11:23:20', null, '111112', '提现', '1', '13988887777', 'test', 'test', '4000020829200148508', null, 'N', null, '2016-03-23 11:23:20', '2016-03-23 11:23:20', null, null, '0', null, null);
INSERT INTO `CIFPAY_LC` VALUES ('1c9655928dfd44de96bfb24afc92f803', '1000001', 'THIRD_PAY', '银信证*0.01RMB*1000001C19cc2420d537', 'CP300', 'CNY', '1.00', '1.00', '0.00', '2016-04-16 16:27:43', '30', '1', '225', 'ALIPAY', null, null, null, 'http://192.168.59.104:8080/starwish-portal/interface/starwish/user/rechargeReturnUrl?requestId=1c1b0f864792482eaaef6b3839ffecb4', 'http://192.168.59.104:8080/starwish-portal/interface/starwish/user/rechargeNoticeUrl', null, '2016-04-16 16:27:43', '10', null, '2016-04-16 23:59:59', '97281738020160416162742504', '充值', '2', '2088221310230022', 'ALIPAY', null, 'admin@et2t.com', null, 'N', null, '2016-04-16 16:27:43', '2016-04-16 16:27:43', '1c1b0f864792482eaaef6b3839ffecb4', null, '0', null, null);
INSERT INTO `CIFPAY_LC` VALUES ('1d7320d922b44d59b69c809c5c3296f6', '111111', 'THIRD_PAY', '银信证*0.01RMB*111111orderIda39b0b50f50e4d23a576cead38f6131d', 'CP300', 'CNY', '1.00', '1.00', '0.00', '2016-03-26 16:57:51', '30', '1', '111111', 'ALIPAY', null, null, null, 'http://192.168.59.73:8080/starwish-portal/interface/starwish/getRechargeResult', 'http://192.168.59.73:8080/starwish-portal/interface/starwish/noticeRechargeResult', null, '2016-03-26 16:57:51', '10', null, '2016-03-26 23:59:59', '70749903820160326165751450', '付款', '2', '2088221310230022', 'ALIPAY', null, 'admin@et2t.com', null, 'N', null, '2016-03-26 16:57:51', '2016-03-26 16:57:51', '63936182c0864475ba83be5e1522119c', null, '0', null, null);
INSERT INTO `CIFPAY_LC` VALUES ('1e0901e950de40e9b9b14de69bf6de1a', '1000001', 'THIRD_PAY', '银信证*0.01RMB*1000001C0fb7c2ddf403', 'CP300', 'CNY', '1.00', '1.00', '0.00', '2016-04-20 15:22:47', '30', '1', '225', 'ALIPAY', null, null, null, 'http://192.168.59.90:8080/starwish-portal/interface/starwish/rechargeReturnUrl?requestId=3368756d44f94929bb31a3ac6a231e3b', 'http://192.168.59.90:8080/starwish-portal/interface/starwish/rechargeNoticeUrl', null, '2016-04-20 15:22:47', '10', null, '2016-04-20 23:59:59', '179786276920160420152246557', '充值', '2', '2088221310230022', 'ALIPAY', null, 'admin@et2t.com', null, 'N', null, '2016-04-20 15:22:47', '2016-04-20 15:22:47', '3368756d44f94929bb31a3ac6a231e3b', null, '0', null, null);
INSERT INTO `CIFPAY_LC` VALUES ('1ec4a8a5ee694994a9521e7fa9049bb1', '1000001', 'cifpay', 'PAB*010.00CNY*UphZ4QzjL6Nj69EJBM44V7', 'CP301', 'CNY', '10.00', '0.00', '10.00', '2015-12-03 22:00:09', '10', '1', null, 'PAB', null, null, null, 'http://127.0.0.1:8082/cifpaylc-gateway/oldlc/returnOpenView', 'http://192.168.59.238:8082/cifpaylc-gateway/oldlc/notice', 'http://192.168.59.238:8082/cifpaylc-gateway/oldlc/notice', null, 'CREDIT_TO_OPEN', '2016-04-21 09:45:25', null, '20160420094404194541', '红包充值', '2', null, 'PAB', null, null, null, 'N', null, '2016-04-20 09:45:25', null, null, null, '0', null, null);
INSERT INTO `CIFPAY_LC` VALUES ('1f4b14fcc2fe4193b5f10765d013b913', '1000001', 'BANK_ENT_ICBC', '中国工行银行*0.01CNY*84461191716324', 'CP902', 'CNY', '1.00', '0.00', '1.00', '2016-03-21 16:33:28', '30', '2', '1000001', 'ICBC', 'ICBC', '400090001604411', null, null, 'http://www.helloxxx.com.xx/withdraw/notify', null, '2016-03-24 15:50:13', '12', '2016-03-24 15:50:13', null, 'W1458549208140', '提现测试', '1', '13800138000', 'ICBC', 'ICBC', '4000020829200148508', null, 'N', null, '2016-03-24 15:50:09', '2016-03-24 15:50:13', null, null, '0', null, null);
INSERT INTO `CIFPAY_LC` VALUES ('1f4fa244a1fb4268b91a6d17f37aacca', '1000001', 'BANK_ENT_ICBC', '中国工行银行*0.01CNY*95297242616420', 'CP902', 'CNY', '1.00', '0.00', '0.00', '2016-04-20 14:16:27', '30', '2', '1000001', 'ICBC', 'ICBC', '400090001604411', 'CMM595446889', null, 'http://192.168.59.90:8080/starwish-portal/interface/starwish/withdrawNoticeUrl', null, '2016-04-20 14:16:53', '70', '2099-12-31 23:59:59', null, 'D581b61cf6e4e', 'drawMoney', '1', '225', 'ICBC', 'ICBC', '4000020829200148508', 'CMM595446889', 'N', null, '2016-04-20 14:16:49', '2016-04-20 14:16:53', null, null, '0', null, null);
INSERT INTO `CIFPAY_LC` VALUES ('21cf0822e2934d019713aa2655c2bb88', '1000001', 'BANK_ENT_ICBC', '中国工行银行*0.01CNY*7871735516324', 'CP902', 'CNY', '1.00', '0.00', '1.00', '2016-03-21 16:33:28', '30', '2', '1000001', 'ICBC', 'ICBC', '400090001604411', null, null, 'http://www.helloxxx.com.xx/withdraw/notify', null, '2016-03-24 15:45:11', '12', '2016-03-24 15:45:11', null, 'W1458549208140', '提现测试', '1', '13800138000', 'ICBC', 'ICBC', '4000020829200148508', null, 'N', null, '2016-03-24 15:45:08', '2016-03-24 15:45:11', null, null, '0', null, null);
INSERT INTO `CIFPAY_LC` VALUES ('225f4f76e6af4df680aa6376225c594f', '1000001', 'BANK_ENT_ICBC', '中国工行银行*0.01CNY*125993422416329', 'CP902', 'CNY', '1.00', '0.00', '1.00', '2016-03-29 09:38:03', '30', '2', '1000001', 'ICBC', 'ICBC', '400090001604411', null, null, 'http://www.helloxxx.com.xx/withdraw/notify', null, null, '10', '2016-03-30 16:52:20', null, 'W1459215483249', '提现测试', '1', '13800138000', 'ICBC', 'ICBC', '4000020829200148508', null, 'N', null, '2016-03-29 16:52:20', null, null, null, '0', null, null);
INSERT INTO `CIFPAY_LC` VALUES ('23d4e39d79b249ccab5a07d7503d7cad', '1000001', 'cifpay', 'PAB*010.00CNY*isKcjp7NCvgz8Rq6H63QP8', 'CP301', 'CNY', '10.00', '0.00', '10.00', '2015-12-03 22:00:10', '10', '1', null, 'PAB', null, null, null, 'http://127.0.0.1:8082/cifpaylc-gateway/oldlc/returnOpenView', 'http://192.168.59.238:8082/cifpaylc-gateway/oldlc/notice', 'http://192.168.59.238:8082/cifpaylc-gateway/oldlc/notice', null, 'CREDIT_TO_OPEN', '2016-04-21 10:35:22', null, '2016042010351999448', '红包充值', '2', null, 'PAB', null, null, null, 'N', null, '2016-04-20 10:35:22', null, null, null, '0', null, null);
INSERT INTO `CIFPAY_LC` VALUES ('2471c379e740437894e6884a79c79b56', '111111', 'THIRD_PAY', '银信证*0.01RMB*111111orderIdff7d668c406645e2abddd7b5f8d11ff6', 'CP300', 'CNY', '1.00', '1.00', '0.00', '2016-03-26 17:33:34', '30', '1', '111111', 'ALIPAY', null, null, null, 'http://192.168.59.73:8080/starwish-portal/interface/starwish/getRechargeResult', 'http://192.168.59.73:8080/starwish-portal/interface/starwish/noticeRechargeResult', null, '2016-03-26 17:33:34', '10', null, '2016-03-26 23:59:59', '22494631520160326173334104', '付款', '2', '2088221310230022', 'ALIPAY', null, 'admin@et2t.com', null, 'N', null, '2016-03-26 17:33:34', '2016-03-26 17:33:34', 'e2ea0e7f803b469c932fddf7b092cd3e', null, '0', null, null);
INSERT INTO `CIFPAY_LC` VALUES ('24ad0695cc5941f3aaf6afa9f4037054', '1000001', 'BANK_ENT_ICBC', '中国工行银行*0.01CNY*11385979716420', 'CP902', 'CNY', '1.00', '0.00', '0.00', '2016-04-20 14:09:28', '30', '2', '1000001', 'ICBC', 'ICBC', '400090001604411', 'CMM595446886', null, 'http://192.168.59.90:8080/starwish-portal/interface/starwish/withdrawNoticeUrl', null, '2016-04-20 14:10:16', '70', '2099-12-31 23:59:59', null, 'D11ce0424c44e', 'drawMoney', '1', '225', 'ICBC', 'ICBC', '4000020829200148508', 'CMM595446886', 'N', null, '2016-04-20 14:10:11', '2016-04-20 14:10:16', null, null, '0', null, null);
INSERT INTO `CIFPAY_LC` VALUES ('270f68987ca14670aa372b8c252c2740', '1000001', 'BANK_ENT_ICBC', '中国工行银行*0.01CNY*10206501716418', 'CP902', 'CNY', '1.00', '0.00', '1.00', '2016-04-18 15:26:41', '30', '2', '1000001', 'ICBC', 'ICBC', '400090001604411', null, null, 'http://192.168.59.237:9080/withdraw/notify', null, '2016-04-18 15:42:04', '12', '2016-04-18 15:42:04', null, 'W1460964401779', '提现测试', '1', '1002', 'ICBC', 'ICBC', '4000020829200148508', null, 'N', null, '2016-04-18 15:41:59', '2016-04-18 15:42:04', null, null, '0', null, null);
INSERT INTO `CIFPAY_LC` VALUES ('27e02b8cca2a4258b50ec8fcaac3765b', '1000001', 'BANK_ENT_ICBC', '中国工行银行*0.01CNY*204680446316419', 'CP902', 'CNY', '1.00', '0.00', '1.00', '2016-04-19 10:01:36', '30', '2', '1000001', 'ICBC', 'ICBC', '400090001604411', null, null, 'http://192.168.59.90:8080/starwish-portal/interface/starwish/withdrawNoticeUrl', null, '2016-04-19 09:56:23', '12', '2016-04-19 09:56:23', null, 'Dc6aae8e54885', 'drawMoney', '1', '225', 'ICBC', 'ICBC', '4000020829200148508', null, 'N', null, '2016-04-19 09:56:17', '2016-04-19 09:56:23', null, null, '0', null, null);
INSERT INTO `CIFPAY_LC` VALUES ('2888117fc21e4c7fa9a58f88430c5876', '1000001', 'cifpay', 'PAB*010.00CNY*fQMpN4WBzNrj9vT52Et4E9', 'CP301', 'CNY', '10.00', '0.00', '10.00', '2015-12-03 22:00:10', '10', '1', null, 'PAB', null, null, null, 'http://127.0.0.1:8082/cifpaylc-gateway/oldlc/returnOpenView', 'http://192.168.59.238:8082/cifpaylc-gateway/oldlc/notice', 'http://192.168.59.238:8082/cifpaylc-gateway/oldlc/notice', null, 'CREDIT_TO_OPEN', '2016-04-21 10:55:48', null, '20160420105545225157', '红包充值', '2', null, 'PAB', null, null, null, 'N', null, '2016-04-20 10:55:48', null, null, null, '0', null, null);
INSERT INTO `CIFPAY_LC` VALUES ('2893009207d44f56b58c58105bc752eb', '1000001', 'BANK_ENT_ICBC', '中国工行银行*0.01CNY*187791631816324', 'CP902', 'CNY', '1.00', '0.00', '1.00', '2016-03-21 16:33:28', '30', '2', '1000001', 'ICBC', 'ICBC', '400090001604411', null, null, 'http://www.helloxxx.com.xx/withdraw/notify', null, '2016-03-24 15:52:01', '12', '2016-03-24 15:52:01', null, 'W1458549208140', '提现测试', '1', '13800138000', 'ICBC', 'ICBC', '4000020829200148508', null, 'N', null, '2016-03-24 15:51:58', '2016-03-24 15:52:01', null, null, '0', null, null);
INSERT INTO `CIFPAY_LC` VALUES ('29ed9c16269d4b2eac435cac82b9ae79', '1000001', 'BANK_ENT_ICBC', '中国工行银行*0.01CNY*72611150716401', 'CP902', 'CNY', '1.00', '0.00', '1.00', '2016-04-01 10:21:47', '30', '2', '1000001', 'ICBC', 'ICBC', '400090001604411', null, null, 'http://www.helloxxx.com.xx/withdraw/notify', null, '2016-04-01 11:28:04', '12', '2016-04-01 11:28:04', null, 'W1459477307963', '提现测试', '1', '13800138000', 'PAB', 'PAB', '4000020829200148508', null, 'N', null, '2016-04-01 11:28:00', '2016-04-01 11:28:04', null, null, '0', null, null);
INSERT INTO `CIFPAY_LC` VALUES ('2a117cda567d43cfb1019fb00dbb8de6', '1000001', 'BANK_ENT_ICBC', '中国工行银行*1,000.88CNY*77834473216329', 'CP902', 'CNY', '100088.00', '0.00', '0.00', '2016-03-28 11:28:41', '30', '2', '1000001', 'ICBC', 'ICBC', '400090001604411', 'CMM593576882', null, 'http://192.168.51.184:8080/cifbill/pay/withdrawNoticeUrl', null, '2016-03-29 09:49:34', '70', '2099-12-31 23:59:59', null, 'W117a4157b789', '提现测试', '1', '13800138000', 'ICBC', 'ICBC', '4000020829200148508', 'CMM593576882', 'N', null, '2016-03-29 09:45:19', '2016-03-29 09:49:34', null, null, '0', null, null);
INSERT INTO `CIFPAY_LC` VALUES ('2ab76207d6d94b3fb16951559f555d5b', '1000001', 'BANK_ENT_ICBC', '中国工行银行*0.01CNY*65760570216419', 'CP902', 'CNY', '1.00', '0.00', '1.00', '2016-04-19 09:43:55', '30', '2', '1000001', 'ICBC', 'ICBC', '400090001604411', null, null, 'http://192.168.59.90:8080/starwish-portal/interface/starwish/withdrawNoticeUrl', null, '2016-04-19 09:44:13', '12', '2016-04-19 09:44:13', null, 'Df91c5287764d', 'drawMoney', '1', '225', 'ICBC', 'ICBC', '4000020829200148508', null, 'N', null, '2016-04-19 09:44:12', '2016-04-19 09:44:13', null, null, '0', null, null);
INSERT INTO `CIFPAY_LC` VALUES ('2ad98ecbe92e42f888eb2feb8cd43e34', '111111', 'THIRD_PAY', '银信证*0.01RMB*111111orderIda9a4b2784a164d01a5cbd513a84b3eeb', 'CP300', 'CNY', '1.00', '1.00', '0.00', '2016-03-26 15:59:32', '30', '1', '111111', 'ALIPAY', null, null, null, 'http://192.168.59.73:8080/starwish-portal/interface/starwish/getRechargeResult', 'http://192.168.59.73:8080/starwish-portal/interface/starwish/noticeRechargeResult', null, '2016-03-26 15:59:32', '10', null, '2016-03-26 23:59:59', '89112425920160326155932147', '付款', '2', '2088221310230022', 'ALIPAY', null, 'admin@et2t.com', null, 'N', null, '2016-03-26 15:59:32', '2016-03-26 15:59:32', '3bc9e0d37e6d403e8b35317637c60b6e', null, '0', null, null);
INSERT INTO `CIFPAY_LC` VALUES ('2af69f5c6a7a4c5297cfd07b896adb76', '222334445566', 'THIRD_PAY', '银信证*0.01RMB*222334445566orderIdbebdfdbc-d56a-4eef-b891-88378bec10c1', 'CP300', 'CNY', '1.00', '-4.00', '0.00', '2016-03-23 10:59:56', '30', '1', '222334445566', 'ALIPAY', null, 'zyem126@126.com', '2016032321001004990216280190', 'http://192.168.59.73:8080/starwish-portal/interface/starwish/getRechargeResult', 'http://192.168.59.73:8080/starwish-portal/interface/starwish/noticeRechargeResult', null, '2016-03-23 10:59:56', '11', null, '2016-03-23 23:59:59', '7cfd07b896adb7620160323105956176', '提现', '2', '2088221310230022', 'ALIPAY', null, 'admin@et2t.com', null, 'N', null, '2016-03-23 10:59:56', '2016-03-23 12:24:23', 'ad34d970-d2fd-41c6-b02b-d74116aad3d0', null, '0', null, null);
INSERT INTO `CIFPAY_LC` VALUES ('2b9ca24c67a143ee938269ef755fcfb0', '1000001', 'cifpay', 'PAB*030.00CNY*w2fu5NvntJJ8fEtnfTXJm9', 'CP500', 'CNY', '30.00', '0.00', '30.00', '2015-12-02 22:03:15', '10', '1', null, 'PAB', null, null, null, 'http://127.0.0.1:8083/lcmock-merchant-site/recharge/callback', 'http://127.0.0.1:8083/lcmock-merchant-site/recharge/notify', 'http://127.0.0.1:8083/lcmock-merchant-site/recharge/notify', null, 'CREDIT_TO_OPEN', '2016-03-24 15:53:43', null, '20160323155127432830', '雨伞1把30块', '2', null, 'PAB', null, null, null, 'N', null, '2016-03-23 15:53:43', null, null, null, '0', null, null);
INSERT INTO `CIFPAY_LC` VALUES ('2c086c186b3d4a5bbd1fdaa1969d71a6', '1000001', 'cifpay', 'PAB*010.00CNY*C2srJTqzSxr9HNQLksuZq9', 'CP301', 'CNY', '10.00', '0.00', '10.00', '2015-12-03 22:01:09', '10', '1', null, 'PAB', null, null, null, 'http://127.0.0.1:8084/lcmock-merchant-site/recharge/callback', 'http://127.0.0.1:8084/lcmock-merchant-site/recharge/notify', 'http://127.0.0.1:8084/lcmock-merchant-site/recharge/notify', null, 'CREDIT_TO_OPEN', '2016-04-22 09:50:52', null, '20160421094947118837', '红包充值', '2', null, 'PAB', null, null, null, 'N', null, '2016-04-21 09:50:52', null, null, null, '0', null, null);
INSERT INTO `CIFPAY_LC` VALUES ('2cb835396fe642f485ec1f835c700f9b', '1000001', 'BANK_ENT_ICBC', '中国工行银行*1,000.88CNY*174420814116328', 'CP902', 'CNY', '100088.00', '0.00', '0.00', '2016-03-28 11:28:41', '30', '2', '1000001', 'ICBC', 'ICBC', '400090001604411', 'CMM593526902', null, 'http://192.168.51.184:8080/cifbill/pay/withdrawNoticeUrl', null, '2016-03-28 18:00:42', '70', '2099-12-31 23:59:59', null, 'W92aefb57f734', '提现测试', '1', '13800138000', 'ICBC', 'ICBC', '4000020829200148508', 'CMM593526902', 'N', null, '2016-03-28 17:55:35', '2016-03-28 18:00:42', null, null, '0', null, null);
INSERT INTO `CIFPAY_LC` VALUES ('2d140736cdaf40abb12944e2db4dac57', '1000001', 'BANK_ENT_ICBC', '中国工行银行*0.01CNY*206089712916329', 'CP902', 'CNY', '1.00', '0.00', '1.00', '2016-03-29 09:38:03', '30', '2', '1000001', 'ICBC', 'ICBC', '400090001604411', null, null, 'http://www.helloxxx.com.xx/withdraw/notify', null, '2016-03-29 14:18:18', '12', '2016-03-29 14:18:18', null, 'W1459215483249', '提现测试', '1', '13800138000', 'ICBC', 'ICBC', '4000020829200148508', null, 'N', null, '2016-03-29 13:47:39', '2016-03-29 14:18:18', null, null, '0', null, null);
INSERT INTO `CIFPAY_LC` VALUES ('2e35528410c94fc7bd860078dd832644', '1000001', 'BANK_ENT_ICBC', '中国工行银行*0.01CNY*100155156116418', 'CP902', 'CNY', '1.00', '0.00', '1.00', '2016-04-18 16:09:43', '30', '2', '1000001', 'ICBC', 'ICBC', '400090001604411', null, null, 'http://192.168.59.237:9080/withdraw/notify', null, '2016-04-18 16:30:07', '12', '2016-04-18 16:30:07', null, 'W1460966983141', '提现测试', '1', '1002', 'ICBC', 'ICBC', '4000020829200148508', null, 'N', null, '2016-04-18 16:30:06', '2016-04-18 16:30:07', null, null, '0', null, null);
INSERT INTO `CIFPAY_LC` VALUES ('2eac86407aa64e0f8230beaded1196a3', '1000001', 'BANK_ENT_ICBC', '中国工行银行*1,000.88CNY*66605177616329', 'CP902', 'CNY', '100088.00', '0.00', '0.00', '2016-03-28 11:28:41', '30', '2', '1000001', 'ICBC', 'ICBC', '400090001604411', 'CMM593566885', null, 'http://192.168.51.184:8080/cifbill/pay/withdrawNoticeUrl', null, '2016-03-29 09:37:07', '70', '2099-12-31 23:59:59', null, 'Wca94135292b4', '提现测试', '1', '13800138000', 'ICBC', 'ICBC', '4000020829200148508', 'CMM593566885', 'N', null, '2016-03-29 09:36:59', '2016-03-29 09:37:07', null, null, '0', null, null);
INSERT INTO `CIFPAY_LC` VALUES ('2f20f18fba6f4c75ab8166a65d861dae', '1000001', 'BANK_ENT_ICBC', '中国工行银行*0.01CNY*150503443816420', 'CP902', 'CNY', '1.00', '0.00', '0.00', '2016-04-20 14:14:37', '30', '2', '1000001', 'ICBC', 'ICBC', '400090001604411', 'CMM595446888', null, 'http://192.168.59.90:8080/starwish-portal/interface/starwish/withdrawNoticeUrl', null, '2016-04-20 14:15:05', '70', '2099-12-31 23:59:59', null, 'Df68ab73e0a95', 'drawMoney', '1', '225', 'ICBC', 'ICBC', '4000020829200148508', 'CMM595446888', 'N', null, '2016-04-20 14:15:01', '2016-04-20 14:15:05', null, null, '0', null, null);
INSERT INTO `CIFPAY_LC` VALUES ('2fad378300b44d24b12c1d99b80f066c', '1000001', 'cifpay', 'PAB*010.00CNY*w3g9idWPCRszR8NWWpEXVA', 'CP300', 'CNY', '10.00', '0.00', '10.00', '2015-12-03 22:00:16', '10', '1', null, 'PAB', null, null, null, 'http://127.0.0.1:8082/gateway/oldlc/returnOpenView', 'http://192.168.59.238:8082/gateway/oldlc/notice', 'http://192.168.59.238:8082/gateway/oldlc/notice', null, 'CREDIT_TO_OPEN', '2016-04-21 16:27:06', null, '20160420162657276102', '红包充值', '2', null, 'PAB', null, null, null, 'N', null, '2016-04-20 16:27:06', null, null, null, '0', null, null);
INSERT INTO `CIFPAY_LC` VALUES ('303af17f04f0499587fd2ea46347465c', '1000001', 'THIRD_PAY', '银信证*0.01RMB*1000001W2016041234578899889', 'CP300', 'CNY', '1.00', '1.00', '0.00', '2016-04-15 18:08:32', '30', '1', '1002', 'ALIPAY', null, null, null, 'http://192.168.59.90:8080/starwish-portal/interface/starwish/rechargeReturnUrl', 'http://192.168.59.90:8080/starwish-portal/interface/starwish/rechargeNoticeUrl', null, '2016-04-15 18:08:32', '10', null, '2016-04-15 23:59:59', '152181273201604151808323', '充值测试', '2', '2088221310230022', 'ALIPAY', null, 'admin@et2t.com', null, 'N', null, '2016-04-15 18:08:32', '2016-04-15 18:08:32', '123456', null, '0', null, null);
INSERT INTO `CIFPAY_LC` VALUES ('30a86b77f9ca49618d33f8a8fdb27687', '1000001', 'BANK_ENT_ICBC', '中国工行银行*0.01CNY*147584471816401', 'CP902', 'CNY', '1.00', '0.00', '0.00', '2016-04-01 10:21:47', '30', '2', '1000001', 'ICBC', 'ICBC', '400090001604411', '14758447182016040111280782', null, 'http://www.helloxxx.com.xx/withdraw/notify', null, '2016-04-01 13:43:54', '70', '2099-12-31 23:59:59', null, 'W1459477307963', '提现测试', '1', '13800138000', 'PAB', 'PAB', '4000020829200148508', '14758447182016040111280782', 'N', null, '2016-04-01 11:28:07', '2016-04-01 13:43:54', null, null, '0', null, null);
INSERT INTO `CIFPAY_LC` VALUES ('30ad2848807247cfa20d0f42422f7e34', '1000001', 'BANK_ENT_ICBC', '中国工行银行*0.01CNY*96745600316401', 'CP902', 'CNY', '1.00', '0.00', '1.00', '2016-04-01 16:10:38', '30', '2', '1000001', 'ICBC', 'ICBC', '400090001604411', null, null, 'http://192.168.59.237:9080/withdraw/notify', null, '2016-04-01 16:42:31', '12', '2016-04-01 16:42:31', null, 'W1459498238178', '提现测试', '1', '13800138000', 'PAB', 'PAB', '4000020829200148508', null, 'N', null, '2016-04-01 16:42:01', '2016-04-01 16:42:31', null, null, '0', null, null);
INSERT INTO `CIFPAY_LC` VALUES ('3111169bdb2445ea837bc9a366486491', '1000001', 'BANK_ENT_ICBC', '3111169bdb2445ea837bc9a366486491', 'CP902', 'CNY', '0.01', '0.00', '0.00', '2016-03-22 18:36:18', '30', '2', '1000001', 'test', 'test', '400090001604411', 'CMM593057882', null, 'http://192.168.59.73:8080/starwish-portal/interface/starwish/noticeDrawMoneyResult', null, '2016-03-22 18:32:41', '70', '2099-12-31 23:59:59', null, '111111', '提现', '1', '13988887777', 'test', 'test', '4000020829200148508', 'CMM593057882', 'N', null, '2016-03-22 18:32:33', '2016-03-22 18:32:41', null, null, '0', null, null);
INSERT INTO `CIFPAY_LC` VALUES ('3148e9544155453a94a45aa9cd6f4638', '1000001', 'BANK_ENT_ICBC', '中国工行银行*0.01CNY*75756910916401', 'CP902', 'CNY', '1.00', '0.00', '1.00', '2016-04-01 09:59:55', '30', '2', '1000001', 'ICBC', 'ICBC', '400090001604411', null, null, 'http://www.helloxxx.com.xx/withdraw/notify', null, '2016-04-01 10:06:24', '12', '2016-04-01 10:06:24', null, 'W1459475995432', '提现测试', '1', '13800138000', 'PAB', 'PAB', '4000020829200148508', null, 'N', null, '2016-04-01 10:05:18', '2016-04-01 10:06:24', null, null, '0', null, null);
INSERT INTO `CIFPAY_LC` VALUES ('314a50d742d44b4d9326730b4b458001', '1000001', 'THIRD_PAY', '银信证*0.01RMB*1000001C525c76f6a4d6', 'CP300', 'CNY', '1.00', '0.00', '0.00', '2016-04-18 10:54:26', '30', '1', '225', 'ALIPAY', null, '18664556639', '2016041821001004760273042700', 'http://192.168.59.90:8080/starwish-portal/interface/starwish/rechargeReturnUrl?requestId=2d70936d3c5c47fa97979f9778f1bdc1', 'http://192.168.59.90:8080/starwish-portal/interface/starwish/rechargeNoticeUrl', null, '2016-04-18 10:54:26', '70', null, '2016-04-18 23:59:59', '88712640720160418105426150', '充值', '2', '2088221310230022', 'ALIPAY', null, 'admin@et2t.com', null, 'N', null, '2016-04-18 10:54:26', '2016-04-19 11:19:32', '2d70936d3c5c47fa97979f9778f1bdc1', null, '0', null, null);
INSERT INTO `CIFPAY_LC` VALUES ('3313fff6794548f482f94b72bda1e44f', '1000001', 'THIRD_PAY', '银信证*0.01RMB*1000001Cd808d90acb6d', 'CP300', 'CNY', '1.00', '1.00', '0.00', '2016-04-21 16:26:27', '30', '1', '225', 'ALIPAY', null, null, null, 'http://192.168.59.90:8080/starwish-portal/interface/starwish/rechargeReturnUrl?requestId=4d1a6568785a4dfa94e6877d9e1fa8bf', 'http://192.168.59.90:8080/starwish-portal/interface/starwish/rechargeNoticeUrl', null, '2016-04-21 16:26:27', '10', null, '2016-04-21 23:59:59', '209579595220160421162627158', '我的订单', '2', '2088221310230022', 'ALIPAY', null, 'admin@et2t.com', null, 'N', null, '2016-04-21 16:26:27', '2016-04-21 16:26:27', '4d1a6568785a4dfa94e6877d9e1fa8bf', null, '0', null, null);
INSERT INTO `CIFPAY_LC` VALUES ('334aaa84d2384c5b801611b043f58ed4', '55555', 'THIRD_PAY', '银信证*0.01RMB*55555orderId191327cb-2ca0-4c8f-9308-adb3dc951425', 'CP300', 'CNY', '1.00', '0.00', '0.00', '2016-03-24 09:32:44', '30', '1', '55555', 'ALIPAY', null, 'zyem126@126.com', '2016032421001004990216057717', 'http://192.168.59.73:8080/starwish-portal/interface/starwish/getRechargeResult', 'http://192.168.59.73:8080/starwish-portal/interface/starwish/noticeRechargeResult', null, '2016-03-24 09:32:44', '70', null, '2016-03-24 23:59:59', '801611b043f58ed42016032409324489', '提现', '2', '2088221310230022', 'ALIPAY', null, 'admin@et2t.com', null, 'N', null, '2016-03-24 09:32:44', '2016-03-24 09:49:00', 'c0046086-ce71-4869-be1f-500232834548', null, '0', null, null);
INSERT INTO `CIFPAY_LC` VALUES ('3379f337c172485fb88275202a2dfda6', '111111', 'THIRD_PAY', '银信证*0.01RMB*111111orderIdd8398f5efd2640c5a912811d6e07b838', 'CP300', 'CNY', '1.00', '1.00', '0.00', '2016-03-26 17:33:18', '30', '1', '111111', 'ALIPAY', null, null, null, 'http://192.168.59.73:8080/starwish-portal/interface/starwish/getRechargeResult', 'http://192.168.59.73:8080/starwish-portal/interface/starwish/noticeRechargeResult', null, '2016-03-26 17:33:18', '10', null, '2016-03-26 23:59:59', '150275054520160326173317949', '付款', '2', '2088221310230022', 'ALIPAY', null, 'admin@et2t.com', null, 'N', null, '2016-03-26 17:33:18', '2016-03-26 17:33:18', 'b762e2bfaea041c28be9d80075731ab9', null, '0', null, null);
INSERT INTO `CIFPAY_LC` VALUES ('33b244feb71e410f974e342d5572e326', '1000001', 'THIRD_PAY', '银信证*0.01RMB*10000011461219403290', 'CP300', 'CNY', '1.00', '1.00', '0.00', '2016-04-21 14:26:30', '30', '1', '1002', 'ALIPAY', null, null, null, 'http://localhost:8085/ssm/returnUrl', 'http://localhost:8085/ssm/noticeUrl', null, '2016-04-21 14:26:30', '10', null, '2016-04-21 23:59:59', '156588322620160421142629707', '充值', '2', '2088221310230022', 'ALIPAY', null, 'admin@et2t.com', null, 'N', null, '2016-04-21 14:26:30', '2016-04-21 14:26:30', '123123', null, '0', null, null);
INSERT INTO `CIFPAY_LC` VALUES ('33cf21daedda42f2bd97db8c4a360bad', '1000001', 'BANK_ENT_ICBC', '中国工行银行*1,000.88CNY*49302625916329', 'CP902', 'CNY', '100088.00', '0.00', '100088.00', '2016-03-28 11:28:41', '30', '2', '1000001', 'ICBC', 'ICBC', '400090001604411', null, null, 'http://192.168.51.184:8080/cifbill/pay/withdrawNoticeUrl', null, '2016-03-29 09:48:30', '12', '2016-03-29 09:48:30', null, 'W4cc8867ee755', '提现测试', '1', '13800138000', 'ICBC', 'ICBC', '4000020829200148508', null, 'N', null, '2016-03-29 09:44:02', '2016-03-29 09:48:30', null, null, '0', null, null);
INSERT INTO `CIFPAY_LC` VALUES ('344238123c3f4b9285ae952d09d3d74f', '1000001', 'BANK_ENT_ICBC', '中国工行银行*0.01CNY*8338447516415', 'CP902', 'CNY', '1.00', '0.00', '1.00', '2016-04-15 17:38:16', '30', '2', '1000001', 'ICBC', 'ICBC', '400090001604411', null, null, 'http://192.168.59.237:9080/withdraw/notify', null, '2016-04-15 17:51:17', '12', '2016-04-15 17:51:17', null, 'W1460713097001', '提现测试', '1', '1002', 'ICBC', 'ICBC', '4000020829200148508', null, 'N', null, '2016-04-15 17:46:16', '2016-04-15 17:51:17', null, null, '0', null, null);
INSERT INTO `CIFPAY_LC` VALUES ('349fbc1c1e3d487895186c16e5dc6bf5', '1000001', 'THIRD_PAY', '银信证*0.01RMB*1000001Cf5e50c00419a', 'CP300', 'CNY', '1.00', '0.00', '0.00', '2016-04-18 09:55:03', '30', '1', '225', 'ALIPAY', null, '18664556639', '2016041821001004760269773146', 'http://192.168.59.90:8080/starwish-portal/interface/starwish/rechargeReturnUrl?requestId=1f2223212be641189224a2079f5a618a', 'http://192.168.59.90:8080/starwish-portal/interface/starwish/rechargeNoticeUrl', null, '2016-04-18 09:55:03', '70', null, '2016-04-18 23:59:59', '23224705020160418095503313', '充值', '2', '2088221310230022', 'ALIPAY', null, 'admin@et2t.com', null, 'N', null, '2016-04-18 09:55:03', '2016-04-19 10:19:40', '1f2223212be641189224a2079f5a618a', null, '0', null, null);
INSERT INTO `CIFPAY_LC` VALUES ('352bbdadf0c14141b0c618df30115f06', '1000001', 'BANK_ENT_ICBC', '中国工行银行*0.01CNY*89539293516418', 'CP902', 'CNY', '1.00', '0.00', '1.00', '2016-04-18 11:12:40', '30', '2', '1000001', 'ICBC', 'ICBC', '400090001604411', null, null, 'http://192.168.59.237:9080/withdraw/notify', null, '2016-04-18 11:32:07', '12', '2016-04-18 11:32:07', null, 'W1460949160276', '提现测试', '1', '1002', 'ICBC', 'ICBC', '4000020829200148508', null, 'N', null, '2016-04-18 11:30:27', '2016-04-18 11:32:07', null, null, '0', null, null);
INSERT INTO `CIFPAY_LC` VALUES ('359fc22f98b94797977ff4cf0bc9526d', '1000001', 'cifpay', 'PAB*010.00CNY*noYKMKwaEFZsNsefQ6FqYB', 'CP300', 'CNY', '10.00', '0.00', '10.00', '2015-12-03 23:09:17', '10', '1', null, 'PAB', null, null, null, 'http://127.0.0.1:8082/cifpaylc-gateway/oldlc/returnOpenView', 'http://192.168.59.238:8082/cifpaylc-gateway/oldlc/notice', 'http://192.168.59.238:8082/cifpaylc-gateway/oldlc/notice', null, 'CREDIT_TO_OPEN', '2016-04-20 17:18:48', null, '20160419171637707195', '红包充值', '2', null, 'PAB', null, null, null, 'N', null, '2016-04-19 17:18:48', null, null, null, '0', null, null);
INSERT INTO `CIFPAY_LC` VALUES ('35a4fe1bd73e4523ad1390de41b65ebf', '1000001', 'cifpay', 'PAB*010.00CNY*3FphjKGw6PQL6XXK2m44ZB', 'CP301', 'CNY', '10.00', '0.00', '10.00', '2015-12-03 22:01:10', '10', '1', null, 'PAB', null, null, null, 'http://127.0.0.1:8084/lcmock-merchant-site/recharge/callback', 'http://127.0.0.1:8084/lcmock-merchant-site/recharge/notify', 'http://127.0.0.1:8084/lcmock-merchant-site/recharge/notify', null, 'CREDIT_TO_OPEN', '2016-04-22 10:08:00', null, '20160421100756546597', '红包充值', '2', null, 'PAB', null, null, null, 'N', null, '2016-04-21 10:08:00', null, null, null, '0', null, null);
INSERT INTO `CIFPAY_LC` VALUES ('3628517fa2204f14a7c89c0bdb76659f', '1000001', 'THIRD_PAY', '银信证*0.01RMB*1000001Cb6ba55cbb8c3', 'CP300', 'CNY', '1.00', '1.00', '0.00', '2016-04-21 21:01:08', '30', '1', '225', 'ALIPAY', null, null, null, 'http://192.168.59.90:8080/starwish-portal/interface/starwish/rechargeReturnUrl?requestId=3332393a70724eaaa4391b6ca298c3bd', 'http://192.168.59.90:8080/starwish-portal/interface/starwish/rechargeNoticeUrl', null, '2016-04-21 21:01:08', '10', null, '2016-04-21 23:59:59', '179967343220160421210107573', '我的订单', '2', '2088221310230022', 'ALIPAY', null, 'admin@et2t.com', null, 'N', null, '2016-04-21 21:01:08', '2016-04-21 21:01:08', '3332393a70724eaaa4391b6ca298c3bd', null, '0', null, null);
INSERT INTO `CIFPAY_LC` VALUES ('37f9ee3d90174dbe92c4dfa34a6141df', '1000001', 'BANK_ENT_ICBC', '中国工行银行*0.01CNY*73534399716416', 'CP902', 'CNY', '1.00', '0.00', '1.00', '2016-04-16 12:49:34', '30', '2', '1000001', 'ICBC', 'ICBC', '400090001604411', null, null, 'http://192.168.59.237:9080/withdraw/notify', null, '2016-04-16 12:55:38', '12', '2016-04-16 12:55:38', null, 'W1460782174682', '提现测试', '1', '1002', 'ICBC', 'ICBC', '4000020829200148508', null, 'N', null, '2016-04-16 12:55:28', '2016-04-16 12:55:38', null, null, '0', null, null);
INSERT INTO `CIFPAY_LC` VALUES ('3812a587f7c94239825f2b6e197565bc', '1000001', 'BANK_ENT_ICBC', '中国工行银行*1,000.88CNY*176112535616415', 'CP902', 'CNY', '100088.00', '0.00', '100088.00', '2016-03-28 11:28:41', '30', '2', '1000001', 'ICBC', 'ICBC', '400090001604411', null, null, 'http://www.helloxxx.com.xx/withdraw/notify', null, '2016-04-15 15:07:51', '12', '2016-04-15 15:07:51', null, 'Wee47b782fab1', '提现测试', '1', '13800138000', 'ICBC', 'ICBC', '4000020829200148508', null, 'N', null, '2016-04-15 15:07:45', '2016-04-15 15:07:51', null, null, '0', null, null);
INSERT INTO `CIFPAY_LC` VALUES ('38963b0a176f40dd80e13a519ab76b9b', '1000001', 'BANK_ENT_ICBC', '中国工行银行*0.01CNY*41163058016326', 'CP902', 'CNY', '1.00', '0.00', '1.00', '2016-03-26 15:57:45', '30', '2', '1000001', 'test', 'test', '400090001604411', null, null, 'http://192.168.59.73:8080/starwish-portal/interface/starwish/noticeDrawMoneyResult', null, '2016-03-26 15:57:48', '12', '2016-03-26 15:57:48', null, 'dfe6fe44f3ba4d9cb1eabcd8a909dc1d', '提现', '1', '13988887777', 'test', 'test', '4000020829200148508', null, 'N', null, '2016-03-26 15:57:45', '2016-03-26 15:57:48', null, null, '0', null, null);
INSERT INTO `CIFPAY_LC` VALUES ('38d6b3de591b4a2784c802c9942b9898', '1000001', 'BANK_ENT_ICBC', '中国工行银行*0.01CNY*206586589016416', 'CP902', 'CNY', '1.00', '0.00', '1.00', '2016-04-16 12:49:34', '30', '2', '1000001', 'ICBC', 'ICBC', '400090001604411', null, null, 'http://192.168.59.237:9080/withdraw/notify', null, '2016-04-16 13:01:07', '12', '2016-04-16 13:01:07', null, 'W1460782174682', '提现测试', '1', '1002', 'ICBC', 'ICBC', '4000020829200148508', null, 'N', null, '2016-04-16 13:00:44', '2016-04-16 13:01:07', null, null, '0', null, null);
INSERT INTO `CIFPAY_LC` VALUES ('393ad78b63944f44b190e24720d2eb0e', '1000001', 'THIRD_PAY', '银信证*0.01RMB*1000001C1826e203da41', 'CP300', 'CNY', '1.00', '1.00', '0.00', '2016-04-16 14:55:08', '30', '1', '225', 'ALIPAY', null, null, null, 'http://192.168.51.184:8080/starwish-portal/interface/starwish/rechargeReturnUrl?requestId=c08bf47fd9dd4cc3aeed794b86c925b5', 'http://192.168.51.184:8080/starwish-portal/interface/starwish/rechargeNoticeUrl', null, '2016-04-16 14:55:08', '10', null, '2016-04-16 23:59:59', '102251540920160416145507524', '充值', '2', '2088221310230022', 'ALIPAY', null, 'admin@et2t.com', null, 'N', null, '2016-04-16 14:55:08', '2016-04-16 14:55:08', 'c08bf47fd9dd4cc3aeed794b86c925b5', null, '0', null, null);
INSERT INTO `CIFPAY_LC` VALUES ('3947924736180224', '1000001', 'BANK_ENT_ICBC', '中国工行银行*0.01CNY*202726506916422', 'CP902', 'CNY', '1.00', '0.00', '1.00', '2016-04-22 10:58:15', '30', '2', '1000001', 'ICBC', 'ICBC', '400090001604411', null, null, 'http://192.168.59.237:9080/withdraw/notify', null, null, '12', '2016-04-23 10:59:08', null, 'W1461293895444', '提现测试', '1', '1002', 'ICBC', 'ICBC', '4000020829200148508', null, 'N', null, '2016-04-22 10:59:08', null, null, null, '0', null, null);
INSERT INTO `CIFPAY_LC` VALUES ('3952311546150912', '1000001', 'BANK_ENT_ICBC', '中国工行银行*0.01CNY*160617499716422', 'CP902', 'CNY', '1.00', '0.00', '1.00', '2016-04-22 10:58:15', '30', '2', '1000001', 'ICBC', 'ICBC', '400090001604411', null, null, 'http://192.168.59.237:9080/withdraw/notify', null, null, '12', '2016-04-23 11:16:34', null, 'W1461293895444', '提现测试', '1', '1002', 'ICBC', 'ICBC', '4000020829200148508', null, 'N', null, '2016-04-22 11:16:34', null, null, null, '0', null, null);
INSERT INTO `CIFPAY_LC` VALUES ('3952651507073024', '1000001', 'BANK_ENT_ICBC', '中国工行银行*0.01CNY*158008059516422', 'CP902', 'CNY', '1.00', '0.00', '1.00', '2016-04-22 10:58:15', '30', '2', '1000001', 'ICBC', 'ICBC', '400090001604411', null, null, 'http://192.168.59.237:9080/withdraw/notify', null, null, '12', '2016-04-23 11:17:55', null, 'W1461293895444', '提现测试', '1', '1002', 'ICBC', 'ICBC', '4000020829200148508', null, 'N', null, '2016-04-22 11:17:55', null, null, null, '0', null, null);
INSERT INTO `CIFPAY_LC` VALUES ('3956016114827264', '1000001', 'BANK_ENT_ICBC', '中国工行银行*0.01CNY*51303776716422', 'CP902', 'CNY', '1.00', '0.00', '1.00', '2016-04-22 10:58:15', '30', '2', '1000001', 'ICBC', 'ICBC', '400090001604411', null, null, 'http://192.168.59.237:9080/withdraw/notify', null, null, '12', '2016-04-23 11:31:17', null, 'W1461293895444', '提现测试', '1', '1002', 'ICBC', 'ICBC', '4000020829200148508', null, 'N', null, '2016-04-22 11:31:17', null, null, null, '0', null, null);
INSERT INTO `CIFPAY_LC` VALUES ('3957002686431232', '1000001', 'BANK_ENT_ICBC', '中国工行银行*0.01CNY*198973451916422', 'CP902', 'CNY', '1.00', '0.00', '1.00', '2016-04-22 10:58:15', '30', '2', '1000001', 'ICBC', 'ICBC', '400090001604411', null, null, 'http://192.168.59.237:9080/withdraw/notify', null, null, '12', '2016-04-23 11:35:12', null, 'W1461293895444', '提现测试', '1', '1002', 'ICBC', 'ICBC', '4000020829200148508', null, 'N', null, '2016-04-22 11:35:12', null, null, null, '0', null, null);
INSERT INTO `CIFPAY_LC` VALUES ('395bb6f12e844d4a9dee9cffd7f7d097', '1000001', 'BANK_ENT_ICBC', '中国工行银行*0.01CNY*124055990516415', 'CP902', 'CNY', '1.00', '0.00', '1.00', '2016-04-15 11:36:49', '30', '2', '1000001', 'ICBC', 'ICBC', '400090001604411', null, null, 'http://192.168.59.237:9080/withdraw/notify', null, '2016-04-15 13:09:33', '12', '2016-04-15 13:09:33', null, 'W1460691409301', '提现测试', '1', '1002', 'ICBC', 'ICBC', '4000020829200148508', null, 'N', null, '2016-04-15 13:04:33', '2016-04-15 13:09:33', null, null, '0', null, null);
INSERT INTO `CIFPAY_LC` VALUES ('396e9653af49422e8c6f67bbb94eb76c', '1000001', 'THIRD_PAY', '银信证*0.01RMB*1000001W20160328112786555', 'CP300', 'CNY', '1.00', '1.00', '0.00', '2016-04-15 16:15:32', '30', '1', '10000', 'ALIPAY', null, null, null, 'http://192.168.59.73:8080/starwish-portal/interface/starwish/getRechargeResult', 'http://192.168.59.73:8080/starwish-portal/interface/starwish/noticeRechargeResult', null, '2016-04-15 16:15:32', '10', null, '2016-04-15 23:59:59', '696621295201604151615324', '充值测试', '2', '2088221310230022', 'ALIPAY', null, 'admin@et2t.com', null, 'N', null, '2016-04-15 16:15:32', '2016-04-15 16:15:32', '123456', null, '0', null, null);
INSERT INTO `CIFPAY_LC` VALUES ('3986150381322240', '1000001', 'BANK_ENT_ICBC', '中国工行银行*0.01CNY*213039772916422', 'CP902', 'CNY', '1.00', '0.00', '1.00', '2016-04-22 10:58:15', '30', '2', '1000001', 'ICBC', 'ICBC', '400090001604411', null, null, 'http://192.168.59.237:9080/withdraw/notify', null, '2016-04-22 13:31:04', '12', '2016-04-22 13:31:04', null, 'W1461293895444', '提现测试', '1', '1002', 'ICBC', 'ICBC', '4000020829200148508', null, 'N', null, '2016-04-22 13:31:02', '2016-04-22 13:31:04', null, null, '0', null, null);
INSERT INTO `CIFPAY_LC` VALUES ('3986224704389120', '1000001', 'BANK_ENT_ICBC', '中国工行银行*0.01CNY*127931338216422', 'CP902', 'CNY', '1.00', '0.00', '1.00', '2016-04-22 10:58:15', '30', '2', '1000001', 'ICBC', 'ICBC', '400090001604411', null, null, 'http://192.168.59.237:9080/withdraw/notify', null, '2016-04-22 13:31:21', '12', '2016-04-22 13:31:21', null, 'W1461293895444', '提现测试', '1', '1002', 'ICBC', 'ICBC', '4000020829200148508', null, 'N', null, '2016-04-22 13:31:19', '2016-04-22 13:31:21', null, null, '0', null, null);
INSERT INTO `CIFPAY_LC` VALUES ('3986322637193216', '1000001', 'BANK_ENT_ICBC', '中国工行银行*0.01CNY*144159485716422', 'CP902', 'CNY', '1.00', '0.00', '1.00', '2016-04-22 10:58:15', '30', '2', '1000001', 'ICBC', 'ICBC', '400090001604411', null, null, 'http://192.168.59.237:9080/withdraw/notify', null, '2016-04-22 13:31:44', '12', '2016-04-22 13:31:44', null, 'W1461293895444', '提现测试', '1', '1002', 'ICBC', 'ICBC', '4000020829200148508', null, 'N', null, '2016-04-22 13:31:43', '2016-04-22 13:31:44', null, null, '0', null, null);
INSERT INTO `CIFPAY_LC` VALUES ('3987508496957440', '1000001', 'BANK_ENT_ICBC', '中国工行银行*0.01CNY*146281492616422', 'CP902', 'CNY', '1.00', '0.00', '1.00', '2016-04-22 10:58:15', '30', '2', '1000001', 'ICBC', 'ICBC', '400090001604411', null, null, 'http://192.168.59.237:9080/withdraw/notify', null, '2016-04-22 13:36:28', '12', '2016-04-22 13:36:28', null, 'W1461293895444', '提现测试', '1', '1002', 'ICBC', 'ICBC', '4000020829200148508', null, 'N', null, '2016-04-22 13:36:26', '2016-04-22 13:36:28', null, null, '0', null, null);
INSERT INTO `CIFPAY_LC` VALUES ('3987719457865728', '1000001', 'BANK_ENT_ICBC', '中国工行银行*0.01CNY*208901724616422', 'CP902', 'CNY', '1.00', '0.00', '0.00', '2016-04-22 10:58:15', '30', '2', '1000001', 'ICBC', 'ICBC', '400090001604411', 'CMM595616882', null, 'http://192.168.59.237:9080/withdraw/notify', null, '2016-04-22 13:37:27', '70', '2099-12-31 23:59:59', null, 'W1461293895444', '提现测试', '1', '1002', 'ICBC', 'ICBC', '4000020829200148508', 'CMM595616882', 'N', null, '2016-04-22 13:37:16', '2016-04-22 13:37:27', null, '402', null, null, null);
INSERT INTO `CIFPAY_LC` VALUES ('3990609727586304', '1000001', 'BANK_ENT_ICBC', '中国工行银行*0.01CNY*101776051416422', 'CP902', 'CNY', '1.00', '0.00', '0.00', '2016-04-22 13:48:14', '30', '2', '1000001', 'ICBC', 'ICBC', '400090001604411', 'CMM595616883', null, 'http://192.168.59.237:9080/withdraw/notify', null, '2016-04-22 13:48:55', '70', '2099-12-31 23:59:59', null, 'W1461304094236', '提现测试', '1', '1002', 'ICBC', 'ICBC', '4000020829200148508', 'CMM595616883', 'N', null, '2016-04-22 13:48:45', '2016-04-22 13:48:55', null, '405', '1', '2016-05-27 18:15:59', '2016-04-22');
INSERT INTO `CIFPAY_LC` VALUES ('3993141313011712', '1000001', 'BANK_ENT_ICBC', '中国工行银行*0.01CNY*207687592116422', 'CP902', 'CNY', '1.00', '0.00', '0.00', '2016-04-22 13:58:30', '30', '2', '1000001', 'ICBC', 'ICBC', '400090001604411', 'CMM595616886', null, 'http://192.168.59.237:9080/withdraw/notify', null, '2016-04-22 13:58:59', '70', '2099-12-31 23:59:59', null, 'W1461304710608', '提现测试', '1', '1002', 'ICBC', 'ICBC', '4000020829200148508', 'CMM595616886', 'N', null, '2016-04-22 13:58:49', '2016-04-22 13:58:59', null, '401', '1', '2016-05-27 18:15:59', '2016-04-22');
INSERT INTO `CIFPAY_LC` VALUES ('3a030c9cdd464d0d9e6e3c16e48092c1', '1000001', 'BANK_ENT_ICBC', '3a030c9cdd464d0d9e6e3c16e48092c1', 'CP902', 'CNY', '0.01', '0.00', '0.01', '2016-03-24 14:37:10', '30', '2', '1000001', 'test', 'test', '400090001604411', null, null, 'http://192.168.59.73:8080/starwish-portal/interface/starwish/noticeDrawMoneyResult', null, '2016-03-24 14:32:23', '12', '2016-03-24 14:32:23', null, 'f8735ab678054052a2375e93afe43107', '提现', '1', '13988887777', 'test', 'test', '4000020829200148508', null, 'N', null, '2016-03-24 14:32:11', '2016-03-24 14:32:23', null, null, '0', null, null);
INSERT INTO `CIFPAY_LC` VALUES ('3bfb489315df45ccb5dc51fca082dc64', '1000001', 'BANK_ENT_ICBC', '中国工行银行*1,000.88CNY*116010528116329', 'CP902', 'CNY', '100088.00', '0.00', '100088.00', '2016-03-28 11:28:41', '30', '2', '1000001', 'ICBC', 'ICBC', '400090001604411', null, null, 'http://192.168.51.184:8080/cifbill/pay/withdrawNoticeUrl', null, null, '10', '2016-03-30 09:50:42', null, 'Wcd9d13822fd6', '提现测试', '1', '13800138000', 'ICBC', 'ICBC', '4000020829200148508', null, 'N', null, '2016-03-29 09:50:42', null, null, null, '0', null, null);
INSERT INTO `CIFPAY_LC` VALUES ('3c94073c3cec4fcbbbb64f0c57744cc5', '1000001', 'cifpay', 'PAB*030.00CNY*3i8jVuEVBYXoGJGaUWDNnC', 'CP500', 'CNY', '30.00', '0.00', '30.00', '2015-12-03 22:00:17', '10', '1', null, 'PAB', null, null, null, 'http://127.0.0.1:8084/lcmock-merchant-site/recharge/callback', 'http://127.0.0.1:8084/lcmock-merchant-site/recharge/notify', 'http://127.0.0.1:8084/lcmock-merchant-site/recharge/notify', null, 'CREDIT_TO_OPEN', '2016-04-21 17:05:58', null, '20160420170550857586', '雨伞1把30块', '2', null, 'PAB', null, null, null, 'N', null, '2016-04-20 17:05:58', null, null, null, '0', null, null);
INSERT INTO `CIFPAY_LC` VALUES ('3ceea56019df4e1b9bdd7ebd3da69633', '1000001', 'BANK_ENT_ICBC', '中国工行银行*1,000.88CNY*19033173816415', 'CP902', 'CNY', '100088.00', '0.00', '100088.00', '2016-03-28 11:28:41', '30', '2', '1000001', 'ICBC', 'ICBC', '400090001604411', null, null, 'http://www.helloxxx.com.xx/withdraw/notify', null, null, '10', '2016-04-16 15:19:21', null, 'Webc74f3bfae8', '提现测试', '1', '13800138000', 'ICBC', 'ICBC', '4000020829200148508', null, 'N', null, '2016-04-15 15:19:21', null, null, null, '0', null, null);
INSERT INTO `CIFPAY_LC` VALUES ('3efba7d77e5845a68cb7bcc52095c76a', '1000001', 'BANK_ENT_ICBC', '中国工行银行*0.01CNY*165032452216415', 'CP902', 'CNY', '1.00', '0.00', '1.00', '2016-04-15 11:36:49', '30', '2', '1000001', 'ICBC', 'ICBC', '400090001604411', null, null, 'http://192.168.59.237:9080/withdraw/notify', null, null, '10', '2016-04-16 13:10:38', null, 'W1460691409301', '提现测试', '1', '1002', 'ICBC', 'ICBC', '4000020829200148508', null, 'N', null, '2016-04-15 13:10:38', null, null, null, '0', null, null);
INSERT INTO `CIFPAY_LC` VALUES ('3f414dd9b77a4ec0a8b9e169b3ff912d', '1000001', 'BANK_ENT_ICBC', '中国工行银行*0.01CNY*71427517816419', 'CP902', 'CNY', '1.00', '0.00', '1.00', '2016-04-19 14:39:17', '30', '2', '1000001', 'ICBC', 'ICBC', '400090001604411', null, null, 'http://192.168.59.90:8080/starwish-portal/interface/starwish/withdrawNoticeUrl', null, null, '12', '2016-04-20 14:33:49', null, 'Da04e0cb16310', 'drawMoney', '1', '225', 'ICBC', 'ICBC', '4000020829200148508', null, 'N', null, '2016-04-19 14:33:49', null, null, null, '0', null, null);
INSERT INTO `CIFPAY_LC` VALUES ('3f5074f23d1445e5a8d55c7e86c36df7', '1000001', 'BANK_ENT_ICBC', '中国工行银行*1,000.88CNY*42622087716328', 'CP902', 'CNY', '100088.00', '0.00', '0.00', '2016-03-28 11:28:41', '30', '2', '1000001', 'ICBC', 'ICBC', '400090001604411', 'CMM593526904', null, 'http://www.helloxxx.com.xx/withdraw/notify', null, '2016-03-28 18:04:04', '70', '2099-12-31 23:59:59', null, 'W00bf318bab08', '提现测试', '1', '13800138000', 'ICBC', 'ICBC', '4000020829200148508', 'CMM593526904', 'N', null, '2016-03-28 17:58:57', '2016-03-28 18:04:04', null, null, '0', null, null);
INSERT INTO `CIFPAY_LC` VALUES ('3f56e604111043eab0f874943b910731', '5556661', 'THIRD_PAY', '银信证*0.01RMB*55566612016323172042253', 'CP300', 'CNY', '1.00', '1.00', '0.00', '2016-03-23 17:20:50', '30', '1', '5556661', 'ALIPAY', null, null, null, 'http://192.168.59.239:8085/alipayDemo/return_url.jsp', 'http://192.168.59.239:8085/alipayDemo/notify_url.jsp', null, '2016-03-23 17:20:50', '10', null, '2016-03-23 23:59:59', '0f874943b91073120160323172050240', '2323534543253245', '2', '2088221310230022', 'ALIPAY', null, 'admin@et2t.com', null, 'N', null, '2016-03-23 17:20:50', '2016-03-23 17:20:50', '4446345311545121', null, '0', null, null);
INSERT INTO `CIFPAY_LC` VALUES ('3f72262463354131b1ef5a2a920ea457', '1000001', 'BANK_ENT_ICBC', '中国工行银行*0.01CNY*97601453216419', 'CP902', 'CNY', '1.00', '0.00', '0.00', '2016-04-19 10:05:45', '30', '2', '1000001', 'ICBC', 'ICBC', '400090001604411', 'CMM595156889', null, 'http://192.168.59.90:8080/starwish-portal/interface/starwish/withdrawNoticeUrl', null, '2016-04-19 10:00:23', '70', '2099-12-31 23:59:59', null, 'D5562bd624c10', 'drawMoney', '1', '225', 'ICBC', 'ICBC', '4000020829200148508', 'CMM595156889', 'N', null, '2016-04-19 10:00:18', '2016-04-19 10:00:23', null, null, '0', null, null);
INSERT INTO `CIFPAY_LC` VALUES ('3f76210281ab49d6ab92b4660b14cd8e', '1000001', 'THIRD_PAY', '银信证*0.01RMB*1000001W9970bebd3383', 'CP300', 'CNY', '1.00', '1.00', '0.00', '2016-04-15 19:45:03', '30', '1', '1002', 'ALIPAY', null, null, null, 'http://192.168.59.90:8080/starwish-portal/interface/starwish/rechargeReturnUrl', 'http://192.168.59.90:8080/starwish-portal/interface/starwish/rechargeNoticeUrl', null, '2016-04-15 19:45:03', '10', null, '2016-04-15 23:59:59', '25436046720160415194502704', '充值测试', '2', '2088221310230022', 'ALIPAY', null, 'admin@et2t.com', null, 'N', null, '2016-04-15 19:45:03', '2016-04-15 19:45:03', '123456', null, '0', null, null);
INSERT INTO `CIFPAY_LC` VALUES ('40a78f5a59694be4bac165ba82dfd3c7', '1000001', 'BANK_ENT_ICBC', '中国工行银行*1,000.88CNY*180357642216329', 'CP902', 'CNY', '100088.00', '0.00', '100088.00', '2016-03-28 11:28:41', '30', '2', '1000001', 'ICBC', 'ICBC', '400090001604411', null, null, 'http://192.168.51.184:8080/cifbill/pay/withdrawNoticeUrl', null, '2016-03-29 09:42:33', '12', '2016-03-29 09:42:33', null, 'Wccd729a711ef', '提现测试', '1', '13800138000', 'ICBC', 'ICBC', '4000020829200148508', null, 'N', null, '2016-03-29 09:39:51', '2016-03-29 09:42:33', null, null, '0', null, null);
INSERT INTO `CIFPAY_LC` VALUES ('4116e8bb4b0f477eac500d98b4f296ed', '1000001', 'THIRD_PAY', '银信证*999.00RMB*1000001Ce977421c70fd', 'CP300', 'CNY', '99900.00', '99900.00', '0.00', '2016-04-16 17:42:54', '30', '1', '225', 'ALIPAY', null, null, null, 'http://192.168.59.104:8080/starwish-portal/interface/starwish/rechargeReturnUrl?requestId=0dc9239fc50f438a81be56ca27c774d7', 'http://192.168.59.104:8080/starwish-portal/interface/starwish/rechargeNoticeUrl', null, '2016-04-16 17:42:54', '10', null, '2016-04-16 23:59:59', '74227886020160416174253955', '充值', '2', '2088221310230022', 'ALIPAY', null, 'admin@et2t.com', null, 'N', null, '2016-04-16 17:42:54', '2016-04-16 17:42:54', '0dc9239fc50f438a81be56ca27c774d7', null, '0', null, null);
INSERT INTO `CIFPAY_LC` VALUES ('42384e2013734af5a5cebd7dc845862e', '1000001', 'cifpay', 'PAB*010.00CNY*vikzqRE3dBcBYSiJPKVanD', 'CP301', 'CNY', '10.00', '0.00', '10.00', '2015-12-03 22:00:17', '10', '1', null, 'PAB', null, null, null, 'http://127.0.0.1:8084/lcmock-merchant-site/recharge/callback', 'http://127.0.0.1:8084/lcmock-merchant-site/recharge/notify', 'http://127.0.0.1:8084/lcmock-merchant-site/recharge/notify', null, 'CREDIT_TO_OPEN', '2016-04-21 17:46:45', null, '20160420174641154691', '红包充值', '2', null, 'PAB', null, null, null, 'N', null, '2016-04-20 17:46:45', null, null, null, '0', null, null);
INSERT INTO `CIFPAY_LC` VALUES ('434f65b1d5444ea594c717c2ba6d44e3', '1000001', 'BANK_ENT_ICBC', '中国工行银行*1,000.88CNY*131027486816329', 'CP902', 'CNY', '100088.00', '0.00', '100088.00', '2016-03-28 11:28:41', '30', '2', '1000001', 'ICBC', 'ICBC', '400090001604411', null, null, 'http://192.168.51.184:8080/cifbill/pay/withdrawNoticeUrl', null, '2016-03-29 09:48:34', '12', '2016-03-29 09:48:34', null, 'W398489e62725', '提现测试', '1', '13800138000', 'ICBC', 'ICBC', '4000020829200148508', null, 'N', null, '2016-03-29 09:48:31', '2016-03-29 09:48:34', null, null, '0', null, null);
INSERT INTO `CIFPAY_LC` VALUES ('43ff0de5a4044a8781a10d0337779390', '1000001', 'BANK_ENT_ICBC', '中国工行银行*0.01CNY*2401487516415', 'CP902', 'CNY', '1.00', '0.00', '1.00', '2016-04-15 17:38:16', '30', '2', '1000001', 'ICBC', 'ICBC', '400090001604411', null, null, 'http://192.168.59.237:9080/withdraw/notify', null, '2016-04-15 18:04:59', '12', '2016-04-15 18:04:59', null, 'W1460713097001', '提现测试', '1', '1002', 'ICBC', 'ICBC', '4000020829200148508', null, 'N', null, '2016-04-15 17:59:59', '2016-04-15 18:04:59', null, null, '0', null, null);
INSERT INTO `CIFPAY_LC` VALUES ('440c6b6c4e6f475a941e95276e517f27', '1000001', 'THIRD_PAY', '银信证*10.00RMB*100000120160421171843508873', 'CP300', 'CNY', '1000.00', '1000.00', '0.00', '2016-04-21 17:18:42', '30', '1', '1154545', 'ALIPAY', null, null, null, 'http://127.0.0.1:8084/lcmock-merchant-site/recharge/callback', 'http://127.0.0.1:8084/lcmock-merchant-site/recharge/notify', null, '2016-04-21 17:18:42', '10', null, '2016-04-21 23:59:59', '139590069320160421171841721', '红包充值', '2', '2088221310230022', 'ALIPAY', null, 'admin@et2t.com', null, 'N', null, '2016-04-21 17:18:42', '2016-04-21 17:18:42', '3016645419', null, '0', null, null);
INSERT INTO `CIFPAY_LC` VALUES ('44d9e19fa4694128877b24c8b271b21f', '1000001', 'BANK_ENT_ICBC', '中国工行银行*0.01CNY*99457743116401', 'CP902', 'CNY', '1.00', '0.00', '1.00', '2016-04-01 16:10:38', '30', '2', '1000001', 'ICBC', 'ICBC', '400090001604411', null, null, 'http://192.168.59.237:9080/withdraw/notify', null, '2016-04-01 16:45:29', '12', '2016-04-01 16:45:29', null, 'W1459498238178', '提现测试', '1', '13800138000', 'PAB', 'PAB', '4000020829200148508', null, 'N', null, '2016-04-01 16:45:26', '2016-04-01 16:45:29', null, null, '0', null, null);
INSERT INTO `CIFPAY_LC` VALUES ('474487dc9aa846959e20a40f3c3f292c', '1000001', 'THIRD_PAY', '银信证*0.01RMB*1000001Cfd45d490e6ce', 'CP300', 'CNY', '1.00', '0.00', '0.00', '2016-04-18 10:56:11', '30', '1', '225', 'ALIPAY', null, '18664556639', '2016041821001004760273305593', 'http://192.168.59.90:8080/starwish-portal/interface/starwish/rechargeReturnUrl?requestId=ada8bd37ec044d3bbfc4d178001c8c16', 'http://192.168.59.90:8080/starwish-portal/interface/starwish/rechargeNoticeUrl', null, '2016-04-18 10:56:11', '70', null, '2016-04-18 23:59:59', '186094666820160418105611350', '充值', '2', '2088221310230022', 'ALIPAY', null, 'admin@et2t.com', null, 'N', null, '2016-04-18 10:56:11', '2016-04-19 11:20:31', 'ada8bd37ec044d3bbfc4d178001c8c16', null, '0', null, null);
INSERT INTO `CIFPAY_LC` VALUES ('47a7cb4694f24ef8abe06db908ab8f5f', '1000001', 'BANK_ENT_ICBC', '中国工行银行*0.01CNY*109620793916401', 'CP902', 'CNY', '1.00', '0.00', '1.00', '2016-04-01 10:21:47', '30', '2', '1000001', 'ICBC', 'ICBC', '400090001604411', null, null, 'http://www.helloxxx.com.xx/withdraw/notify', null, '2016-04-01 11:00:05', '12', '2016-04-01 11:00:05', null, 'W1459477307963', '提现测试', '1', '13800138000', 'PAB', 'PAB', '4000020829200148508', null, 'N', null, '2016-04-01 11:00:01', '2016-04-01 11:00:05', null, null, '0', null, null);
INSERT INTO `CIFPAY_LC` VALUES ('4802c3836ab54d11bda9965fa9a1f993', '1000001', 'BANK_ENT_ICBC', '中国工行银行*0.01CNY*108565222016401', 'CP902', 'CNY', '1.00', '0.00', '1.00', '2016-04-01 16:10:38', '30', '2', '1000001', 'ICBC', 'ICBC', '400090001604411', null, null, 'http://192.168.59.237:9080/withdraw/notify', null, '2016-04-01 16:40:22', '12', '2016-04-01 16:40:22', null, 'W1459498238178', '提现测试', '1', '13800138000', 'PAB', 'PAB', '4000020829200148508', null, 'N', null, '2016-04-01 16:40:19', '2016-04-01 16:40:22', null, null, '0', null, null);
INSERT INTO `CIFPAY_LC` VALUES ('48144d09040d41168db0bfe623418fa6', '1000001', 'BANK_ENT_ICBC', '中国工行银行*0.01CNY*43732647416328', 'CP902', 'CNY', '1.00', '0.00', '1.00', '2016-03-21 16:33:28', '30', '2', '1000001', 'ICBC', 'ICBC', '400090001604411', null, null, 'http://www.helloxxx.com.xx/withdraw/notify', null, '2016-03-28 10:01:18', '12', '2016-03-28 10:01:18', null, 'W1458549208140', '提现测试', '1', '13800138000', 'ICBC', 'ICBC', '4000020829200148508', null, 'N', null, '2016-03-28 10:01:05', '2016-03-28 10:01:18', null, null, '0', null, null);
INSERT INTO `CIFPAY_LC` VALUES ('490bb41abf2b48ecbde52f302289bc2c', '1000001', 'BANK_ENT_ICBC', '中国工行银行*1,000.88CNY*133078121116328', 'CP902', 'CNY', '100088.00', '0.00', '100088.00', '2016-03-28 11:28:41', '30', '2', '1000001', 'ICBC', 'ICBC', '400090001604411', null, null, 'http://www.helloxxx.com.xx/withdraw/notify', null, '2016-03-28 11:45:50', '12', '2016-03-28 11:45:50', null, 'W20160328112841', '提现测试', '1', '13800138000', 'ICBC', 'ICBC', '4000020829200148508', null, 'N', null, '2016-03-28 11:45:47', '2016-03-28 11:45:50', null, null, '0', null, null);
INSERT INTO `CIFPAY_LC` VALUES ('49aeb8e53bf84cff8a555ab7d788eb1b', '1000001', 'THIRD_PAY', '银信证*0.01RMB*1000001Wfeb825daae91', 'CP300', 'CNY', '1.00', '1.00', '0.00', '2016-04-15 19:31:51', '30', '1', '1002', 'ALIPAY', null, null, null, 'http://192.168.59.90:8080/starwish-portal/interface/starwish/rechargeReturnUrl', 'http://192.168.59.90:8080/starwish-portal/interface/starwish/rechargeNoticeUrl', null, '2016-04-15 19:31:51', '10', null, '2016-04-15 23:59:59', '24712213420160415193150716', '充值测试', '2', '2088221310230022', 'ALIPAY', null, 'admin@et2t.com', null, 'N', null, '2016-04-15 19:31:51', '2016-04-15 19:31:51', '123456', null, '0', null, null);
INSERT INTO `CIFPAY_LC` VALUES ('4a1bf06261214e1cbc552228b6a0a6f2', '1000001', 'BANK_ENT_ICBC', '中国工行银行*0.01CNY*18191358016331', 'CP902', 'CNY', '1.00', '0.00', '1.00', '2016-03-31 10:35:27', '30', '2', '1000001', 'ICBC', 'ICBC', '400090001604411', null, null, 'http://www.helloxxx.com.xx/withdraw/notify', null, '2016-03-31 18:49:06', '12', '2016-03-31 18:49:06', null, 'W1459391727662', '提现测试', '1', '13800138000', 'PAB', 'PAB', '4000020829200148508', null, 'N', null, '2016-03-31 18:48:59', '2016-03-31 18:49:06', null, null, '0', null, null);
INSERT INTO `CIFPAY_LC` VALUES ('4b751fa50699495fbf7e6b0656e74211', '1000001', 'cifpay', 'PAB*010.00CNY*kDb8Y5PhRJrJxq5ZmxQGSF', 'CP301', 'CNY', '10.00', '0.00', '10.00', '2015-12-03 23:09:17', '10', '1', null, 'PAB', null, null, null, 'http://127.0.0.1:8082/cifpaylc-gateway/oldlc/returnOpenView', 'http://192.168.59.238:8082/cifpaylc-gateway/oldlc/notice', 'http://192.168.59.238:8082/cifpaylc-gateway/oldlc/notice', null, 'CREDIT_TO_OPEN', '2016-04-20 17:46:05', null, '2016041917445196391', '红包充值', '2', null, 'PAB', null, null, null, 'N', null, '2016-04-19 17:46:05', null, null, null, '0', null, null);
INSERT INTO `CIFPAY_LC` VALUES ('4b85f0cd2e3b4a6e90fceb104b703d5b', '1000001', 'BANK_ENT_ICBC', '中国工行银行*0.01CNY*180452810516419', 'CP902', 'CNY', '1.00', '0.00', '0.00', '2016-04-19 11:41:21', '30', '2', '1000001', 'ICBC', 'ICBC', '400090001604411', 'CMM595176883', null, 'http://192.168.59.90:8080/starwish-portal/interface/starwish/withdrawNoticeUrl', null, '2016-04-19 11:36:05', '70', '2099-12-31 23:59:59', null, 'Dc34c23b8cfa4', 'drawMoney', '1', '225', 'ICBC', 'ICBC', '4000020829200148508', 'CMM595176883', 'N', null, '2016-04-19 11:35:53', '2016-04-19 11:36:05', null, null, '0', null, null);
INSERT INTO `CIFPAY_LC` VALUES ('4d04ae21154943028dad68135ab5cb75', '1000001', 'BANK_ENT_ICBC', '中国工行银行*0.01CNY*56297499216401', 'CP902', 'CNY', '1.00', '0.00', '1.00', '2016-04-01 10:21:47', '30', '2', '1000001', 'ICBC', 'ICBC', '400090001604411', null, null, 'http://www.helloxxx.com.xx/withdraw/notify', null, '2016-04-01 11:27:02', '12', '2016-04-01 11:27:02', null, 'W1459477307963', '提现测试', '1', '13800138000', 'PAB', 'PAB', '4000020829200148508', null, 'N', null, '2016-04-01 11:26:44', '2016-04-01 11:27:02', null, null, '0', null, null);
INSERT INTO `CIFPAY_LC` VALUES ('4d056e05b93f410c9463786629f80988', '1000001', 'BANK_ENT_ICBC', '中国工行银行*0.01CNY*143861366216329', 'CP902', 'CNY', '1.00', '0.00', '1.00', '2016-03-29 09:38:03', '30', '2', '1000001', 'ICBC', 'ICBC', '400090001604411', null, null, 'http://www.helloxxx.com.xx/withdraw/notify', null, '2016-03-29 09:44:43', '12', '2016-03-29 09:44:43', null, 'W1459215483249', '提现测试', '1', '13800138000', 'ICBC', 'ICBC', '4000020829200148508', null, 'N', null, '2016-03-29 09:37:32', '2016-03-29 09:44:43', null, null, '0', null, null);
INSERT INTO `CIFPAY_LC` VALUES ('4d54ac64129241ce88d885da47b64d94', '1000001', 'cifpay', 'PAB*010.00CNY*L7K5c8i4UCdJts6LynGGmF', 'CP301', 'CNY', '10.00', '0.00', '10.00', '2015-12-03 22:00:17', '10', '1', null, 'PAB', null, null, null, 'http://127.0.0.1:8082/gateway/oldlc/returnOpenView', 'http://192.168.59.178:8082/gateway/oldlc/notice', 'http://192.168.59.178:8082/gateway/oldlc/notice', null, 'CREDIT_TO_OPEN', '2016-04-21 17:36:47', null, '20160420173643150821', '红包充值', '2', null, 'PAB', null, null, null, 'N', null, '2016-04-20 17:36:47', null, null, null, '0', null, null);
INSERT INTO `CIFPAY_LC` VALUES ('4def273f01d84139b5c2bf2dda215980', '1000001', 'cifpay', 'PAB*010.00CNY*bw9caGuv8EoZGGwpgt6PsF', 'CP301', 'CNY', '10.00', '0.00', '10.00', '2015-12-03 22:01:10', '10', '1', null, 'PAB', null, null, '26cc2ea3d0c24fdfb96e7e43c642a4df', 'http://127.0.0.1:8084/lcmock-merchant-site/recharge/callback', 'http://127.0.0.1:8084/lcmock-merchant-site/recharge/notify', 'http://127.0.0.1:8084/lcmock-merchant-site/recharge/notify', null, 'CREDIT_CONFIRMED_PAY', '2016-04-22 10:51:23', null, '20160421105020231877', '红包充值', '2', null, 'PAB', null, null, null, 'N', null, '2016-04-21 10:50:25', null, null, null, '0', null, null);
INSERT INTO `CIFPAY_LC` VALUES ('4e50dc1f9f584937b2c10a2562b53785', '1000001', 'THIRD_PAY', '银信证*0.01RMB*1000001C74403e528d35', 'CP300', 'CNY', '1.00', '1.00', '0.00', '2016-04-21 16:29:51', '30', '1', '225', 'ALIPAY', null, null, null, 'http://192.168.59.90:8080/starwish-portal/interface/starwish/rechargeReturnUrl?requestId=f6b2d9401f324f45b1a68035802d69ae', 'http://192.168.59.90:8080/starwish-portal/interface/starwish/rechargeNoticeUrl', null, '2016-04-21 16:29:51', '10', null, '2016-04-21 23:59:59', '109791574920160421162950940', '我的订单', '2', '2088221310230022', 'ALIPAY', null, 'admin@et2t.com', null, 'N', null, '2016-04-21 16:29:51', '2016-04-21 16:29:51', 'f6b2d9401f324f45b1a68035802d69ae', null, '0', null, null);
INSERT INTO `CIFPAY_LC` VALUES ('4e8d49ec50274841885052beab7ae1ac', '1000001', 'THIRD_PAY', '银信证*0.01RMB*1000001Cb5a8dcd4bf4c', 'CP300', 'CNY', '1.00', '0.00', '0.00', '2016-04-19 11:13:56', '30', '1', '225', 'ALIPAY', null, '18664556639', '2016041921001004760274997264', 'http://192.168.59.90:8080/starwish-portal/interface/starwish/rechargeReturnUrl?requestId=502606ec8fa047d08fe697ca1baf61e8', 'http://192.168.59.90:8080/starwish-portal/interface/starwish/rechargeNoticeUrl', null, '2016-04-19 11:13:56', '70', null, '2016-04-19 23:59:59', '15640322132016041911135658', '充值', '2', '2088221310230022', 'ALIPAY', null, 'admin@et2t.com', null, 'N', null, '2016-04-19 11:13:56', '2016-04-19 11:18:08', '502606ec8fa047d08fe697ca1baf61e8', null, '0', null, null);
INSERT INTO `CIFPAY_LC` VALUES ('4eafe340d6cb4881ab620e1c8822f6bf', '1000001', 'BANK_ENT_ICBC', '中国工行银行*0.01CNY*150651989816419', 'CP902', 'CNY', '1.00', '0.00', '1.00', '2016-04-19 14:15:47', '30', '2', '1000001', 'ICBC', 'ICBC', '400090001604411', null, null, 'http://192.168.59.90:8080/starwish-portal/interface/starwish/withdrawNoticeUrl', null, null, '12', '2016-04-20 14:10:19', null, 'D96de886d70ed', 'drawMoney', '1', '225', 'ICBC', 'ICBC', '4000020829200148508', null, 'N', null, '2016-04-19 14:10:19', null, null, null, '0', null, null);
INSERT INTO `CIFPAY_LC` VALUES ('4ebc41083e59464b84d2293be483d127', '1000001', 'BANK_ENT_ICBC', '中国工行银行*0.01CNY*116305221716415', 'CP902', 'CNY', '1.00', '0.00', '1.00', '2016-04-15 14:38:02', '30', '2', '1000001', 'ICBC', 'ICBC', '400090001604411', null, null, 'http://192.168.59.237:9080/withdraw/notify', null, null, '10', '2016-04-16 14:38:24', null, 'W1460702282427', '提现测试', '1', '1002', 'ICBC', 'ICBC', '4000020829200148508', null, 'N', null, '2016-04-15 14:38:24', null, null, null, '0', null, null);
INSERT INTO `CIFPAY_LC` VALUES ('4efe162cadc0475fb0017690609815eb', '1000001', 'BANK_ENT_ICBC', '中国工行银行*0.01CNY*108621477516419', 'CP902', 'CNY', '1.00', '0.00', '1.00', '2016-04-19 18:26:36', '30', '2', '1000001', 'ICBC', 'ICBC', '400090001604411', null, null, 'http://192.168.59.90:8080/starwish-portal/interface/starwish/withdrawNoticeUrl', null, '2016-04-19 18:21:10', '12', '2016-04-19 18:21:10', null, 'D6e6e2ea982e1', 'drawMoney', '1', '225', 'ICBC', 'ICBC', '4000020829200148508', null, 'N', null, '2016-04-19 18:21:09', '2016-04-19 18:21:10', null, null, '0', null, null);
INSERT INTO `CIFPAY_LC` VALUES ('4f52dff4652b4c098ff355e245036497', '1000001', 'BANK_ENT_ICBC', '中国工行银行*1,000.88CNY*211472993816328', 'CP902', 'CNY', '100088.00', '0.00', '0.00', '2016-03-28 11:28:41', '30', '2', '1000001', 'ICBC', 'ICBC', '400090001604411', 'CMM593526898', null, 'http://192.168.51.184:8080/cifbill/pay/withdrawNoticeUrl', null, '2016-03-28 17:54:25', '70', '2099-12-31 23:59:59', null, 'W291e17f4af55', '提现测试', '1', '13800138000', 'ICBC', 'ICBC', '4000020829200148508', 'CMM593526898', 'N', null, '2016-03-28 17:54:21', '2016-03-28 17:54:25', null, null, '0', null, null);
INSERT INTO `CIFPAY_LC` VALUES ('4fe4a7ee257a475a827bc412ed0efd97', '1000001', 'BANK_ENT_ICBC', '中国工行银行*1,000.88CNY*213404681016329', 'CP902', 'CNY', '100088.00', '0.00', '100088.00', '2016-03-28 11:28:41', '30', '2', '1000001', 'ICBC', 'ICBC', '400090001604411', null, null, 'http://www.helloxxx.com.xx/withdraw/notify', null, '2016-03-29 14:04:36', '12', '2016-03-29 14:04:36', null, 'W031430045a5a', '提现测试', '1', '13800138000', 'ICBC', 'ICBC', '4000020829200148508', null, 'N', null, '2016-03-29 13:45:58', '2016-03-29 14:04:36', null, null, '0', null, null);
INSERT INTO `CIFPAY_LC` VALUES ('502cf28ebab545c490f6ed007b1de4fb', '1000001', 'BANK_ENT_ICBC', '中国工行银行*0.01CNY*111145156016401', 'CP902', 'CNY', '1.00', '0.00', '1.00', '2016-04-01 10:21:47', '30', '2', '1000001', 'ICBC', 'ICBC', '400090001604411', 'CMM594086895', null, 'http://www.helloxxx.com.xx/withdraw/notify', null, '2016-04-01 11:06:03', '12', '2016-04-01 11:06:03', null, 'W1459477307963', '提现测试', '1', '13800138000', 'PAB', 'PAB', '4000020829200148508', 'CMM594086895', 'N', null, '2016-04-01 11:05:51', '2016-04-01 11:06:03', null, null, '0', null, null);
INSERT INTO `CIFPAY_LC` VALUES ('5070bb7f5c7c4eaa87a328d56a3970de', '1000001', 'BANK_ENT_ICBC', '中国工行银行*0.01CNY*140238742516420', 'CP902', 'CNY', '1.00', '0.00', '0.00', '2016-04-20 11:09:51', '30', '2', '1000001', 'ICBC', 'ICBC', '400090001604411', 'CMM595396887', null, 'http://192.168.59.90:8080/starwish-portal/interface/starwish/withdrawNoticeUrl', null, '2016-04-20 11:10:21', '70', '2099-12-31 23:59:59', null, 'D0ee09425ddee', 'drawMoney', '1', '225', 'ICBC', 'ICBC', '4000020829200148508', 'CMM595396887', 'N', null, '2016-04-20 11:10:11', '2016-04-20 11:10:21', null, null, '0', null, null);
INSERT INTO `CIFPAY_LC` VALUES ('5196587016b740ef804367fba359ec9f', '1000001', 'BANK_ENT_ICBC', '中国工行银行*1,000.88CNY*176680531116329', 'CP902', 'CNY', '100088.00', '0.00', '0.00', '2016-03-28 11:28:41', '30', '2', '1000001', 'ICBC', 'ICBC', '400090001604411', 'CMM593566883', null, 'http://www.helloxxx.com.xx/withdraw/notify', null, '2016-03-29 09:35:20', '70', '2099-12-31 23:59:59', null, 'W1e3d96dc3781', '提现测试', '1', '13800138000', 'ICBC', 'ICBC', '4000020829200148508', 'CMM593566883', 'N', null, '2016-03-29 09:35:15', '2016-03-29 09:35:20', null, null, '0', null, null);
INSERT INTO `CIFPAY_LC` VALUES ('51c5d767831c469e8674934faedf2904', '1000001', 'BANK_ENT_ICBC', '中国工行银行*0.01CNY*520989916331', 'CP902', 'CNY', '1.00', '0.00', '1.00', '2016-03-31 10:35:27', '30', '2', '1000001', 'ICBC', 'ICBC', '400090001604411', null, null, 'http://www.helloxxx.com.xx/withdraw/notify', null, '2016-03-31 18:35:58', '12', '2016-03-31 18:35:58', null, 'W1459391727662', '提现测试', '1', '13800138000', 'PAB', 'PAB', '4000020829200148508', null, 'N', null, '2016-03-31 18:35:49', '2016-03-31 18:35:58', null, null, '0', null, null);
INSERT INTO `CIFPAY_LC` VALUES ('51d0dafbe2404225bbb121c99049d5e3', '111222111', '3RD_ALIPAY', '银信证*0.01RMB*111222111orderId829f65ce-fbd0-4647-9ef5-e1eab84beba1', 'CP300', 'CNY', '1.00', '1.00', '0.00', '2016-03-22 18:08:31', '40', '1', '111222111', 'ALIPAY', null, null, null, 'http://192.168.59.73:8080/starwish-portal/interface/starwish/getRechargeResult', 'http://192.168.59.73:8080/starwish-portal/interface/starwish/noticeRechargeResult', null, '2016-03-22 18:08:31', '10', null, '2016-03-22 23:59:59', 'bb121c99049d5e320160322180830607', '提现', '2', '2088221310230022', 'ALIPAY', null, 'admin@et2t.com', null, 'N', null, '2016-03-22 18:08:31', '2016-03-22 18:08:31', '8fe83b7c-255d-43a3-848b-6d4dfde0d232', null, '0', null, null);
INSERT INTO `CIFPAY_LC` VALUES ('52012e1242cf4266b622b685686c590c', '9992222', 'THIRD_PAY', '银信证*0.01RMB*9992222orderIddacff47f-f912-4e6e-91c5-d02e7015351a', 'CP300', 'CNY', '1.00', '-1.00', '0.00', '2016-03-24 09:40:12', '30', '1', '9992222', 'ALIPAY', null, 'zyem126@126.com', '2016032421001004990214944667', 'http://192.168.59.73:8080/starwish-portal/interface/starwish/getRechargeResult', 'http://192.168.59.73:8080/starwish-portal/interface/starwish/noticeRechargeResult', null, '2016-03-24 09:40:12', '70', null, '2016-03-24 23:59:59', '622b685686c590c20160324094011595', '提现', '2', '2088221310230022', 'ALIPAY', null, 'admin@et2t.com', null, 'N', null, '2016-03-24 09:40:12', '2016-03-24 10:04:43', '9b440a55-d03b-47c1-8ee8-58e05907082f', null, '0', null, null);
INSERT INTO `CIFPAY_LC` VALUES ('52323a2bbeb0484cb749d3812910e8c8', 'null', '3RD_ALIPAY', '银信证*0.01RMB*nullorderId4122eb9d-32e8-4dc1-af50-dd41ca248c46', 'CP300', 'CNY', '1.00', '1.00', '0.00', '2016-03-22 11:15:57', '40', '1', 'null', 'ALIPAY', null, null, null, 'http://192.168.59.73:8080/starwish-portal/interface/starwish/getRechargeResult', 'http://192.168.59.73:8080/starwish-portal/interface/starwish/noticeRechargeResult', null, '2016-03-22 11:15:57', '10', null, '2016-03-22 23:59:59', '749d3812910e8c820160322111557363', '??', '2', '2088221310230022', 'ALIPAY', null, 'admin@et2t.com', null, 'N', null, '2016-03-22 11:15:57', '2016-03-22 11:15:57', '1e6714d4-f1e3-4760-99e2-7b331e1bbd28', null, '0', null, null);
INSERT INTO `CIFPAY_LC` VALUES ('528c539ae95543bb8232921537b4c785', '1000001', 'BANK_ENT_ICBC', '中国工行银行*0.01CNY*76366540616418', 'CP902', 'CNY', '1.00', '0.00', '1.00', '2016-04-18 11:12:40', '30', '2', '1000001', 'ICBC', 'ICBC', '400090001604411', null, null, 'http://192.168.59.237:9080/withdraw/notify', null, '2016-04-18 11:13:22', '12', '2016-04-18 11:13:22', null, 'W1460949160276', '提现测试', '1', '1002', 'ICBC', 'ICBC', '4000020829200148508', null, 'N', null, '2016-04-18 11:13:22', '2016-04-18 11:13:22', null, null, '0', null, null);
INSERT INTO `CIFPAY_LC` VALUES ('5419b0b11efb4a4099fe1bc53061ffd1', '1000001', 'THIRD_PAY', '银信证*0.01RMB*1000001C7ed63d6ff2f7', 'CP300', 'CNY', '1.00', '1.00', '0.00', '2016-04-21 21:03:46', '30', '1', '225', 'ALIPAY', null, null, null, 'http://192.168.59.90:8080/starwish-portal/interface/starwish/rechargeReturnUrl?requestId=6e4493e01f03485687d17f89bcb7bb7d', 'http://192.168.59.90:8080/starwish-portal/interface/starwish/rechargeNoticeUrl', null, '2016-04-21 21:03:46', '10', null, '2016-04-21 23:59:59', '162802185220160421210345860', '我的订单', '2', '2088221310230022', 'ALIPAY', null, 'admin@et2t.com', null, 'N', null, '2016-04-21 21:03:46', '2016-04-21 21:03:46', '6e4493e01f03485687d17f89bcb7bb7d', null, '0', null, null);
INSERT INTO `CIFPAY_LC` VALUES ('5439855de4cc4ee1a6e42dab55a9c41e', '1000001', 'BANK_ENT_ICBC', '中国工行银行*1,000.88CNY*1007620716328', 'CP902', 'CNY', '100088.00', '0.00', '0.00', '2016-03-28 11:28:41', '30', '2', '1000001', 'ICBC', 'ICBC', '400090001604411', 'CMM593526901', null, 'http://www.helloxxx.com.xx/withdraw/notify', null, '2016-03-28 17:59:02', '70', '2099-12-31 23:59:59', null, 'W7083c151837a', '提现测试', '1', '13800138000', 'ICBC', 'ICBC', '4000020829200148508', 'CMM593526901', 'N', null, '2016-03-28 17:56:25', '2016-03-28 17:59:02', null, null, '0', null, null);
INSERT INTO `CIFPAY_LC` VALUES ('544d7e05e86b4efb98adaeb503c66a31', '1000001', 'cifpay', 'PAB*010.00CNY*9p5LoTPAjzwFqAs8kjWxzG', 'CP300', 'CNY', '10.00', '0.00', '10.00', '2015-12-03 23:09:15', '10', '1', null, 'PAB', null, null, null, 'http://127.0.0.1:8082/cifpaylc-gateway/oldlc/returnOpenView', 'http://192.168.59.238:8082/cifpaylc-gateway/oldlc/notice', 'http://192.168.59.238:8082/cifpaylc-gateway/oldlc/notice', null, 'CREDIT_TO_OPEN', '2016-04-20 15:25:54', null, '20160419152450506203', '红包充值', '2', null, 'PAB', null, null, null, 'N', null, '2016-04-19 15:25:54', null, null, null, '0', null, null);
INSERT INTO `CIFPAY_LC` VALUES ('5480bbd2aa694571a7f86e50b5fba396', '1000001', 'BANK_ENT_ICBC', '中国工行银行*0.01CNY*81743265916416', 'CP902', 'CNY', '1.00', '0.00', '1.00', '2016-04-15 17:38:16', '30', '2', '1000001', 'ICBC', 'ICBC', '400090001604411', null, null, 'http://192.168.59.237:9080/withdraw/notify', null, '2016-04-16 16:57:56', '12', '2016-04-16 16:57:56', null, 'W1460713097001', '提现测试', '1', '1002', 'ICBC', 'ICBC', '4000020829200148508', null, 'N', null, '2016-04-16 16:57:55', '2016-04-16 16:57:56', null, null, '0', null, null);
INSERT INTO `CIFPAY_LC` VALUES ('54fea159245447d7a232e95c581e293a', '1000001', 'THIRD_PAY', '银信证*0.01RMB*1000001Cc06b86ea6167', 'CP300', 'CNY', '1.00', '1.00', '0.00', '2016-04-21 16:27:29', '30', '1', '225', 'ALIPAY', null, null, null, 'http://192.168.59.90:8080/starwish-portal/interface/starwish/rechargeReturnUrl?requestId=6d7d63b804444b7f91ba1b34cb5a4c86', 'http://192.168.59.90:8080/starwish-portal/interface/starwish/rechargeNoticeUrl', null, '2016-04-21 16:27:29', '10', null, '2016-04-21 23:59:59', '95591610320160421162729316', '我的订单', '2', '2088221310230022', 'ALIPAY', null, 'admin@et2t.com', null, 'N', null, '2016-04-21 16:27:29', '2016-04-21 16:27:29', '6d7d63b804444b7f91ba1b34cb5a4c86', null, '0', null, null);
INSERT INTO `CIFPAY_LC` VALUES ('55bb7b345b6c4632b8a1d6f7edb72cc7', '1000001', 'BANK_ENT_ICBC', '中国工行银行*1,000.88CNY*76649122316328', 'CP902', 'CNY', '100088.00', '0.00', '0.00', '2016-03-28 11:28:41', '30', '2', '1000001', 'ICBC', 'ICBC', '400090001604411', 'CMM593526900', null, 'http://192.168.51.184:8080/cifbill/pay/withdrawNoticeUrl', null, '2016-03-28 17:55:35', '70', '2099-12-31 23:59:59', null, 'W76dbd2e8ad0f', '提现测试', '1', '13800138000', 'ICBC', 'ICBC', '4000020829200148508', 'CMM593526900', 'N', null, '2016-03-28 17:55:31', '2016-03-28 17:55:35', null, null, '0', null, null);
INSERT INTO `CIFPAY_LC` VALUES ('56049871fadd4310b05c371a7558a477', '1000001', 'BANK_ENT_ICBC', '中国工行银行*1,000.88CNY*14625244316329', 'CP902', 'CNY', '100088.00', '0.00', '100088.00', '2016-03-28 11:28:41', '30', '2', '1000001', 'ICBC', 'ICBC', '400090001604411', null, null, 'http://192.168.51.184:8080/cifbill/pay/withdrawNoticeUrl', null, '2016-03-29 09:44:17', '12', '2016-03-29 09:44:17', null, 'W1ba48ca549e7', '提现测试', '1', '13800138000', 'ICBC', 'ICBC', '4000020829200148508', null, 'N', null, '2016-03-29 09:37:15', '2016-03-29 09:44:17', null, null, '0', null, null);
INSERT INTO `CIFPAY_LC` VALUES ('56f2caf1fe00436baffdbac879f108aa', '1000001', 'THIRD_PAY', '银信证*0.01RMB*1000001C807cb94cfb8f', 'CP300', 'CNY', '1.00', '1.00', '0.00', '2016-04-16 18:31:45', '30', '1', '225', 'ALIPAY', null, null, null, 'http://192.168.59.90:8080/starwish-portal/interface/starwish/rechargeReturnUrl?requestId=045be44ff2a941009eb8bd0be8d0d83d', 'http://192.168.59.90:8080/starwish-portal/interface/starwish/rechargeNoticeUrl', null, '2016-04-16 18:31:45', '10', null, '2016-04-16 23:59:59', '23158338020160416183144731', '充值', '2', '2088221310230022', 'ALIPAY', null, 'admin@et2t.com', null, 'N', null, '2016-04-16 18:31:45', '2016-04-16 18:31:45', '045be44ff2a941009eb8bd0be8d0d83d', null, '0', null, null);
INSERT INTO `CIFPAY_LC` VALUES ('5743af826a8b42d4841317c591f8ca65', '1000001', 'THIRD_PAY', '银信证*0.01RMB*1000001Ce6a8b2b7d2df', 'CP300', 'CNY', '1.00', '1.00', '0.00', '2016-04-16 17:58:45', '30', '1', '225', 'ALIPAY', null, null, null, 'http://192.168.59.104:8080/starwish-portal/interface/starwish/rechargeReturnUrl?requestId=7ada74b9f6b14e2b88d11113afa76f2c', 'http://192.168.59.104:8080/starwish-portal/interface/starwish/rechargeNoticeUrl', null, '2016-04-16 17:58:45', '10', null, '2016-04-16 23:59:59', '81031433620160416175844522', '充值', '2', '2088221310230022', 'ALIPAY', null, 'admin@et2t.com', null, 'N', null, '2016-04-16 17:58:45', '2016-04-16 17:58:45', '7ada74b9f6b14e2b88d11113afa76f2c', null, '0', null, null);
INSERT INTO `CIFPAY_LC` VALUES ('57683d97662443879e73cdbb132fb497', '1000001', 'BANK_ENT_ICBC', '中国工行银行*0.01CNY*24494915016416', 'CP902', 'CNY', '1.00', '0.00', '1.00', '2016-04-16 12:42:13', '30', '2', '1000001', 'ICBC', 'ICBC', '400090001604411', null, null, 'http://192.168.59.237:9080/withdraw/notify', null, '2016-04-16 12:43:04', '12', '2016-04-16 12:43:04', null, 'W1460781733655', '提现测试', '1', '1002', 'ICBC', 'ICBC', '4000020829200148508', null, 'N', null, '2016-04-16 12:42:58', '2016-04-16 12:43:04', null, null, '0', null, null);
INSERT INTO `CIFPAY_LC` VALUES ('57ad60ee989b4b26b4bbc3a67b651e57', '1000001', 'cifpay', 'PAB*010.00CNY*yj5Us5a2tYVcfpX2YWECcH', 'CP301', 'CNY', '10.00', '0.00', '10.00', '2015-12-03 22:00:17', '10', '1', null, 'PAB', null, null, null, 'http://127.0.0.1:8082/gateway/oldlc/returnOpenView', 'http://192.168.59.178:8082/gateway/oldlc/notice', 'http://192.168.59.178:8082/gateway/oldlc/notice', null, 'CREDIT_TO_OPEN', '2016-04-21 17:36:36', null, '20160420173633945020', '红包充值', '2', null, 'PAB', null, null, null, 'N', null, '2016-04-20 17:36:36', null, null, null, '0', null, null);
INSERT INTO `CIFPAY_LC` VALUES ('58bdc1af6a4e43ff9b191600a5babd32', '1000001', 'cifpay', 'PAB*010.00CNY*DrgVbuLWwc8QNe9cKGHynH', 'CP300', 'CNY', '10.00', '0.00', '10.00', '2015-12-03 23:09:15', '10', '1', null, 'PAB', null, null, null, 'http://127.0.0.1:8082/cifpaylc-gateway/oldlc/returnOpenView', 'http://192.168.59.238:8082/cifpaylc-gateway/oldlc/notice', 'http://192.168.59.238:8082/cifpaylc-gateway/oldlc/notice', null, 'CREDIT_TO_OPEN', '2016-04-20 15:18:30', null, '20160419150823330218', '红包充值', '2', null, 'PAB', null, null, null, 'N', null, '2016-04-19 15:18:30', null, null, null, '0', null, null);
INSERT INTO `CIFPAY_LC` VALUES ('599ae3a1f33648b3a9c905326d2a2de5', '1000001', 'BANK_ENT_ICBC', '中国工行银行*0.01CNY*67287984016401', 'CP902', 'CNY', '1.00', '0.00', '1.00', '2016-04-01 10:21:47', '30', '2', '1000001', 'ICBC', 'ICBC', '400090001604411', null, null, 'http://www.helloxxx.com.xx/withdraw/notify', null, '2016-04-01 10:57:37', '12', '2016-04-01 10:57:37', null, 'W1459477307963', '提现测试', '1', '13800138000', 'PAB', 'PAB', '4000020829200148508', null, 'N', null, '2016-04-01 10:57:33', '2016-04-01 10:57:37', null, null, '0', null, null);
INSERT INTO `CIFPAY_LC` VALUES ('59fc6eae03d7477499ae12122baf614b', '1000001', 'BANK_ENT_ICBC', '中国工行银行*0.01CNY*46813121816418', 'CP902', 'CNY', '1.00', '0.00', '0.00', '2016-04-18 10:44:39', '30', '2', '1000001', 'ICBC', 'ICBC', '400090001604411', 'CMM595116890', null, 'http://192.168.59.237:9080/withdraw/notify', null, '2016-04-18 11:05:10', '70', '2099-12-31 23:59:59', null, 'W1460947479570', '提现测试', '1', '1002', 'ICBC', 'ICBC', '4000020829200148508', 'CMM595116890', 'N', null, '2016-04-18 11:00:52', '2016-04-18 11:05:10', null, null, '0', null, null);
INSERT INTO `CIFPAY_LC` VALUES ('5a09174e9a8e40a4833917cb0f2a6dfc', '1000001', 'BANK_ENT_ICBC', '中国工行银行*0.01CNY*182455859816418', 'CP902', 'CNY', '1.00', '0.00', '1.00', '2016-04-18 13:40:39', '30', '2', '1000001', 'ICBC', 'ICBC', '400090001604411', null, null, 'http://192.168.59.237:9080/withdraw/notify', null, '2016-04-18 16:05:14', '12', '2016-04-18 16:05:14', null, 'W1460958039313', '提现测试', '1', '1002', 'ICBC', 'ICBC', '4000020829200148508', null, 'N', null, '2016-04-18 16:05:13', '2016-04-18 16:05:14', null, null, '0', null, null);
INSERT INTO `CIFPAY_LC` VALUES ('5b0ea7df55904bfbb1c627c285522adc', '1000001', 'BANK_ENT_ICBC', '中国工行银行*0.01CNY*182700208716401', 'CP902', 'CNY', '1.00', '0.00', '0.00', '2016-04-01 14:44:32', '30', '2', '1000001', 'ICBC', 'ICBC', '400090001604411', '18270020872016040114445134', null, 'http://www.mocktesting.com:9080/withdraw/notify', null, '2016-04-01 14:46:31', '70', '2099-12-31 23:59:59', null, 'W1459493072471', '提现测试', '1', '13800138000', 'PAB', 'PAB', '4000020829200148508', '18270020872016040114445134', 'N', null, '2016-04-01 14:44:51', '2016-04-01 14:46:31', null, null, '0', null, null);
INSERT INTO `CIFPAY_LC` VALUES ('5bcdb0747fcc4c7e958c5361d752ab53', '1000001', 'BANK_ENT_ICBC', '中国工行银行*0.01CNY*15593732416418', 'CP902', 'CNY', '1.00', '0.00', '1.00', '2016-04-18 10:44:39', '30', '2', '1000001', 'ICBC', 'ICBC', '400090001604411', null, null, 'http://192.168.59.237:9080/withdraw/notify', null, '2016-04-18 10:55:52', '12', '2016-04-18 10:55:52', null, 'W1460947479570', '提现测试', '1', '1002', 'ICBC', 'ICBC', '4000020829200148508', null, 'N', null, '2016-04-18 10:55:51', '2016-04-18 10:55:52', null, null, '0', null, null);
INSERT INTO `CIFPAY_LC` VALUES ('5c1c6c90fe9c45999e516a12bcedb2b8', '1000001', 'BANK_ENT_ICBC', '中国工行银行*0.01CNY*74269479216418', 'CP902', 'CNY', '1.00', '0.00', '1.00', '2016-04-18 11:44:49', '30', '2', '1000001', 'ICBC', 'ICBC', '400090001604411', null, null, 'http://192.168.59.237:9080/withdraw/notify', null, '2016-04-18 13:38:12', '12', '2016-04-18 13:38:12', null, 'W1460951089205', '提现测试', '1', '1002', 'ICBC', 'ICBC', '4000020829200148508', null, 'N', null, '2016-04-18 13:38:12', '2016-04-18 13:38:12', null, null, '0', null, null);
INSERT INTO `CIFPAY_LC` VALUES ('5ccd2042ec374ca1bc71a38f7e8fbb48', '1000001', 'cifpay', 'PAB*010.00CNY*onD87BFBnwgCs23VtSFAXJ', 'CP300', 'CNY', '10.00', '0.00', '10.00', '2015-12-03 23:09:15', '10', '1', null, 'PAB', null, null, null, 'http://127.0.0.1:8082/cifpaylc-gateway/oldlc/returnOpenView', 'http://192.168.59.238:8082/cifpaylc-gateway/oldlc/notice', 'http://192.168.59.238:8082/cifpaylc-gateway/oldlc/notice', null, 'CREDIT_TO_OPEN', '2016-04-20 15:17:30', null, '20160419150823330218', '红包充值', '2', null, 'PAB', null, null, null, 'N', null, '2016-04-19 15:17:30', null, null, null, '0', null, null);
INSERT INTO `CIFPAY_LC` VALUES ('5d1742127692493e92258ad6943449b8', '1000001', 'BANK_ENT_ICBC', '中国工行银行*0.01CNY*9899588716418', 'CP902', 'CNY', '1.00', '0.00', '1.00', '2016-04-18 13:40:39', '30', '2', '1000001', 'ICBC', 'ICBC', '400090001604411', null, null, 'http://192.168.59.237:9080/withdraw/notify', null, '2016-04-18 13:42:34', '12', '2016-04-18 13:42:34', null, 'W1460958039313', '提现测试', '1', '1002', 'ICBC', 'ICBC', '4000020829200148508', null, 'N', null, '2016-04-18 13:42:25', '2016-04-18 13:42:34', null, null, '0', null, null);
INSERT INTO `CIFPAY_LC` VALUES ('5d8819718ecc4a31bb44adf660602ed7', '1000001', 'BANK_ENT_ICBC', '中国工行银行*0.01CNY*27948113016330', 'CP902', 'CNY', '1.00', '0.00', '1.00', '2016-03-30 16:40:00', '30', '2', '1000001', 'ICBC', 'ICBC', '400090001604411', null, null, 'http://www.helloxxx.com.xx/withdraw/notify', null, '2016-03-30 16:43:01', '12', '2016-03-30 16:43:01', null, 'W1459327200396', '提现测试', '1', '13800138000', 'ICBC', 'ICBC', '4000020829200148508', null, 'N', null, '2016-03-30 16:41:46', '2016-03-30 16:43:01', null, null, '0', null, null);
INSERT INTO `CIFPAY_LC` VALUES ('5de4bb53083b4ed48768f702e9699e5f', '1000001', 'BANK_ENT_ICBC', '中国工行银行*0.01CNY*107543888416420', 'CP902', 'CNY', '1.00', '0.00', '0.00', '2016-04-20 11:01:08', '30', '2', '1000001', 'ICBC', 'ICBC', '400090001604411', 'CMM595396882', null, 'http://192.168.59.90:8080/starwish-portal/interface/starwish/withdrawNoticeUrl', null, '2016-04-20 11:02:04', '70', '2099-12-31 23:59:59', null, 'Df9a66e777b5b', 'drawMoney', '1', '225', 'ICBC', 'ICBC', '4000020829200148508', 'CMM595396882', 'N', null, '2016-04-20 11:01:30', '2016-04-20 11:02:04', null, null, '0', null, null);
INSERT INTO `CIFPAY_LC` VALUES ('5ded5ae0644c477cb0cb46d2a762119a', '1000001', 'cifpay', 'PAB*010.00CNY*FEBBQkETG4ZsGnP2CP6aiJ', 'CP301', 'CNY', '10.00', '0.00', '10.00', '2015-12-03 22:00:09', '10', '1', null, 'PAB', null, null, null, 'http://127.0.0.1:8082/cifpaylc-gateway/oldlc/returnOpenView', 'http://192.168.59.238:8082/cifpaylc-gateway/oldlc/notice', 'http://192.168.59.238:8082/cifpaylc-gateway/oldlc/notice', null, 'CREDIT_TO_OPEN', '2016-04-21 09:47:52', null, '201604200947499581', '红包充值', '2', null, 'PAB', null, null, null, 'N', null, '2016-04-20 09:47:52', null, null, null, '0', null, null);
INSERT INTO `CIFPAY_LC` VALUES ('5e40129f332244468e307b2078e74476', '1000001', 'cifpay', 'PAB*030.00CNY*PbZpsrZ8yKPZGSjdGyrqmJ', 'CP500', 'CNY', '30.00', '0.00', '30.00', '2015-12-03 22:00:16', '10', '1', null, 'PAB', null, null, null, 'http://127.0.0.1:8084/lcmock-merchant-site/recharge/callback', 'http://127.0.0.1:8084/lcmock-merchant-site/recharge/notify', 'http://127.0.0.1:8084/lcmock-merchant-site/recharge/notify', null, 'CREDIT_TO_OPEN', '2016-04-21 16:32:34', null, '20160420163232820871', '雨伞1把30块', '2', null, 'PAB', null, null, null, 'N', null, '2016-04-20 16:32:34', null, null, null, '0', null, null);
INSERT INTO `CIFPAY_LC` VALUES ('5ea11b470e5f4701a5394700abf2524e', '1000001', 'BANK_ENT_ICBC', '中国工行银行*0.01CNY*9761409016415', 'CP902', 'CNY', '1.00', '0.00', '1.00', '2016-04-15 11:36:49', '30', '2', '1000001', 'ICBC', 'ICBC', '400090001604411', null, null, 'http://192.168.59.237:9080/withdraw/notify', null, null, '12', '2016-04-16 12:57:41', null, 'W1460691409301', '提现测试', '1', '1002', 'ICBC', 'ICBC', '4000020829200148508', null, 'N', null, '2016-04-15 12:57:41', null, null, null, '0', null, null);
INSERT INTO `CIFPAY_LC` VALUES ('5ed125ca84024e4591bc9d7708d818b0', '1000001', 'THIRD_PAY', '银信证*10.00RMB*100000120160421173827313493', 'CP300', 'CNY', '1000.00', '1000.00', '0.00', '2016-04-21 17:38:23', '30', '1', '1154545', 'ALIPAY', null, null, null, 'http://127.0.0.1:8084/lcmock-merchant-site/recharge/callback', 'http://127.0.0.1:8084/lcmock-merchant-site/recharge/notify', null, '2016-04-21 17:38:23', '10', null, '2016-04-21 23:59:59', '36241907520160421173823457', '红包充值', '2', '2088221310230022', 'ALIPAY', null, 'admin@et2t.com', null, 'N', null, '2016-04-21 17:38:23', '2016-04-21 17:38:23', '4414553018', null, '0', null, null);
INSERT INTO `CIFPAY_LC` VALUES ('5ff7cc732f584655b0a53006b3089b94', '1000001', 'BANK_ENT_ICBC', '中国工行银行*0.01CNY*102977119316418', 'CP902', 'CNY', '1.00', '0.00', '0.00', '2016-04-18 13:40:39', '30', '2', '1000001', 'ICBC', 'ICBC', '400090001604411', 'CMM595136888', null, 'http://192.168.59.237:9080/withdraw/notify', null, '2016-04-18 16:05:08', '70', '2099-12-31 23:59:59', null, 'W1460958039313', '提现测试', '1', '1002', 'ICBC', 'ICBC', '4000020829200148508', 'CMM595136888', 'N', null, '2016-04-18 16:05:00', '2016-04-18 16:05:08', null, null, '0', null, null);
INSERT INTO `CIFPAY_LC` VALUES ('61fe062698774adf8d57f227f59c0ab1', '1000001', 'cifpay', 'PAB*010.00CNY*78jZkzJd9d26KphXFqynSK', 'CP300', 'CNY', '10.00', '0.00', '10.00', '2015-12-03 23:09:16', '10', '1', null, 'PAB', null, null, null, 'http://127.0.0.1:8082/cifpaylc-gateway/oldlc/returnOpenView', 'http://192.168.59.238:8082/cifpaylc-gateway/oldlc/notice', 'http://192.168.59.238:8082/cifpaylc-gateway/oldlc/notice', null, 'CREDIT_TO_OPEN', '2016-04-20 16:54:48', null, '20160419165442215276', '红包充值', '2', null, 'PAB', null, null, null, 'N', null, '2016-04-19 16:54:48', null, null, null, '0', null, null);
INSERT INTO `CIFPAY_LC` VALUES ('6232664981897216', '1000001', 'BANK_ENT_ICBC', '中国工行银行*0.01CNY*167118058216428', 'CP902', 'CNY', '1.00', '0.00', '1.00', '2016-04-28 15:40:26', '30', '2', '1000001', 'ICBC', 'ICBC', '400090001604411', null, null, 'http://192.168.59.237:9080/withdraw/notify', null, null, '12', '2016-04-29 18:17:53', null, 'W1461829226176', 'a5906991c08a4b089507402e0f0996d3#提现', '1', 'angelshiqian04', 'ICBC', 'ICBC', '4000020829200148508', null, 'N', null, '2016-04-28 18:17:53', null, null, null, '0', null, null);
INSERT INTO `CIFPAY_LC` VALUES ('6314510cb06f4d45af77f1d1b1ce02f2', '1000001', 'BANK_ENT_ICBC', '中国工行银行*0.01CNY*208062277816418', 'CP902', 'CNY', '1.00', '0.00', '0.00', '2016-04-18 16:36:30', '30', '2', '1000001', 'ICBC', 'ICBC', '400090001604411', 'CMM595136914', null, 'http://192.168.59.237:9080/withdraw/notify', null, '2016-04-18 16:50:18', '70', '2099-12-31 23:59:59', null, 'W1460968590499', '提现测试', '1', '1002', 'ICBC', 'ICBC', '4000020829200148508', 'CMM595136914', 'N', null, '2016-04-18 16:50:13', '2016-04-18 16:50:18', null, null, '0', null, null);
INSERT INTO `CIFPAY_LC` VALUES ('6335382a49ca42309dc0cffbf571919b', '1000001', 'BANK_ENT_ICBC', '中国工行银行*0.01CNY*22739253016418', 'CP902', 'CNY', '1.00', '0.00', '1.00', '2016-04-18 10:44:39', '30', '2', '1000001', 'ICBC', 'ICBC', '400090001604411', null, null, 'http://192.168.59.237:9080/withdraw/notify', null, '2016-04-18 10:52:24', '12', '2016-04-18 10:52:24', null, 'W1460947479570', '提现测试', '1', '1002', 'ICBC', 'ICBC', '4000020829200148508', null, 'N', null, '2016-04-18 10:52:24', '2016-04-18 10:52:24', null, null, '0', null, null);
INSERT INTO `CIFPAY_LC` VALUES ('6419d54374f24cb88969ddeafb92893a', '1000001', 'cifpay', 'PAB*030.00CNY*jAnYfxAFD3ZtdA5iQduBpK', 'CP301', 'CNY', '30.00', '0.00', '30.00', '2015-12-02 22:02:16', '10', '1', null, 'PAB', null, null, null, 'http://127.0.0.1:8082/cifpaylc-gateway/oldlc/returnOpenView', 'http://192.168.59.238:8082/cifpaylc-gateway/oldlc/notice', 'http://192.168.59.238:8082/cifpaylc-gateway/oldlc/notice', null, 'CREDIT_TO_OPEN', '2016-03-23 16:02:20', null, '20163221622135671', '雨伞1把30块', '2', null, 'PAB', null, null, null, 'N', null, '2016-03-22 16:02:20', null, null, null, '0', null, null);
INSERT INTO `CIFPAY_LC` VALUES ('643a7974786a4e458dfaaaa99f6a09dd', '111111', 'THIRD_PAY', '银信证*0.01RMB*111111orderIdad238a77653a40c59f9c066e16a7e557', 'CP300', 'CNY', '1.00', '0.00', '0.00', '2016-03-26 15:42:57', '30', '1', '111111', 'ALIPAY', null, 'zyem126@126.com', '2016032621001004990223399109', 'http://192.168.59.73:8080/starwish-portal/interface/starwish/getRechargeResult', 'http://192.168.59.73:8080/starwish-portal/interface/starwish/noticeRechargeResult', null, '2016-03-26 15:42:57', '70', null, '2016-03-26 23:59:59', '67017479320160326154256893', '付款', '2', '2088221310230022', 'ALIPAY', null, 'admin@et2t.com', null, 'N', null, '2016-03-26 15:42:57', '2016-03-26 15:47:04', 'b6acd9b50d4147ccb242ce18a0a6b7b8', null, '0', null, null);
INSERT INTO `CIFPAY_LC` VALUES ('64a18965d95a4b45ba1fd8e5ec550a2e', '1000001', 'BANK_ENT_ICBC', '中国工行银行*0.01CNY*192115314416418', 'CP902', 'CNY', '1.00', '0.00', '1.00', '2016-04-18 16:36:30', '30', '2', '1000001', 'ICBC', 'ICBC', '400090001604411', null, null, 'http://192.168.59.237:9080/withdraw/notify', null, '2016-04-18 16:46:37', '12', '2016-04-18 16:46:37', null, 'W1460968590499', '提现测试', '1', '1002', 'ICBC', 'ICBC', '4000020829200148508', null, 'N', null, '2016-04-18 16:46:36', '2016-04-18 16:46:37', null, null, '0', null, null);
INSERT INTO `CIFPAY_LC` VALUES ('6596661111422976', '1000001', 'BANK_ENT_ICBC', '中国工行银行*0.01CNY*137289164816429', 'CP902', 'CNY', '1.00', '0.00', '1.00', '2016-04-28 15:40:26', '30', '2', '1000001', 'ICBC', 'ICBC', '400090001604411', null, null, 'http://192.168.59.237:9080/withdraw/notify', null, null, '12', '2016-04-30 18:24:16', null, 'W1461829226176', 'a5906991c08a4b089507402e0f0996d3#提现', '1', 'angelshiqian04', 'ICBC', 'ICBC', '4000020829200148508', null, 'N', null, '2016-04-29 18:24:16', null, null, null, '0', null, null);
INSERT INTO `CIFPAY_LC` VALUES ('6596859351007232', '1000001', 'BANK_ENT_ICBC', '中国工行银行*0.01CNY*80104397716429', 'CP902', 'CNY', '1.00', '0.00', '1.00', '2016-04-29 18:24:46', '30', '2', '1000001', 'ICBC', 'ICBC', '400090001604411', null, null, 'http://192.168.59.237:9080/withdraw/notify', null, null, '10', '2016-04-30 18:25:03', null, 'W1461925486587', '5d6eac53422d4e25a2238f4ad483005d#提现', '1', '1002', 'ICBC', 'ICBC', '4000020829200148508', null, 'N', null, '2016-04-29 18:25:03', null, null, null, '0', null, null);
INSERT INTO `CIFPAY_LC` VALUES ('659de5db436145df9d2337b358511ec3', '1000001', 'BANK_ENT_ICBC', '中国工行银行*0.01CNY*73400647116401', 'CP902', 'CNY', '1.00', '0.00', '1.00', '2016-04-01 10:21:47', '30', '2', '1000001', 'ICBC', 'ICBC', '400090001604411', null, null, 'http://www.helloxxx.com.xx/withdraw/notify', null, '2016-04-01 10:56:48', '12', '2016-04-01 10:56:48', null, 'W1459477307963', '提现测试', '1', '13800138000', 'PAB', 'PAB', '4000020829200148508', null, 'N', null, '2016-04-01 10:56:43', '2016-04-01 10:56:48', null, null, '0', null, null);
INSERT INTO `CIFPAY_LC` VALUES ('65d48637ed4f4de3a0091728059435fb', '1000001', 'BANK_ENT_ICBC', '中国工行银行*0.01CNY*90925529816420', 'CP902', 'CNY', '1.00', '0.00', '1.00', '2016-04-20 09:28:19', '30', '2', '1000001', 'ICBC', 'ICBC', '400090001604411', null, null, 'http://192.168.59.237:9080/withdraw/notify', null, '2016-04-20 09:28:56', '12', '2016-04-20 09:28:56', null, 'W1461115699357', '提现测试', '1', '1002', 'ICBC', 'ICBC', '4000020829200148508', null, 'N', null, '2016-04-20 09:28:38', '2016-04-20 09:28:56', null, null, '0', null, null);
INSERT INTO `CIFPAY_LC` VALUES ('66bf664a9d0646dbbdaffd46d30666be', '1000001', 'BANK_ENT_ICBC', '中国工行银行*0.01CNY*37241695916419', 'CP902', 'CNY', '1.00', '0.00', '1.00', '2016-04-19 19:26:08', '30', '2', '1000001', 'ICBC', 'ICBC', '400090001604411', null, null, 'http://192.168.59.90:8080/starwish-portal/interface/starwish/withdrawNoticeUrl', null, '2016-04-19 19:20:42', '12', '2016-04-19 19:20:42', null, 'Dd084900c4c00', 'drawMoney', '1', '225', 'ICBC', 'ICBC', '4000020829200148508', null, 'N', null, '2016-04-19 19:20:41', '2016-04-19 19:20:42', null, null, '0', null, null);
INSERT INTO `CIFPAY_LC` VALUES ('66ee969b339644a78ee35a40600e4468', '1000001', 'THIRD_PAY', '银信证*0.01RMB*1000001Wba301422e06f', 'CP300', 'CNY', '1.00', '1.00', '0.00', '2016-04-15 19:22:41', '30', '1', '1002', 'ALIPAY', null, null, null, 'http://192.168.59.90:8080/starwish-portal/interface/starwish/rechargeReturnUrl', 'http://192.168.59.90:8080/starwish-portal/interface/starwish/rechargeNoticeUrl', null, '2016-04-15 19:22:41', '10', null, '2016-04-15 23:59:59', '135189035520160415192241329', '充值测试', '2', '2088221310230022', 'ALIPAY', null, 'admin@et2t.com', null, 'N', null, '2016-04-15 19:22:41', '2016-04-15 19:22:41', '123456', null, '0', null, null);
INSERT INTO `CIFPAY_LC` VALUES ('674dd1fcff3a4d0893f0b9efe183e089', '1000001', 'BANK_ENT_ICBC', '中国工行银行*0.01CNY*124857083216328', 'CP902', 'CNY', '1.00', '0.00', '0.00', '2016-03-21 16:33:28', '30', '2', '1000001', 'ICBC', 'ICBC', '400090001604411', 'CMM593386882', null, 'http://www.helloxxx.com.xx/withdraw/notify', null, '2016-03-28 10:02:21', '70', '2099-12-31 23:59:59', null, 'W1458549208140', '提现测试', '1', '13800138000', 'ICBC', 'ICBC', '4000020829200148508', 'CMM593386882', 'N', null, '2016-03-28 10:01:39', '2016-03-28 10:02:21', null, null, '0', null, null);
INSERT INTO `CIFPAY_LC` VALUES ('6796c57abba2402ea5d7de781a6d1a25', '1000001', 'BANK_ENT_ICBC', '中国工行银行*1,000.88CNY*93097003616329', 'CP902', 'CNY', '100088.00', '0.00', '0.00', '2016-03-28 11:28:41', '30', '2', '1000001', 'ICBC', 'ICBC', '400090001604411', 'CMM593556885', null, 'http://192.168.51.184:8080/cifbill/pay/withdrawNoticeUrl', null, '2016-03-29 09:28:43', '70', '2099-12-31 23:59:59', null, 'Wce7f9b31431b', '提现测试', '1', '13800138000', 'ICBC', 'ICBC', '4000020829200148508', 'CMM593556885', 'N', null, '2016-03-29 09:28:28', '2016-03-29 09:28:43', null, null, '0', null, null);
INSERT INTO `CIFPAY_LC` VALUES ('69618247776e430fac271965651dab96', '1000001', 'cifpay', 'PAB*010.00CNY*XDmEiNsoeWhc46EFck6jkL', 'CP301', 'CNY', '10.00', '0.00', '10.00', '2015-12-03 22:00:15', '10', '1', null, 'PAB', null, null, null, 'http://127.0.0.1:8082/gateway/oldlc/returnOpenView', 'http://192.168.59.238:8082/gateway/oldlc/notice', 'http://192.168.59.238:8082/gateway/oldlc/notice', null, 'CREDIT_TO_OPEN', '2016-04-21 15:32:43', null, '20160420153239705596', '红包充值', '2', null, 'PAB', null, null, null, 'N', null, '2016-04-20 15:32:43', null, null, null, '0', null, null);
INSERT INTO `CIFPAY_LC` VALUES ('6971c11d8ffc43298849bd807f09d037', '1000001', 'BANK_ENT_ICBC', '中国工行银行*0.01CNY*49637608616419', 'CP902', 'CNY', '1.00', '0.00', '1.00', '2016-04-19 14:17:10', '30', '2', '1000001', 'ICBC', 'ICBC', '400090001604411', null, null, 'http://192.168.59.237:9080/withdraw/notify', null, null, '12', '2016-04-20 15:47:48', null, 'W1461046630168', '提现测试', '1', '1002', 'ICBC', 'ICBC', '4000020829200148508', null, 'N', null, '2016-04-19 15:47:48', null, null, null, '0', null, null);
INSERT INTO `CIFPAY_LC` VALUES ('69f0ed9fa25d4bf79490f5ca04339093', '1000001', 'BANK_ENT_ICBC', '中国工行银行*1,000.88CNY*145345640416329', 'CP902', 'CNY', '100088.00', '0.00', '0.00', '2016-03-28 11:28:41', '30', '2', '1000001', 'ICBC', 'ICBC', '400090001604411', 'CMM593576892', null, 'http://www.helloxxx.com.xx/withdraw/notify', null, '2016-03-29 10:08:46', '70', '2099-12-31 23:59:59', null, 'W166c01659a33', '提现测试', '1', '13800138000', 'ICBC', 'ICBC', '4000020829200148508', 'CMM593576892', 'N', null, '2016-03-29 09:58:47', '2016-03-29 10:08:46', null, null, '0', null, null);
INSERT INTO `CIFPAY_LC` VALUES ('6a6eff9a5b724f0a97f7e8f4be149790', '1000001', 'THIRD_PAY', '银信证*0.01RMB*1000001C7d7f5666775f', 'CP300', 'CNY', '1.00', '1.00', '0.00', '2016-04-21 16:23:25', '30', '1', '225', 'ALIPAY', null, null, null, 'http://192.168.59.90:8080/starwish-portal/interface/starwish/rechargeReturnUrl?requestId=bc6fa855b5a24ecba474039a18a55eb4', 'http://192.168.59.90:8080/starwish-portal/interface/starwish/rechargeNoticeUrl', null, '2016-04-21 16:23:25', '10', null, '2016-04-21 23:59:59', '202973101620160421162324577', '我的订单', '2', '2088221310230022', 'ALIPAY', null, 'admin@et2t.com', null, 'N', null, '2016-04-21 16:23:25', '2016-04-21 16:23:25', 'bc6fa855b5a24ecba474039a18a55eb4', null, '0', null, null);
INSERT INTO `CIFPAY_LC` VALUES ('6a70e3794c8b46eca4b465d8754fdf2e', '1000001', 'BANK_ENT_ICBC', '中国工行银行*0.01CNY*133723554216416', 'CP902', 'CNY', '1.00', '0.00', '1.00', '2016-04-15 17:38:16', '30', '2', '1000001', 'ICBC', 'ICBC', '400090001604411', null, null, 'http://192.168.59.237:9080/withdraw/notify', null, '2016-04-16 16:15:37', '12', '2016-04-16 16:15:37', null, 'W1460713097001', '提现测试', '1', '1002', 'ICBC', 'ICBC', '4000020829200148508', null, 'N', null, '2016-04-16 16:15:33', '2016-04-16 16:15:37', null, null, '0', null, null);
INSERT INTO `CIFPAY_LC` VALUES ('6a730264cc1f46219ddcd242c923ec64', '1000001', 'BANK_ENT_ICBC', '中国工行银行*0.01CNY*195102466616401', 'CP902', 'CNY', '1.00', '0.00', '1.00', '2016-04-01 10:21:47', '30', '2', '1000001', 'ICBC', 'ICBC', '400090001604411', null, null, 'http://www.helloxxx.com.xx/withdraw/notify', null, '2016-04-01 11:27:35', '12', '2016-04-01 11:27:35', null, 'W1459477307963', '提现测试', '1', '13800138000', 'PAB', 'PAB', '4000020829200148508', null, 'N', null, '2016-04-01 11:27:30', '2016-04-01 11:27:35', null, null, '0', null, null);
INSERT INTO `CIFPAY_LC` VALUES ('6b17ec90caeb49fda611124404489ed2', '1000001', 'BANK_ENT_ICBC', '中国工行银行*0.01CNY*183290447716401', 'CP902', 'CNY', '1.00', '0.00', '1.00', '2016-04-01 10:21:47', '30', '2', '1000001', 'ICBC', 'ICBC', '400090001604411', 'CMM594086883', null, 'http://www.helloxxx.com.xx/withdraw/notify', null, '2016-04-01 10:51:28', '12', '2016-04-01 10:51:28', null, 'W1459477307963', '提现测试', '1', '13800138000', 'PAB', 'PAB', '4000020829200148508', 'CMM594086883', 'N', null, '2016-04-01 10:50:45', '2016-04-01 10:51:28', null, null, '0', null, null);
INSERT INTO `CIFPAY_LC` VALUES ('6b8b5ff8141d465b9f8c5da1588c8186', '1000001', 'THIRD_PAY', '银信证*999.00RMB*1000001Ced5b2a07dd3f', 'CP300', 'CNY', '99900.00', '99900.00', '0.00', '2016-04-16 17:45:30', '30', '1', '225', 'ALIPAY', null, null, null, 'http://192.168.59.104:8080/starwish-portal/interface/starwish/rechargeReturnUrl?requestId=eb2de900e27b4a8fbf5e0c72ff05f81f', 'http://192.168.59.104:8080/starwish-portal/interface/starwish/rechargeNoticeUrl', null, '2016-04-16 17:45:30', '10', null, '2016-04-16 23:59:59', '58118432620160416174530233', '充值', '2', '2088221310230022', 'ALIPAY', null, 'admin@et2t.com', null, 'N', null, '2016-04-16 17:45:30', '2016-04-16 17:45:30', 'eb2de900e27b4a8fbf5e0c72ff05f81f', null, '0', null, null);
INSERT INTO `CIFPAY_LC` VALUES ('6b9b9d5d4afb494e983fc229277faa0e', '1000001', 'cifpay', 'PAB*010.00CNY*5uARvozCWPBtEDxrz3SKAM', 'CP300', 'CNY', '10.00', '0.00', '10.00', '2015-12-03 23:09:17', '10', '1', null, 'PAB', null, null, null, 'http://127.0.0.1:8082/cifpaylc-gateway/oldlc/returnOpenView', 'http://192.168.59.238:8082/cifpaylc-gateway/oldlc/notice', 'http://192.168.59.238:8082/cifpaylc-gateway/oldlc/notice', null, 'CREDIT_TO_OPEN', '2016-04-20 17:32:34', null, '2016041917315137910', '红包充值', '2', null, 'PAB', null, null, null, 'N', null, '2016-04-19 17:32:34', null, null, null, '0', null, null);
INSERT INTO `CIFPAY_LC` VALUES ('6c74ba0d8931440bad24c5260b594a7a', '1000001', 'THIRD_PAY', '银信证*0.01RMB*1000001W201603281123243235', 'CP300', 'CNY', '1.00', '1.00', '0.00', '2016-04-15 16:18:24', '30', '1', '10000', 'ALIPAY', null, null, null, 'http://192.168.59.73:8080/starwish-portal/interface/starwish/getRechargeResult', 'http://192.168.59.73:8080/starwish-portal/interface/starwish/noticeRechargeResult', null, '2016-04-15 16:18:24', '10', null, '2016-04-15 23:59:59', '14124729702016041516182410', '充值测试', '2', '2088221310230022', 'ALIPAY', null, 'admin@et2t.com', null, 'N', null, '2016-04-15 16:18:24', '2016-04-15 16:18:24', '123456', null, '0', null, null);
INSERT INTO `CIFPAY_LC` VALUES ('6cbff09703844812b1bbf38aeef7089c', '1000001', 'cifpay', 'CIB*030.00CNY*AJTLSWgotBFySVs9TCXtMM', 'CP301', 'CNY', '30.00', '0.00', '30.00', '2015-12-02 22:02:18', '10', '1', null, 'CIB', null, null, '6570e7a233ee48dab322ae4896033b84', 'http://127.0.0.1:8083/lcmock-merchant-site/recharge/callback', 'http://127.0.0.1:8083/lcmock-merchant-site/recharge/notify', 'http://127.0.0.1:8083/lcmock-merchant-site/recharge/notify', null, 'CREDIT_CONFIRMED_PAY', '2016-03-23 18:10:41', null, '201632218104507546', '雨伞1把30块', '2', null, 'CIB', null, null, null, 'N', null, '2016-03-22 18:10:10', null, null, null, '0', null, null);
INSERT INTO `CIFPAY_LC` VALUES ('6d13aab0ab19448e89e0044be2a41258', '1000001', 'cifpay', 'PAB*010.00CNY*mupBzHT86FHLZjb6VgaDRM', 'CP301', 'CNY', '10.00', '0.00', '10.00', '2015-12-03 22:00:17', '10', '1', null, 'PAB', null, null, null, 'http://127.0.0.1:8082/gateway/oldlc/returnOpenView', 'http://192.168.59.178:8082/gateway/oldlc/notice', 'http://192.168.59.178:8082/gateway/oldlc/notice', null, 'CREDIT_TO_OPEN', '2016-04-21 17:36:59', null, '20160420173656334933', '红包充值', '2', null, 'PAB', null, null, null, 'N', null, '2016-04-20 17:36:59', null, null, null, '0', null, null);
INSERT INTO `CIFPAY_LC` VALUES ('6ddfb6b681a8446096170d24fe079347', '1000001', 'BANK_ENT_ICBC', '中国工行银行*0.01CNY*156357040216418', 'CP902', 'CNY', '1.00', '0.00', '1.00', '2016-04-18 11:12:40', '30', '2', '1000001', 'ICBC', 'ICBC', '400090001604411', null, null, 'http://192.168.59.237:9080/withdraw/notify', null, '2016-04-18 11:27:25', '12', '2016-04-18 11:27:25', null, 'W1460949160276', '提现测试', '1', '1002', 'ICBC', 'ICBC', '4000020829200148508', null, 'N', null, '2016-04-18 11:27:22', '2016-04-18 11:27:25', null, null, '0', null, null);
INSERT INTO `CIFPAY_LC` VALUES ('700c03279b9041b88e8a7e3303dbc1b8', 'null', '3RD_ALIPAY', '银信证*0.01RMB*nullorderId2aa8f952-6285-452a-9d3b-972cf06a5e60', 'CP300', 'CNY', '1.00', '1.00', '0.00', '2016-03-22 11:12:41', '40', '1', 'null', 'ALIPAY', null, null, null, 'http://192.168.59.73:8080/starwish-portal/interface/starwish/getRechargeResult', 'http://192.168.59.73:8080/starwish-portal/interface/starwish/noticeRechargeResult', null, '2016-03-22 11:12:41', '10', null, '2016-03-22 23:59:59', 'e8a7e3303dbc1b820160322111240681', '??', '2', '2088221310230022', 'ALIPAY', null, 'admin@et2t.com', null, 'N', null, '2016-03-22 11:12:41', '2016-03-22 11:12:41', 'fd291065-9a29-47cd-bd69-5a9397d54da8', null, '0', null, null);
INSERT INTO `CIFPAY_LC` VALUES ('716ec1aedbb04a8aacdc34069cc32f22', '1000001', 'THIRD_PAY', '银信证*0.01RMB*1000001C452c85056240', 'CP300', 'CNY', '1.00', '1.00', '0.00', '2016-04-19 10:50:08', '30', '1', '225', 'ALIPAY', null, null, null, 'http://192.168.59.90:8080/starwish-portal/interface/starwish/rechargeReturnUrl?requestId=7623d5734f034347a886652083d9eeeb', 'http://192.168.59.90:8080/starwish-portal/interface/starwish/rechargeNoticeUrl', null, '2016-04-19 10:50:08', '10', null, '2016-04-19 23:59:59', '130387975720160419105008278', '充值', '2', '2088221310230022', 'ALIPAY', null, 'admin@et2t.com', null, 'N', null, '2016-04-19 10:50:08', '2016-04-19 10:50:08', '7623d5734f034347a886652083d9eeeb', null, '0', null, null);
INSERT INTO `CIFPAY_LC` VALUES ('7176a8bddca44b4c9877f9f9ebef8b70', '1000001', 'BANK_ENT_ICBC', '中国工行银行*0.01CNY*17885711316415', 'CP902', 'CNY', '1.00', '0.00', '1.00', '2016-04-15 11:36:49', '30', '2', '1000001', 'ICBC', 'ICBC', '400090001604411', null, null, 'http://192.168.59.237:9080/withdraw/notify', null, null, '12', '2016-04-16 11:37:22', null, 'W1460691409301', '提现测试', '1', '1002', 'ICBC', 'ICBC', '4000020829200148508', null, 'N', null, '2016-04-15 11:37:22', null, null, null, '0', null, null);
INSERT INTO `CIFPAY_LC` VALUES ('7255db0569054c17a63f780ef5501501', '1000001', 'BANK_ENT_ICBC', '中国工行银行*1,000.88CNY*210234548016329', 'CP902', 'CNY', '100088.00', '0.00', '0.00', '2016-03-28 11:28:41', '30', '2', '1000001', 'ICBC', 'ICBC', '400090001604411', 'CMM593666888', null, 'http://www.helloxxx.com.xx/withdraw/notify', null, '2016-03-29 17:12:10', '70', '2099-12-31 23:59:59', null, 'W2dbf9828ffae', '提现测试', '1', '13800138000', 'ICBC', 'ICBC', '4000020829200148508', 'CMM593666888', 'N', null, '2016-03-29 17:12:03', '2016-03-29 17:12:10', null, null, '0', null, null);
INSERT INTO `CIFPAY_LC` VALUES ('740c2710576947609fe05c8beeb1d4dc', '1000001', 'BANK_ENT_ICBC', '中国工行银行*0.01CNY*16111289216418', 'CP902', 'CNY', '1.00', '0.00', '1.00', '2016-04-18 15:26:41', '30', '2', '1000001', 'ICBC', 'ICBC', '400090001604411', null, null, 'http://192.168.59.237:9080/withdraw/notify', null, '2016-04-18 15:43:16', '12', '2016-04-18 15:43:16', null, 'W1460964401779', '提现测试', '1', '1002', 'ICBC', 'ICBC', '4000020829200148508', null, 'N', null, '2016-04-18 15:43:04', '2016-04-18 15:43:16', null, null, '0', null, null);
INSERT INTO `CIFPAY_LC` VALUES ('7457d407f19148aaab7e4a034faeba56', '1000001', 'THIRD_PAY', '银信证*0.01RMB*1000001Cbb0257249a0a', 'CP300', 'CNY', '1.00', '1.00', '0.00', '2016-04-21 16:29:52', '30', '1', '225', 'ALIPAY', null, null, null, 'http://192.168.59.90:8080/starwish-portal/interface/starwish/rechargeReturnUrl?requestId=ac77f671a9294705aeda3b60fadc7ccb', 'http://192.168.59.90:8080/starwish-portal/interface/starwish/rechargeNoticeUrl', null, '2016-04-21 16:29:52', '10', null, '2016-04-21 23:59:59', '128776231820160421162951829', '我的订单', '2', '2088221310230022', 'ALIPAY', null, 'admin@et2t.com', null, 'N', null, '2016-04-21 16:29:52', '2016-04-21 16:29:52', 'ac77f671a9294705aeda3b60fadc7ccb', null, '0', null, null);
INSERT INTO `CIFPAY_LC` VALUES ('7607f0cbebed4857a6c7cf59d1d25753', '1000001', 'BANK_ENT_ICBC', '中国工行银行*0.01CNY*61681843616418', 'CP902', 'CNY', '1.00', '0.00', '1.00', '2016-04-18 11:12:40', '30', '2', '1000001', 'ICBC', 'ICBC', '400090001604411', null, null, 'http://192.168.59.237:9080/withdraw/notify', null, '2016-04-18 11:25:29', '12', '2016-04-18 11:25:29', null, 'W1460949160276', '提现测试', '1', '1002', 'ICBC', 'ICBC', '4000020829200148508', null, 'N', null, '2016-04-18 11:25:26', '2016-04-18 11:25:29', null, null, '0', null, null);
INSERT INTO `CIFPAY_LC` VALUES ('76845628d3094d69ac080bd2dad14ff0', '1000001', 'BANK_ENT_ICBC', '中国工行银行*0.01CNY*155044281316418', 'CP902', 'CNY', '1.00', '0.00', '1.00', '2016-04-18 16:09:43', '30', '2', '1000001', 'ICBC', 'ICBC', '400090001604411', null, null, 'http://192.168.59.237:9080/withdraw/notify', null, '2016-04-18 16:25:19', '12', '2016-04-18 16:25:19', null, 'W1460966983141', '提现测试', '1', '1002', 'ICBC', 'ICBC', '4000020829200148508', null, 'N', null, '2016-04-18 16:25:18', '2016-04-18 16:25:19', null, null, '0', null, null);
INSERT INTO `CIFPAY_LC` VALUES ('769f4fa98300484fb2921f6119068dec', '1000001', 'BANK_ENT_ICBC', '中国工行银行*0.01CNY*103634149616401', 'CP902', 'CNY', '1.00', '0.00', '1.00', '2016-04-01 16:10:38', '30', '2', '1000001', 'ICBC', 'ICBC', '400090001604411', 'CMM594156891', null, 'http://192.168.59.237:9080/withdraw/notify', null, '2016-04-28 16:44:23', '12', '2016-04-28 16:44:23', null, 'W1459498238178', '提现测试', '1', '13800138000', 'PAB', 'PAB', '4000020829200148508', 'CMM594156891', 'N', null, '2016-04-01 16:48:06', '2016-04-28 16:44:23', null, null, '0', null, null);
INSERT INTO `CIFPAY_LC` VALUES ('781fb504fe20436083da04df5623b2da', '1000001', 'THIRD_PAY', '银信证*0.01RMB*1000001Cb4599acdb7e7', 'CP300', 'CNY', '1.00', '1.00', '0.00', '2016-04-21 16:27:28', '30', '1', '225', 'ALIPAY', null, null, null, 'http://192.168.59.90:8080/starwish-portal/interface/starwish/rechargeReturnUrl?requestId=e9335e2a1aed423d8093107a06293cc5', 'http://192.168.59.90:8080/starwish-portal/interface/starwish/rechargeNoticeUrl', null, '2016-04-21 16:27:28', '10', null, '2016-04-21 23:59:59', '152561793620160421162727865', '我的订单', '2', '2088221310230022', 'ALIPAY', null, 'admin@et2t.com', null, 'N', null, '2016-04-21 16:27:28', '2016-04-21 16:27:28', 'e9335e2a1aed423d8093107a06293cc5', null, '0', null, null);
INSERT INTO `CIFPAY_LC` VALUES ('7840f2249c00440ba0b8e88b155c1be0', '1000001', 'cifpay', 'PAB*010.00CNY*rWbgZrBMiUK9UmPpFmYZQP', 'CP301', 'CNY', '10.00', '0.00', '10.00', '2015-12-03 22:00:10', '10', '1', null, 'PAB', null, null, null, 'http://127.0.0.1:8082/cifpaylc-gateway/oldlc/returnOpenView', 'http://192.168.59.238:8082/cifpaylc-gateway/oldlc/notice', 'http://192.168.59.238:8082/cifpaylc-gateway/oldlc/notice', null, 'CREDIT_TO_OPEN', '2016-04-21 10:47:19', null, '20160420104716725602', '红包充值', '2', null, 'PAB', null, null, null, 'N', null, '2016-04-20 10:47:19', null, null, null, '0', null, null);
INSERT INTO `CIFPAY_LC` VALUES ('78c79210ec8a49be95304a1fc77c9011', '1000001', 'BANK_ENT_ICBC', '中国工行银行*10.00CNY*188917531016328', 'CP902', 'CNY', '1000.00', '0.00', '1000.00', '2016-03-28 10:03:07', '30', '2', '1000001', 'test', 'test', '400090001604411', null, null, 'http://192.168.59.73:8080/starwish-portal/interface/starwish/noticeDrawMoneyResult', null, '2016-03-28 10:03:09', '12', '2016-03-28 10:03:09', null, '30a45ef4eaf74cfead6700a24edf7481', '测试提现', '1', '13988887777', 'test', 'test', '4000020829200148508', null, 'N', null, '2016-03-28 10:03:06', '2016-03-28 10:03:09', null, null, '0', null, null);
INSERT INTO `CIFPAY_LC` VALUES ('78f0a9f82d784439ad7c30d6dc469107', '1000001', 'BANK_ENT_ICBC', '中国工行银行*0.01CNY*82557073216415', 'CP902', 'CNY', '1.00', '0.00', '1.00', '2016-04-15 17:38:16', '30', '2', '1000001', 'ICBC', 'ICBC', '400090001604411', null, null, 'http://192.168.59.237:9080/withdraw/notify', null, '2016-04-15 18:15:57', '12', '2016-04-15 18:15:57', null, 'W1460713097001', '提现测试', '1', '1002', 'ICBC', 'ICBC', '4000020829200148508', null, 'N', null, '2016-04-15 18:10:56', '2016-04-15 18:15:57', null, null, '0', null, null);
INSERT INTO `CIFPAY_LC` VALUES ('7966c99d217a4f09b9f724940d825e13', '1000001', 'BANK_ENT_ICBC', '中国工行银行*0.01CNY*2992658016418', 'CP902', 'CNY', '1.00', '0.00', '1.00', '2016-04-18 16:09:43', '30', '2', '1000001', 'ICBC', 'ICBC', '400090001604411', null, null, 'http://192.168.59.237:9080/withdraw/notify', null, '2016-04-18 16:32:31', '12', '2016-04-18 16:32:31', null, 'W1460966983141', '提现测试', '1', '1002', 'ICBC', 'ICBC', '4000020829200148508', null, 'N', null, '2016-04-18 16:32:30', '2016-04-18 16:32:31', null, null, '0', null, null);
INSERT INTO `CIFPAY_LC` VALUES ('7ad8e1ad909f41199ce86a06f497cf46', '1000001', 'BANK_ENT_ICBC', '中国工行银行*0.01CNY*129056007516401', 'CP902', 'CNY', '1.00', '0.00', '1.00', '2016-04-01 10:21:47', '30', '2', '1000001', 'ICBC', 'ICBC', '400090001604411', 'CMM594086897', null, 'http://www.helloxxx.com.xx/withdraw/notify', null, '2016-04-01 11:13:26', '12', '2016-04-01 11:13:26', null, 'W1459477307963', '提现测试', '1', '13800138000', 'PAB', 'PAB', '4000020829200148508', 'CMM594086897', 'N', null, '2016-04-01 11:13:01', '2016-04-01 11:13:26', null, null, '0', null, null);
INSERT INTO `CIFPAY_LC` VALUES ('7bc3234c94ff4a758cb5655ba1f88344', '1000001', 'THIRD_PAY', '银信证*1.00RMB*1000001W3007e810ba4a', 'CP300', 'CNY', '100.00', '100.00', '0.00', '2016-03-28 18:23:31', '30', '1', '1000001', 'ALIPAY', null, null, null, 'http://192.168.51.184:8080/cifbill/pay/chargeReturnUrl', 'http://192.168.51.184:8080/cifbill/pay/chargeNoticeUrl', null, '2016-03-28 18:23:31', '10', null, '2016-03-28 23:59:59', '132873832820160328182331395', 'test', '2', '2088221310230022', 'ALIPAY', null, 'admin@et2t.com', null, 'N', null, '2016-03-28 18:23:31', '2016-03-28 18:23:31', '123456', null, '0', null, null);
INSERT INTO `CIFPAY_LC` VALUES ('7c052da2938d4bfd9e6f4da44ec814dd', '1000001', 'BANK_ENT_ICBC', '中国工行银行*0.01CNY*92686094216418', 'CP902', 'CNY', '1.00', '0.00', '1.00', '2016-04-18 11:12:40', '30', '2', '1000001', 'ICBC', 'ICBC', '400090001604411', null, null, 'http://192.168.59.237:9080/withdraw/notify', null, '2016-04-18 11:17:51', '12', '2016-04-18 11:17:51', null, 'W1460949160276', '提现测试', '1', '1002', 'ICBC', 'ICBC', '4000020829200148508', null, 'N', null, '2016-04-18 11:17:50', '2016-04-18 11:17:51', null, null, '0', null, null);
INSERT INTO `CIFPAY_LC` VALUES ('7c57bdd908f9411c9a1b9fc9de312fb6', '1000001', 'BANK_ENT_ICBC', '中国工行银行*0.01CNY*146574987416419', 'CP902', 'CNY', '1.00', '0.00', '1.00', '2016-04-19 14:17:10', '30', '2', '1000001', 'ICBC', 'ICBC', '400090001604411', null, null, 'http://192.168.59.237:9080/withdraw/notify', null, null, '12', '2016-04-20 14:36:12', null, 'W1461046630168', '提现测试', '1', '1002', 'ICBC', 'ICBC', '4000020829200148508', null, 'N', null, '2016-04-19 14:36:12', null, null, null, '0', null, null);
INSERT INTO `CIFPAY_LC` VALUES ('7c8f92dc87b94d5da7c651bc5cded955', '1000001', 'BANK_ENT_ICBC', '中国工行银行*0.01CNY*170866804716420', 'CP902', 'CNY', '1.00', '0.00', '0.00', '2016-04-20 14:11:50', '30', '2', '1000001', 'ICBC', 'ICBC', '400090001604411', 'CMM595446887', null, 'http://192.168.59.90:8080/starwish-portal/interface/starwish/withdrawNoticeUrl', null, '2016-04-20 14:12:30', '70', '2099-12-31 23:59:59', null, 'D83e490005c88', 'drawMoney', '1', '225', 'ICBC', 'ICBC', '4000020829200148508', 'CMM595446887', 'N', null, '2016-04-20 14:12:27', '2016-04-20 14:12:30', null, null, '0', null, null);
INSERT INTO `CIFPAY_LC` VALUES ('7ced18b852eb4c7abd55f301ee6454b1', '1000001', 'cifpay', 'PAB*010.00CNY*dLEuHCXkVf4xWhRZKGYwEQ', 'CP301', 'CNY', '10.00', '0.00', '10.00', '2015-12-03 22:00:17', '10', '1', null, 'PAB', null, null, null, 'http://127.0.0.1:8082/gateway/oldlc/returnOpenView', 'http://192.168.59.178:8082/gateway/oldlc/notice', 'http://192.168.59.178:8082/gateway/oldlc/notice', null, 'CREDIT_TO_OPEN', '2016-04-21 17:28:15', null, '20160420172811179660', '红包充值', '2', null, 'PAB', null, null, null, 'N', null, '2016-04-20 17:28:15', null, null, null, '0', null, null);
INSERT INTO `CIFPAY_LC` VALUES ('7cffadac78c8492485ddf89465564137', '1000001', 'BANK_ENT_ICBC', '中国工行银行*0.01CNY*8325295316401', 'CP902', 'CNY', '1.00', '0.00', '1.00', '2016-04-01 10:21:47', '30', '2', '1000001', 'ICBC', 'ICBC', '400090001604411', 'CMM594076903', null, 'http://www.helloxxx.com.xx/withdraw/notify', null, '2016-04-01 10:23:12', '12', '2016-04-01 10:23:12', null, 'W1459477307963', '提现测试', '1', '13800138000', 'PAB', 'PAB', '4000020829200148508', 'CMM594076903', 'N', null, '2016-04-01 10:22:33', '2016-04-01 10:23:12', null, null, '0', null, null);
INSERT INTO `CIFPAY_LC` VALUES ('7e0dda2b0c004216b1ce8b00cfa9d345', '1000001', 'cifpay', 'PAB*010.00CNY*c3RNqzy2shjukzkDfyZPSQ', 'CP301', 'CNY', '10.00', '0.00', '10.00', '2015-12-03 22:00:10', '10', '1', null, 'PAB', null, null, null, 'http://127.0.0.1:8082/cifpaylc-gateway/oldlc/returnOpenView', 'http://192.168.59.238:8082/cifpaylc-gateway/oldlc/notice', 'http://192.168.59.238:8082/cifpaylc-gateway/oldlc/notice', null, 'CREDIT_TO_OPEN', '2016-04-21 10:15:51', null, '20160420101329655248', '红包充值', '2', null, 'PAB', null, null, null, 'N', null, '2016-04-20 10:15:51', null, null, null, '0', null, null);
INSERT INTO `CIFPAY_LC` VALUES ('7e9f3c501bb94ee090d058f281b25911', '1000001', 'BANK_ENT_ICBC', '中国工行银行*0.01CNY*97679210516419', 'CP902', 'CNY', '1.00', '0.00', '0.00', '2016-04-19 11:18:01', '30', '2', '1000001', 'ICBC', 'ICBC', '400090001604411', 'CMM595166885', null, 'http://192.168.59.90:8080/starwish-portal/interface/starwish/withdrawNoticeUrl', null, '2016-04-19 11:12:49', '70', '2099-12-31 23:59:59', null, 'Dcf49550fa478', 'drawMoney', '1', '225', 'ICBC', 'ICBC', '4000020829200148508', 'CMM595166885', 'N', null, '2016-04-19 11:12:32', '2016-04-19 11:12:49', null, null, '0', null, null);
INSERT INTO `CIFPAY_LC` VALUES ('7fea2c0d15c74c73b7092bd53f148b3d', '1000001', 'BANK_ENT_ICBC', '中国工行银行*1,000.88CNY*108369362916324', 'CP902', 'CNY', '100088.00', '0.00', '100088.00', '2016-03-21 16:33:28', '30', '2', '1000001', 'ICBC', 'ICBC', '400090001604411', null, null, 'http://www.helloxxx.com.xx/withdraw/notify', null, '2016-03-24 15:49:48', '12', '2016-03-24 15:49:48', null, 'W1458549208140', '提现测试', '1', '13800138000', 'ICBC', 'ICBC', '4000020829200148508', null, 'N', null, '2016-03-24 15:49:45', '2016-03-24 15:49:48', null, null, '0', null, null);
INSERT INTO `CIFPAY_LC` VALUES ('802d0ea5392c43dd8bba73f4185004c5', '1000001', 'BANK_ENT_ICBC', '中国工行银行*1,000.88CNY*71157822816329', 'CP902', 'CNY', '100088.00', '0.00', '100088.00', '2016-03-28 11:28:41', '30', '2', '1000001', 'ICBC', 'ICBC', '400090001604411', null, null, 'http://www.helloxxx.com.xx/withdraw/notify', null, null, '10', '2016-03-30 16:52:24', null, 'W47c6df84f19a', '提现测试', '1', '13800138000', 'ICBC', 'ICBC', '4000020829200148508', null, 'N', null, '2016-03-29 16:52:24', null, null, null, '0', null, null);
INSERT INTO `CIFPAY_LC` VALUES ('8031b99e56b64cc498a8d699cb9f8a6f', '111111', 'THIRD_PAY', '银信证*0.01RMB*111111orderId5a4d73157ce64a8182e84d8cc8b3f14a', 'CP300', 'CNY', '1.00', '1.00', '0.00', '2016-03-28 15:03:10', '30', '1', '111111', 'ALIPAY', null, null, null, 'http://192.168.59.73:8080/starwish-portal/interface/starwish/getRechargeResult', 'http://192.168.59.73:8080/starwish-portal/interface/starwish/noticeRechargeResult', null, '2016-03-28 15:03:10', '10', null, '2016-03-28 23:59:59', '209832419720160328150309612', '付款', '2', '2088221310230022', 'ALIPAY', null, 'admin@et2t.com', null, 'N', null, '2016-03-28 15:03:10', '2016-03-28 15:03:10', 'caf96d61246f45eea21694d48d67ffc4', null, '0', null, null);
INSERT INTO `CIFPAY_LC` VALUES ('80d72d6154ad4463ad0aac37bac05604', '1000001', 'BANK_ENT_ICBC', '中国工行银行*0.01CNY*108575344216416', 'CP902', 'CNY', '1.00', '0.00', '1.00', '2016-04-16 12:49:34', '30', '2', '1000001', 'ICBC', 'ICBC', '400090001604411', null, null, 'http://192.168.59.237:9080/withdraw/notify', null, '2016-04-16 12:50:53', '12', '2016-04-16 12:50:53', null, 'W1460782174682', '提现测试', '1', '1002', 'ICBC', 'ICBC', '4000020829200148508', null, 'N', null, '2016-04-16 12:50:35', '2016-04-16 12:50:53', null, null, '0', null, null);
INSERT INTO `CIFPAY_LC` VALUES ('812300e468ee4260b3b694ec09dbc36c', '1000001', 'BANK_ENT_ICBC', '中国工行银行*1,000.88CNY*206367916316328', 'CP902', 'CNY', '100088.00', '0.00', '0.00', '2016-03-28 11:28:41', '30', '2', '1000001', 'ICBC', 'ICBC', '400090001604411', 'CMM593526895', null, 'http://www.helloxxx.com.xx/withdraw/notify', null, '2016-03-28 17:47:20', '70', '2099-12-31 23:59:59', null, 'Wd5e5e234f637', '提现测试', '1', '13800138000', 'ICBC', 'ICBC', '4000020829200148508', 'CMM593526895', 'N', null, '2016-03-28 17:47:17', '2016-03-28 17:47:20', null, null, '0', null, null);
INSERT INTO `CIFPAY_LC` VALUES ('82366ce3f64740bb8627f736048c37a5', '1000001', 'THIRD_PAY', '银信证*0.01RMB*1000001Cbf2114a0988f', 'CP300', 'CNY', '1.00', '1.00', '0.00', '2016-04-21 16:33:07', '30', '1', '225', 'ALIPAY', null, null, null, 'http://192.168.59.90:8080/starwish-portal/interface/starwish/rechargeReturnUrl?requestId=a2ff9f33013145779d990694b7e0d11a', 'http://192.168.59.90:8080/starwish-portal/interface/starwish/rechargeNoticeUrl', null, '2016-04-21 16:33:07', '10', null, '2016-04-21 23:59:59', '64409452320160421163307152', '我的订单', '2', '2088221310230022', 'ALIPAY', null, 'admin@et2t.com', null, 'N', null, '2016-04-21 16:33:07', '2016-04-21 16:33:07', 'a2ff9f33013145779d990694b7e0d11a', null, '0', null, null);
INSERT INTO `CIFPAY_LC` VALUES ('8289498395836416', '1000001', 'BANK_ENT_ICBC', '中国工行银行*0.01CNY*187192109916504', 'CP902', 'CNY', '1.00', '0.00', '1.00', '2016-05-04 10:30:01', '30', '2', '1000001', 'ICBC', 'ICBC', '400090001604411', null, null, 'http://192.168.59.237:9080/withdraw/notify', null, null, '12', '2016-05-05 10:31:00', null, 'W1462329001714', '3f70181ead724f5ea0deed501088b060#提现', '1', '1002', 'ICBC', 'ICBC', '123456', null, 'N', null, '2016-05-04 10:31:00', null, null, null, '0', null, null);
INSERT INTO `CIFPAY_LC` VALUES ('8289656818892800', '1000001', 'BANK_ENT_ICBC', '中国工行银行*0.01CNY*145983951016504', 'CP902', 'CNY', '1.00', '0.00', '1.00', '2016-05-04 10:31:18', '30', '2', '1000001', 'ICBC', 'ICBC', '400090001604411', null, null, 'http://192.168.59.237:9080/withdraw/notify', null, '2016-05-04 10:31:39', '12', '2016-05-04 10:31:39', null, 'W1462329078429', '2bb463e62fa743c6a18e7759fa1c09ca#提现', '1', 'angelshiqian04', 'ICBC', 'ICBC', '123456', null, 'N', null, '2016-05-04 10:31:38', '2016-05-04 10:31:39', null, null, '0', null, null);
INSERT INTO `CIFPAY_LC` VALUES ('8289835613683712', '1000001', 'BANK_ENT_ICBC', '中国工行银行*0.01CNY*170797971216504', 'CP902', 'CNY', '1.00', '0.00', '1.00', '2016-05-04 10:31:18', '30', '2', '1000001', 'ICBC', 'ICBC', '400090001604411', null, null, 'http://192.168.59.237:9080/withdraw/notify', null, '2016-05-04 10:32:21', '12', '2016-05-04 10:32:21', null, 'W1462329078429', '2bb463e62fa743c6a18e7759fa1c09ca#提现', '1', 'angelshiqian04', 'ICBC', 'ICBC', '123456', null, 'N', null, '2016-05-04 10:32:20', '2016-05-04 10:32:21', null, null, '0', null, null);
INSERT INTO `CIFPAY_LC` VALUES ('8290576873029632', '1000001', 'BANK_ENT_ICBC', '中国工行银行*0.01CNY*155867134516504', 'CP902', 'CNY', '1.00', '0.00', '1.00', '2016-05-04 10:34:27', '30', '2', '1000001', 'ICBC', 'ICBC', '400090001604411', null, null, 'http://192.168.59.237:9080/withdraw/notify', null, '2016-05-04 10:35:20', '12', '2016-05-04 10:35:20', null, 'W1462329267916', '516653be1e0f4a03b8b5fcf2a2b298b4#提现', '1', 'angelshiqian04', 'BOC', 'BOC', '123457', null, 'N', null, '2016-05-04 10:35:17', '2016-05-04 10:35:20', null, null, '0', null, null);
INSERT INTO `CIFPAY_LC` VALUES ('8290732947275776', '1000001', 'BANK_ENT_ICBC', '中国工行银行*0.01CNY*104572665916504', 'CP902', 'CNY', '1.00', '0.00', '1.00', '2016-05-04 10:34:27', '30', '2', '1000001', 'ICBC', 'ICBC', '400090001604411', null, null, 'http://192.168.59.237:9080/withdraw/notify', null, '2016-05-04 10:35:55', '12', '2016-05-04 10:35:55', null, 'W1462329267916', '516653be1e0f4a03b8b5fcf2a2b298b4#提现', '1', 'angelshiqian04', 'BOC', 'BOC', '123457', null, 'N', null, '2016-05-04 10:35:54', '2016-05-04 10:35:55', null, null, '0', null, null);
INSERT INTO `CIFPAY_LC` VALUES ('8290929307811840', '1000001', 'BANK_ENT_ICBC', '中国工行银行*0.01CNY*62157077716504', 'CP902', 'CNY', '1.00', '0.00', '1.00', '2016-05-04 10:31:18', '30', '2', '1000001', 'ICBC', 'ICBC', '400090001604411', null, null, 'http://192.168.59.237:9080/withdraw/notify', null, '2016-05-04 10:36:42', '12', '2016-05-04 10:36:42', null, 'W1462329078429', '2bb463e62fa743c6a18e7759fa1c09ca#提现', '1', 'angelshiqian04', 'ICBC', 'ICBC', '123456', null, 'N', null, '2016-05-04 10:36:41', '2016-05-04 10:36:42', null, null, '0', null, null);
INSERT INTO `CIFPAY_LC` VALUES ('82a0dc074dda401f8bb07c4511248ef0', '1000001', 'BANK_ENT_ICBC', '中国工行银行*0.01CNY*190610885316418', 'CP902', 'CNY', '1.00', '0.00', '1.00', '2016-04-18 11:12:40', '30', '2', '1000001', 'ICBC', 'ICBC', '400090001604411', null, null, 'http://192.168.59.237:9080/withdraw/notify', null, '2016-04-18 11:15:46', '12', '2016-04-18 11:15:46', null, 'W1460949160276', '提现测试', '1', '1002', 'ICBC', 'ICBC', '4000020829200148508', null, 'N', null, '2016-04-18 11:15:45', '2016-04-18 11:15:46', null, null, '0', null, null);
INSERT INTO `CIFPAY_LC` VALUES ('82dd8ac7773347e1b6100eca7df77142', '1000001', 'cifpay', 'PAB*010.00CNY*MgJVF38PaWqMFb7ZrioBJR', 'CP301', 'CNY', '10.00', '0.00', '10.00', '2015-12-03 22:00:11', '10', '1', null, 'PAB', null, null, null, 'http://127.0.0.1:8082/cifpaylc-gateway/oldlc/returnOpenView', 'http://192.168.59.238:8082/cifpaylc-gateway/oldlc/notice', 'http://192.168.59.238:8082/cifpaylc-gateway/oldlc/notice', null, 'CREDIT_TO_OPEN', '2016-04-21 11:35:53', null, '20160420113550266331', '红包充值', '2', null, 'PAB', null, null, null, 'N', null, '2016-04-20 11:35:53', null, null, null, '0', null, null);
INSERT INTO `CIFPAY_LC` VALUES ('8305058101854208', '1000001', 'BANK_ENT_ICBC', '中国工行银行*0.01CNY*20154029016504', 'CP902', 'CNY', '1.00', '0.00', '0.00', '2016-05-04 11:31:45', '30', '2', '1000001', 'ICBC', 'ICBC', '400090001604411', 'CMM596206887', null, 'http://192.168.59.237:9080/withdraw/notify', null, '2016-05-04 11:32:54', '70', '2099-12-31 23:59:59', null, 'W1462332705395', '79bbfe509e9344849241e9032065ff6f#提现', '1', 'angelshiqian04', 'ICBC', 'ICBC', '4000020829200148508', 'CMM596206887', 'N', null, '2016-05-04 11:32:50', '2016-05-04 11:32:54', null, null, '0', null, null);
INSERT INTO `CIFPAY_LC` VALUES ('8305862590332928', '1000001', 'BANK_ENT_ICBC', '中国工行银行*0.01CNY*55067698716504', 'CP902', 'CNY', '1.00', '0.00', '0.00', '2016-05-04 11:35:40', '30', '2', '1000001', 'ICBC', 'ICBC', '400090001604411', 'CMM596206888', null, 'http://192.168.59.237:9080/withdraw/notify', null, '2016-05-04 11:36:14', '70', '2099-12-31 23:59:59', null, 'W1462332940740', 'bcca94fc97ea40d78d4a9cd208713903#提现', '1', 'angelshiqian04', 'ICBC', 'ICBC', '4000020829200148508', 'CMM596206888', 'N', null, '2016-05-04 11:36:01', '2016-05-04 11:36:14', null, null, '0', null, null);
INSERT INTO `CIFPAY_LC` VALUES ('83826945ec18417795c1bb86f930c88a', '1000001', 'BANK_ENT_ICBC', '中国工行银行*0.01CNY*32549988916420', 'CP902', 'CNY', '1.00', '0.00', '0.00', '2016-04-20 11:09:35', '30', '2', '1000001', 'ICBC', 'ICBC', '400090001604411', 'CMM595396886', null, 'http://192.168.59.90:8080/starwish-portal/interface/starwish/withdrawNoticeUrl', null, '2016-04-20 11:10:18', '70', '2099-12-31 23:59:59', null, 'Dee7c05bc35e6', 'drawMoney', '1', '225', 'ICBC', 'ICBC', '4000020829200148508', 'CMM595396886', 'N', null, '2016-04-20 11:09:55', '2016-04-20 11:10:18', null, null, '0', null, null);
INSERT INTO `CIFPAY_LC` VALUES ('84e643e39ae248beae4cda003b6c71a0', '1000001', 'THIRD_PAY', '银信证*999.00RMB*1000001C7d01e3572566', 'CP300', 'CNY', '99900.00', '99900.00', '0.00', '2016-04-16 16:34:23', '30', '1', '225', 'ALIPAY', null, null, null, 'http://192.168.59.104:8080/starwish-portal/interface/starwish/rechargeReturnUrl?requestId=b1071231cf2047a8b3eaaeeee3a8614c', 'http://192.168.59.104:8080/starwish-portal/interface/starwish/rechargeNoticeUrl', null, '2016-04-16 16:34:23', '10', null, '2016-04-16 23:59:59', '13846416212016041616342363', '充值', '2', '2088221310230022', 'ALIPAY', null, 'admin@et2t.com', null, 'N', null, '2016-04-16 16:34:23', '2016-04-16 16:34:23', 'b1071231cf2047a8b3eaaeeee3a8614c', null, '0', null, null);
INSERT INTO `CIFPAY_LC` VALUES ('850a71efea6746b0ad9d39a9c24b3b54', '1000001', 'BANK_ENT_ICBC', '中国工行银行*0.01CNY*174507585916418', 'CP902', 'CNY', '1.00', '0.00', '1.00', '2016-04-18 16:09:43', '30', '2', '1000001', 'ICBC', 'ICBC', '400090001604411', null, null, 'http://192.168.59.237:9080/withdraw/notify', null, '2016-04-18 16:18:04', '12', '2016-04-18 16:18:04', null, 'W1460966983141', '提现测试', '1', '1002', 'ICBC', 'ICBC', '4000020829200148508', null, 'N', null, '2016-04-18 16:18:03', '2016-04-18 16:18:04', null, null, '0', null, null);
INSERT INTO `CIFPAY_LC` VALUES ('854b371b8f6c448bb96e0dba2c0164cf', '1000001', 'BANK_ENT_ICBC', '854b371b8f6c448bb96e0dba2c0164cf', 'CP902', 'CNY', '0.01', '0.00', '0.01', '2016-03-24 11:02:01', '30', '2', '1000001', 'test', 'test', '400090001604411', null, null, 'http://192.168.59.73:8080/starwish-portal/interface/starwish/noticeDrawMoneyResult', null, '2016-03-24 10:57:26', '12', '2016-03-24 10:57:26', null, 'e3ed5b7912e8498997f3454733ee439b', '提现', '1', '13988887777', 'test', 'test', '4000020829200148508', null, 'N', null, '2016-03-24 10:57:10', '2016-03-24 10:57:26', null, null, '0', null, null);
INSERT INTO `CIFPAY_LC` VALUES ('85c9136fcffd4a54a94e0f86a84cb881', '1000001', 'BANK_ENT_ICBC', '中国工行银行*0.01CNY*6817119616326', 'CP902', 'CNY', '1.00', '0.00', '1.00', '2016-03-26 15:49:01', '30', '2', '1000001', 'test', 'test', '400090001604411', null, null, 'http://192.168.59.73:8080/starwish-portal/interface/starwish/noticeDrawMoneyResult', null, '2016-03-26 15:49:09', '12', '2016-03-26 15:49:09', null, 'f013b90b21f64debbe129faf341fe518', '提现', '1', '13988887777', 'test', 'test', '4000020829200148508', null, 'N', null, '2016-03-26 15:49:06', '2016-03-26 15:49:09', null, null, '0', null, null);
INSERT INTO `CIFPAY_LC` VALUES ('866fc856fa024ad092866d7797144ca8', '1000001', 'BANK_ENT_ICBC', '中国工行银行*1,000.88CNY*119527731816328', 'CP902', 'CNY', '100088.00', '0.00', '100088.00', '2016-03-28 11:28:41', '30', '2', '1000001', 'ICBC', 'ICBC', '400090001604411', null, null, 'http://www.helloxxx.com.xx/withdraw/notify', null, '2016-03-28 13:28:03', '12', '2016-03-28 13:28:03', null, 'W20160328112841', '提现测试', '1', '13800138000', 'ICBC', 'ICBC', '4000020829200148508', null, 'N', null, '2016-03-28 13:28:00', '2016-03-28 13:28:03', null, null, '0', null, null);
INSERT INTO `CIFPAY_LC` VALUES ('871b8075f59a4cbeaf3f4151d5d7691d', '1000001', 'BANK_ENT_ICBC', '中国工行银行*0.01CNY*41445637816330', 'CP902', 'CNY', '1.00', '0.00', '0.00', '2016-03-30 16:32:58', '30', '2', '1000001', 'ICBC', 'ICBC', '400090001604411', 'CMM593806882', null, 'http://www.helloxxx.com.xx/withdraw/notify', null, '2016-03-30 16:33:26', '70', '2099-12-31 23:59:59', null, 'W1459326778527', '提现测试', '1', '13800138000', 'ICBC', 'ICBC', '4000020829200148508', 'CMM593806882', 'N', null, '2016-03-30 16:33:18', '2016-03-30 16:33:26', null, null, '0', null, null);
INSERT INTO `CIFPAY_LC` VALUES ('872e0426003442fa90743610aadd76b4', '1000001', 'cifpay', 'PAB*010.00CNY*4qrmgu8UbZnARzNQdXnv4S', 'CP301', 'CNY', '10.00', '0.00', '10.00', '2015-12-03 22:00:15', '10', '1', null, 'PAB', null, null, null, 'http://127.0.0.1:8082/cifpaylc-gateway/oldlc/returnOpenView', 'http://192.168.59.238:8082/cifpaylc-gateway/oldlc/notice', 'http://192.168.59.238:8082/cifpaylc-gateway/oldlc/notice', null, 'CREDIT_TO_OPEN', '2016-04-21 15:24:21', null, '20160420152417501988', '红包充值', '2', null, 'PAB', null, null, null, 'N', null, '2016-04-20 15:24:21', null, null, null, '0', null, null);
INSERT INTO `CIFPAY_LC` VALUES ('8730f36917d74a63970ce8f72220b105', '1000001', 'cifpay', 'PAB*010.00CNY*X8vTFQgWH2wV48ygMFR45S', 'CP300', 'CNY', '10.00', '0.00', '10.00', '2015-12-03 23:09:17', '10', '1', null, 'PAB', null, null, null, 'http://127.0.0.1:8082/cifpaylc-gateway/oldlc/returnOpenView', 'http://192.168.59.238:8082/cifpaylc-gateway/oldlc/notice', 'http://192.168.59.238:8082/cifpaylc-gateway/oldlc/notice', null, 'CREDIT_TO_OPEN', '2016-04-20 17:20:21', null, '20160419172014677969', '红包充值', '2', null, 'PAB', null, null, null, 'N', null, '2016-04-19 17:20:21', null, null, null, '0', null, null);
INSERT INTO `CIFPAY_LC` VALUES ('88cfad6ddd4f44cfaf2fd59b4dee774d', '1000001', 'THIRD_PAY', '银信证*999.00RMB*1000001Caa10c2617e37', 'CP300', 'CNY', '99900.00', '99900.00', '0.00', '2016-04-16 17:41:55', '30', '1', '225', 'ALIPAY', null, null, null, 'http://192.168.59.104:8080/starwish-portal/interface/starwish/rechargeReturnUrl?requestId=792e10a7a7b941f8878c85e58be74e24', 'http://192.168.59.104:8080/starwish-portal/interface/starwish/rechargeNoticeUrl', null, '2016-04-16 17:41:55', '10', null, '2016-04-16 23:59:59', '153546479620160416174155466', '充值', '2', '2088221310230022', 'ALIPAY', null, 'admin@et2t.com', null, 'N', null, '2016-04-16 17:41:55', '2016-04-16 17:41:55', '792e10a7a7b941f8878c85e58be74e24', null, '0', null, null);
INSERT INTO `CIFPAY_LC` VALUES ('8a0d149c95f245e9aa7433f9110cce06', '1000001', 'THIRD_PAY', '银信证*0.01RMB*1000001C9a630f7e5b79', 'CP300', 'CNY', '1.00', '1.00', '0.00', '2016-04-21 14:53:45', '30', '1', '225', 'ALIPAY', null, null, null, 'http://192.168.59.90:8080/starwish-portal/interface/starwish/rechargeReturnUrl?requestId=122312b9dc2e4013b7540f576740049b', 'http://192.168.59.90:8080/starwish-portal/interface/starwish/rechargeNoticeUrl', null, '2016-04-21 14:53:45', '10', null, '2016-04-21 23:59:59', '129204961820160421145345115', '我的订单', '2', '2088221310230022', 'ALIPAY', null, 'admin@et2t.com', null, 'N', null, '2016-04-21 14:53:45', '2016-04-21 14:53:45', '122312b9dc2e4013b7540f576740049b', null, '0', null, null);
INSERT INTO `CIFPAY_LC` VALUES ('8a605f85ef58415083f1e0a745413b22', '1000001', 'BANK_ENT_ICBC', '中国工行银行*1,000.88CNY*186509139116329', 'CP902', 'CNY', '100088.00', '0.00', '100088.00', '2016-03-28 11:28:41', '30', '2', '1000001', 'ICBC', 'ICBC', '400090001604411', null, null, 'http://www.helloxxx.com.xx/withdraw/notify', null, null, '10', '2016-03-30 10:13:33', null, 'W7b1b367dcf2f', '提现测试', '1', '13800138000', 'ICBC', 'ICBC', '4000020829200148508', null, 'N', null, '2016-03-29 10:13:33', null, null, null, '0', null, null);
INSERT INTO `CIFPAY_LC` VALUES ('8a8ed798b2874934887491d779005b06', '1000001', 'BANK_ENT_ICBC', '中国工行银行*0.01CNY*105741791416418', 'CP902', 'CNY', '1.00', '0.00', '1.00', '2016-04-18 11:12:40', '30', '2', '1000001', 'ICBC', 'ICBC', '400090001604411', null, null, 'http://192.168.59.237:9080/withdraw/notify', null, '2016-04-18 11:17:42', '12', '2016-04-18 11:17:42', null, 'W1460949160276', '提现测试', '1', '1002', 'ICBC', 'ICBC', '4000020829200148508', null, 'N', null, '2016-04-18 11:17:41', '2016-04-18 11:17:42', null, null, '0', null, null);
INSERT INTO `CIFPAY_LC` VALUES ('8ade2e1401534baf938060978982642c', '1000001', 'BANK_ENT_ICBC', '中国工行银行*0.01CNY*116693767016326', 'CP902', 'CNY', '1.00', '0.00', '1.00', '2016-03-26 15:59:26', '30', '2', '1000001', 'test', 'test', '400090001604411', null, null, 'http://192.168.59.73:8080/starwish-portal/interface/starwish/noticeDrawMoneyResult', null, '2016-03-26 15:59:29', '12', '2016-03-26 15:59:29', null, 'b028e477cd7d4ceb8c4c1eef0c36d54d', '提现', '1', '13988887777', 'test', 'test', '4000020829200148508', null, 'N', null, '2016-03-26 15:59:26', '2016-03-26 15:59:29', null, null, '0', null, null);
INSERT INTO `CIFPAY_LC` VALUES ('8b887671bca649dd946101b8363ae411', '1000001', 'THIRD_PAY', '银信证*0.01RMB*1000001Cc0f3e1de49b0', 'CP300', 'CNY', '1.00', '1.00', '0.00', '2016-04-18 19:33:59', '30', '1', '225', 'ALIPAY', null, null, null, 'http://192.168.59.90:8080/starwish-portal/interface/starwish/rechargeReturnUrl?requestId=07a0919c35d24fd3bf009fac7d5cdbc2', 'http://192.168.59.90:8080/starwish-portal/interface/starwish/rechargeNoticeUrl', null, '2016-04-18 19:33:59', '10', null, '2016-04-18 23:59:59', '135511751520160418193359331', '充值', '2', '2088221310230022', 'ALIPAY', null, 'admin@et2t.com', null, 'N', null, '2016-04-18 19:33:59', '2016-04-18 19:33:59', '07a0919c35d24fd3bf009fac7d5cdbc2', null, '0', null, null);
INSERT INTO `CIFPAY_LC` VALUES ('8bce708453f2455aa99bc16ed811220d', '1000001', 'THIRD_PAY', '银信证*0.01RMB*1000001Cbd2a42a40793', 'CP300', 'CNY', '1.00', '1.00', '0.00', '2016-04-18 10:20:35', '30', '1', '225', 'ALIPAY', null, null, null, 'http://192.168.59.90:8080/starwish-portal/interface/starwish/rechargeReturnUrl?requestId=716970a51e58496b9aca7d66adf3633c', 'http://192.168.59.90:8080/starwish-portal/interface/starwish/rechargeNoticeUrl', null, '2016-04-18 10:20:35', '10', null, '2016-04-18 23:59:59', '24914831820160418102034643', '充值', '2', '2088221310230022', 'ALIPAY', null, 'admin@et2t.com', null, 'N', null, '2016-04-18 10:20:35', '2016-04-18 10:20:35', '716970a51e58496b9aca7d66adf3633c', null, '0', null, null);
INSERT INTO `CIFPAY_LC` VALUES ('8c12e82b835f4e699062ad5f0ff15fa0', '1000001', 'BANK_ENT_ICBC', '中国工行银行*0.01CNY*108759474316418', 'CP902', 'CNY', '1.00', '0.00', '1.00', '2016-04-18 20:50:43', '30', '2', '1000001', 'ICBC', 'ICBC', '400090001604411', null, null, 'http://192.168.59.90:8080/starwish-portal/interface/starwish/withdrawNoticeUrl', null, '2016-04-18 20:50:57', '12', '2016-04-18 20:50:57', null, 'Db30e2dc60053', 'drawMoney', '1', '225', 'ICBC', 'ICBC', '4000020829200148508', null, 'N', null, '2016-04-18 20:50:56', '2016-04-18 20:50:57', null, null, '0', null, null);
INSERT INTO `CIFPAY_LC` VALUES ('8dceb5ec58d2426281b9b9314db3dbf3', '1000001', 'BANK_ENT_ICBC', '中国工行银行*1,000.88CNY*18589741316329', 'CP902', 'CNY', '100088.00', '0.00', '0.00', '2016-03-28 11:28:41', '30', '2', '1000001', 'ICBC', 'ICBC', '400090001604411', 'CMM593576887', null, 'http://192.168.51.184:8080/cifbill/pay/withdrawNoticeUrl', null, '2016-03-29 09:58:40', '70', '2099-12-31 23:59:59', null, 'W0b29cb2e4314', '提现测试', '1', '13800138000', 'ICBC', 'ICBC', '4000020829200148508', 'CMM593576887', 'N', null, '2016-03-29 09:50:24', '2016-03-29 09:58:40', null, null, '0', null, null);
INSERT INTO `CIFPAY_LC` VALUES ('8e0bd8ba5eac4ba3ad312f98032ecad6', '1000001', 'BANK_ENT_ICBC', '中国工行银行*0.01CNY*106862924616418', 'CP902', 'CNY', '1.00', '0.00', '1.00', '2016-04-18 16:09:43', '30', '2', '1000001', 'ICBC', 'ICBC', '400090001604411', null, null, 'http://192.168.59.237:9080/withdraw/notify', null, '2016-04-18 16:15:27', '12', '2016-04-18 16:15:27', null, 'W1460966983141', '提现测试', '1', '1002', 'ICBC', 'ICBC', '4000020829200148508', null, 'N', null, '2016-04-18 16:15:12', '2016-04-18 16:15:27', null, null, '0', null, null);
INSERT INTO `CIFPAY_LC` VALUES ('8e2bbcf2f7f544faa020662489048d01', '1000001', 'BANK_ENT_ICBC', '中国工行银行*1,000.88CNY*3258749416329', 'CP902', 'CNY', '100088.00', '0.00', '100088.00', '2016-03-28 11:28:41', '30', '2', '1000001', 'ICBC', 'ICBC', '400090001604411', null, null, 'http://www.helloxxx.com.xx/withdraw/notify', null, '2016-03-29 13:47:25', '12', '2016-03-29 13:47:25', null, 'Wdb60fd090a5b', '提现测试', '1', '13800138000', 'ICBC', 'ICBC', '4000020829200148508', null, 'N', null, '2016-03-29 10:25:51', '2016-03-29 13:47:25', null, null, '0', null, null);
INSERT INTO `CIFPAY_LC` VALUES ('8e7aa46772544a0e8f6e83be4e325f11', '1000001', 'BANK_ENT_ICBC', '中国工行银行*0.01CNY*90550402916418', 'CP902', 'CNY', '1.00', '0.00', '1.00', '2016-04-18 10:44:39', '30', '2', '1000001', 'ICBC', 'ICBC', '400090001604411', null, null, 'http://192.168.59.237:9080/withdraw/notify', null, '2016-04-18 11:02:34', '12', '2016-04-18 11:02:34', null, 'W1460947479570', '提现测试', '1', '1002', 'ICBC', 'ICBC', '4000020829200148508', null, 'N', null, '2016-04-18 11:02:26', '2016-04-18 11:02:34', null, null, '0', null, null);
INSERT INTO `CIFPAY_LC` VALUES ('8eb99d6881684f3fba44ebcdc7f627cf', '1000001', 'cifpay', 'PAB*010.00CNY*RGYKNpoaTuTs5uaGXVUTQT', 'CP301', 'CNY', '10.00', '0.00', '10.00', '2015-12-03 23:09:18', '10', '1', null, 'PAB', null, null, null, 'http://127.0.0.1:8082/cifpaylc-gateway/oldlc/returnOpenView', 'http://192.168.59.238:8082/cifpaylc-gateway/oldlc/notice', 'http://192.168.59.238:8082/cifpaylc-gateway/oldlc/notice', null, 'CREDIT_TO_OPEN', '2016-04-20 18:00:34', null, '20160419180027833921', '红包充值', '2', null, 'PAB', null, null, null, 'N', null, '2016-04-19 18:00:34', null, null, null, '0', null, null);
INSERT INTO `CIFPAY_LC` VALUES ('8ff757b92cc94837809016634e53d1e0', '1000001', 'BANK_ENT_ICBC', '中国工行银行*1,000.88CNY*143000524716329', 'CP902', 'CNY', '100088.00', '0.00', '100088.00', '2016-03-28 11:28:41', '30', '2', '1000001', 'ICBC', 'ICBC', '400090001604411', null, null, 'http://www.helloxxx.com.xx/withdraw/notify', null, null, '10', '2016-03-30 09:59:46', null, 'W8eb1a5b09c20', '提现测试', '1', '13800138000', 'ICBC', 'ICBC', '4000020829200148508', null, 'N', null, '2016-03-29 09:59:46', null, null, null, '0', null, null);
INSERT INTO `CIFPAY_LC` VALUES ('915d7ea8a6d6495ba442b2d0a2871757', '1000001', 'BANK_ENT_ICBC', '中国工行银行*1,000.88CNY*66621643816329', 'CP902', 'CNY', '100088.00', '0.00', '100088.00', '2016-03-28 11:28:41', '30', '2', '1000001', 'ICBC', 'ICBC', '400090001604411', null, null, 'http://www.helloxxx.com.xx/withdraw/notify', null, null, '10', '2016-03-30 10:02:33', null, 'W1e1ac00d441b', '提现测试', '1', '13800138000', 'ICBC', 'ICBC', '4000020829200148508', null, 'N', null, '2016-03-29 10:02:33', null, null, null, '0', null, null);
INSERT INTO `CIFPAY_LC` VALUES ('915df3d72cd44a769eb4d69383d0bb95', '1000001', 'BANK_ENT_ICBC', '中国工行银行*1,000.88CNY*89133209716328', 'CP902', 'CNY', '100088.00', '0.00', '0.00', '2016-03-28 11:28:41', '30', '2', '1000001', 'ICBC', 'ICBC', '400090001604411', 'CMM593466882', null, 'http://www.helloxxx.com.xx/withdraw/notify', null, '2016-03-28 14:48:51', '70', '2099-12-31 23:59:59', null, 'Wc4b79bd0844f', '提现测试', '1', '13800138000', 'ICBC', 'ICBC', '4000020829200148508', 'CMM593466882', 'N', null, '2016-03-28 14:48:34', '2016-03-28 14:48:51', null, null, '0', null, null);
INSERT INTO `CIFPAY_LC` VALUES ('918fa05d7fad4b79801127fab63a102a', '999001', 'THIRD_PAY', '银信证*0.01RMB*999001orderId9d45eb37-4026-4c19-8a8d-6eef55b673e1', 'CP300', 'CNY', '1.00', '-3.00', '0.00', '2016-03-23 11:05:43', '30', '1', '999001', 'ALIPAY', null, 'zyem126@126.com', '2016032321001004990214531569', 'http://192.168.59.73:8080/starwish-portal/interface/starwish/getRechargeResult', 'http://192.168.59.73:8080/starwish-portal/interface/starwish/noticeRechargeResult', null, '2016-03-23 11:05:43', '11', null, '2016-03-23 23:59:59', '01127fab63a102a20160323110542712', '提现', '2', '2088221310230022', 'ALIPAY', null, 'admin@et2t.com', null, 'N', null, '2016-03-23 11:05:43', '2016-03-23 11:30:25', '1c9a6e05-63b3-4b34-be66-e575ca177b42', null, '0', null, null);
INSERT INTO `CIFPAY_LC` VALUES ('91c20a008d1241ff9580ac846a28155a', '1000001', 'THIRD_PAY', '银信证*0.01RMB*1000001C72077e3e3c6e', 'CP300', 'CNY', '1.00', '1.00', '0.00', '2016-04-16 18:20:04', '30', '1', '225', 'ALIPAY', null, null, null, 'http://192.168.59.104:8080/starwish-portal/interface/starwish/rechargeReturnUrl?requestId=55805f2ad0bb4f3090423b236691fbb6', 'http://192.168.59.104:8080/starwish-portal/interface/starwish/rechargeNoticeUrl', null, '2016-04-16 18:20:04', '10', null, '2016-04-16 23:59:59', '68459854920160416182003621', '充值', '2', '2088221310230022', 'ALIPAY', null, 'admin@et2t.com', null, 'N', null, '2016-04-16 18:20:04', '2016-04-16 18:20:04', '55805f2ad0bb4f3090423b236691fbb6', null, '0', null, null);
INSERT INTO `CIFPAY_LC` VALUES ('91efba94354c49a6ae6c3bd42abff8c0', '1000001', 'THIRD_PAY', '银信证*0.01RMB*1000001Cd87eee912c49', 'CP300', 'CNY', '1.00', '1.00', '0.00', '2016-04-21 21:00:48', '30', '1', '225', 'ALIPAY', null, null, null, 'http://192.168.59.90:8080/starwish-portal/interface/starwish/rechargeReturnUrl?requestId=7bce239556164ac4a3517428fc95958d', 'http://192.168.59.90:8080/starwish-portal/interface/starwish/rechargeNoticeUrl', null, '2016-04-21 21:00:48', '10', null, '2016-04-21 23:59:59', '87348774420160421210047869', '我的订单', '2', '2088221310230022', 'ALIPAY', null, 'admin@et2t.com', null, 'N', null, '2016-04-21 21:00:48', '2016-04-21 21:00:48', '7bce239556164ac4a3517428fc95958d', null, '0', null, null);
INSERT INTO `CIFPAY_LC` VALUES ('927738513a3b44ceb754911733d3f1d5', '1000001', 'BANK_ENT_ICBC', '中国工行银行*1,000.88CNY*71709210616415', 'CP902', 'CNY', '100088.00', '0.00', '100088.00', '2016-03-28 11:28:41', '30', '2', '1000001', 'ICBC', 'ICBC', '400090001604411', null, null, 'http://www.helloxxx.com.xx/withdraw/notify', null, '2016-04-15 14:18:38', '12', '2016-04-15 14:18:38', null, 'W213a06f954f0', '提现测试', '1', '13800138000', 'ICBC', 'ICBC', '4000020829200148508', null, 'N', null, '2016-04-15 10:13:07', '2016-04-15 14:18:38', null, null, '0', null, null);
INSERT INTO `CIFPAY_LC` VALUES ('931c9d95b9234ea99d0f7ccce543e901', '1000001', 'THIRD_PAY', '银信证*999.00RMB*1000001C5f855c8cfaf6', 'CP300', 'CNY', '99900.00', '99900.00', '0.00', '2016-04-18 10:16:10', '30', '1', '225', 'ALIPAY', null, null, null, 'http://192.168.59.90:8080/starwish-portal/interface/starwish/rechargeReturnUrl?requestId=1043c64991f347ec87746495eb31be80', 'http://192.168.59.90:8080/starwish-portal/interface/starwish/rechargeNoticeUrl', null, '2016-04-18 10:16:10', '10', null, '2016-04-18 23:59:59', '72539055520160418101610327', '充值', '2', '2088221310230022', 'ALIPAY', null, 'admin@et2t.com', null, 'N', null, '2016-04-18 10:16:10', '2016-04-18 10:16:10', '1043c64991f347ec87746495eb31be80', null, '0', null, null);
INSERT INTO `CIFPAY_LC` VALUES ('93f1676b5ecc4f8bbcda4e08db44f94c', '1000001', 'BANK_ENT_ICBC', '中国工行银行*1,000.88CNY*178523765316328', 'CP902', 'CNY', '100088.00', '0.00', '100088.00', '2016-03-28 11:28:41', '30', '2', '1000001', 'ICBC', 'ICBC', '400090001604411', null, null, 'http://192.168.51.184:8080/cifbill/pay/withdrawNoticeUrl', null, null, '10', '2016-03-29 17:55:58', null, 'Wb1d128987460', '提现测试', '1', '13800138000', 'ICBC', 'ICBC', '4000020829200148508', null, 'N', null, '2016-03-28 17:55:58', null, null, null, '0', null, null);
INSERT INTO `CIFPAY_LC` VALUES ('946a3d3b56294e93b69ce5e85dc378c4', '1000001', 'THIRD_PAY', '银信证*0.01RMB*1000001C02e62cf49325', 'CP300', 'CNY', '1.00', '1.00', '0.00', '2016-04-21 16:28:54', '30', '1', '225', 'ALIPAY', null, null, null, 'http://192.168.59.90:8080/starwish-portal/interface/starwish/rechargeReturnUrl?requestId=ade33350c1b5420bb0c8fcdbeb0f105b', 'http://192.168.59.90:8080/starwish-portal/interface/starwish/rechargeNoticeUrl', null, '2016-04-21 16:28:54', '10', null, '2016-04-21 23:59:59', '8145378120160421162854438', '我的订单', '2', '2088221310230022', 'ALIPAY', null, 'admin@et2t.com', null, 'N', null, '2016-04-21 16:28:54', '2016-04-21 16:28:54', 'ade33350c1b5420bb0c8fcdbeb0f105b', null, '0', null, null);
INSERT INTO `CIFPAY_LC` VALUES ('9491ce25c726455cb1d7eaa13c676059', '1000001', 'BANK_ENT_ICBC', '中国工行银行*0.01CNY*50045043616329', 'CP902', 'CNY', '1.00', '0.00', '0.00', '2016-03-29 17:05:16', '30', '2', '1000001', 'ICBC', 'ICBC', '400090001604411', 'CMM593666886', null, 'http://www.helloxxx.com.xx/withdraw/notify', null, '2016-03-29 17:10:02', '70', '2099-12-31 23:59:59', null, 'W1459242317014', '提现测试', '1', '13800138000', 'ICBC', 'ICBC', '4000020829200148508', 'CMM593666886', 'N', null, '2016-03-29 17:09:52', '2016-03-29 17:10:02', null, null, '0', null, null);
INSERT INTO `CIFPAY_LC` VALUES ('95c091c1157b4374bf439de0544f1aa2', '1000001', 'THIRD_PAY', '银信证*10.00RMB*100000120160421145614835140', 'CP300', 'CNY', '1000.00', '1000.00', '0.00', '2016-04-21 14:56:12', '30', '1', '1154545', 'ALIPAY', null, null, null, 'http://127.0.0.1:8084/lcmock-merchant-site/recharge/callback', 'http://127.0.0.1:8084/lcmock-merchant-site/recharge/notify', null, '2016-04-21 14:56:12', '10', null, '2016-04-21 23:59:59', '192082838920160421145612385', '红包充值', '2', '2088221310230022', 'ALIPAY', null, 'admin@et2t.com', null, 'N', null, '2016-04-21 14:56:12', '2016-04-21 14:56:12', '1323120382', null, '0', null, null);
INSERT INTO `CIFPAY_LC` VALUES ('961c2e686d714c90aab81e2b0a5ea7e2', '1000001', 'BANK_ENT_ICBC', '中国工行银行*1,000.88CNY*198293236816328', 'CP902', 'CNY', '100088.00', '0.00', '0.00', '2016-03-28 11:28:41', '30', '2', '1000001', 'ICBC', 'ICBC', '400090001604411', 'CMM593456887', null, 'http://www.helloxxx.com.xx/withdraw/notify', null, '2016-03-28 14:40:21', '70', '2099-12-31 23:59:59', null, 'W20160328112845', '提现测试', '1', '13800138000', 'ICBC', 'ICBC', '4000020829200148508', 'CMM593456887', 'N', null, '2016-03-28 14:40:07', '2016-03-28 14:40:21', null, null, '0', null, null);
INSERT INTO `CIFPAY_LC` VALUES ('962dec95760442079cbde634a14c3964', '1000001', 'BANK_ENT_ICBC', '中国工行银行*0.01CNY*161287908616401', 'CP902', 'CNY', '1.00', '0.00', '1.00', '2016-04-01 17:04:24', '30', '2', '1000001', 'ICBC', 'ICBC', '400090001604411', null, null, 'http://192.168.59.237:9080/withdraw/notify', null, '2016-04-01 17:13:23', '12', '2016-04-01 17:13:23', null, 'W1459501464444', '提现测试', '1', '13800138000', 'PAB', 'PAB', '4000020829200148508', null, 'N', null, '2016-04-01 17:09:33', '2016-04-01 17:13:23', null, null, '0', null, null);
INSERT INTO `CIFPAY_LC` VALUES ('968411f1dc7e435fb03dc2f5ae5cf368', '1000001', 'cifpay', 'PAB*010.00CNY*SRsUVtt5GHAvSQKKRi6UnU', 'CP301', 'CNY', '10.00', '0.00', '10.00', '2015-12-03 22:00:15', '10', '1', null, 'PAB', null, null, null, 'http://127.0.0.1:8082/gateway/oldlc/returnOpenView', 'http://192.168.59.238:8082/gateway/oldlc/notice', 'http://192.168.59.238:8082/gateway/oldlc/notice', null, 'CREDIT_TO_OPEN', '2016-04-21 15:37:23', null, '20160420153719445374', '红包充值', '2', null, 'PAB', null, null, null, 'N', null, '2016-04-20 15:37:23', null, null, null, '0', null, null);
INSERT INTO `CIFPAY_LC` VALUES ('96b65a81eacf4ec9a1e87f26a16e0749', '1000001', 'BANK_ENT_ICBC', '中国工行银行*0.01CNY*205257677116420', 'CP902', 'CNY', '1.00', '0.00', '0.00', '2016-04-20 14:23:42', '30', '2', '1000001', 'ICBC', 'ICBC', '400090001604411', 'CMM595456882', null, 'http://192.168.59.90:8080/starwish-portal/interface/starwish/withdrawNoticeUrl', null, '2016-04-20 14:24:11', '70', '2099-12-31 23:59:59', null, 'D4708c5dcd31c', 'drawMoney', '1', '225', 'ICBC', 'ICBC', '4000020829200148508', 'CMM595456882', 'N', null, '2016-04-20 14:24:03', '2016-04-20 14:24:11', null, null, '0', null, null);
INSERT INTO `CIFPAY_LC` VALUES ('97d0307ae43e41fab6a9241362505790', '1000001', 'THIRD_PAY', '银信证*999.00RMB*1000001C8c5c0c661aec', 'CP300', 'CNY', '99900.00', '99900.00', '0.00', '2016-04-16 14:53:43', '30', '1', '225', 'ALIPAY', null, null, null, 'http://192.168.51.184:8080/starwish-portal/interface/starwish/rechargeReturnUrl?requestId=c3dd053f5b2a456897ea05100c4b9d01', 'http://192.168.51.184:8080/starwish-portal/interface/starwish/rechargeNoticeUrl', null, '2016-04-16 14:53:43', '10', null, '2016-04-16 23:59:59', '103163898620160416145343144', '充值', '2', '2088221310230022', 'ALIPAY', null, 'admin@et2t.com', null, 'N', null, '2016-04-16 14:53:43', '2016-04-16 14:53:43', 'c3dd053f5b2a456897ea05100c4b9d01', null, '0', null, null);
INSERT INTO `CIFPAY_LC` VALUES ('986fe84a9a2f4010858e9181fff2d3d7', '1000001', 'BANK_ENT_ICBC', '中国工行银行*0.01CNY*13151147116415', 'CP902', 'CNY', '1.00', '0.00', '1.00', '2016-04-15 09:34:52', '30', '2', '1000001', 'ICBC', 'ICBC', '400090001604411', null, null, 'http://192.168.59.237:9080/withdraw/notify', null, null, '12', '2016-04-16 11:20:46', null, 'W1460684092442', '提现测试', '1', '123123', 'ICBC', 'ICBC', '4000020829200148508', null, 'N', null, '2016-04-15 11:20:46', null, null, null, '0', null, null);
INSERT INTO `CIFPAY_LC` VALUES ('98b0fba2e39a4c8c8f13621e3bf65ad4', '111111', 'THIRD_PAY', '银信证*0.01RMB*111111orderId57939a074cf04b989b6186bf7c452c80', 'CP300', 'CNY', '1.00', '0.00', '0.00', '2016-03-25 10:18:55', '30', '1', '111111', 'ALIPAY', null, 'zyem126@126.com', '2016032521001004990216313344', 'http://192.168.59.73:8080/starwish-portal/interface/starwish/getRechargeResult', 'http://192.168.59.73:8080/starwish-portal/interface/starwish/noticeRechargeResult', null, '2016-03-25 10:18:55', '70', null, '2016-03-25 23:59:59', '210317829920160325101854948', '付款', '2', '2088221310230022', 'ALIPAY', null, 'admin@et2t.com', null, 'N', null, '2016-03-25 10:18:55', '2016-03-25 10:19:16', '957df102a5dc454e81a947a0aa8f1790', null, '0', null, null);
INSERT INTO `CIFPAY_LC` VALUES ('98ce4c61b72345e298b01bb8538fa0be', '1000001', 'BANK_ENT_ICBC', '中国工行银行*1,000.88CNY*124141785716329', 'CP902', 'CNY', '100088.00', '0.00', '0.00', '2016-03-28 11:28:41', '30', '2', '1000001', 'ICBC', 'ICBC', '400090001604411', 'CMM593566884', null, 'http://192.168.51.184:8080/cifbill/pay/withdrawNoticeUrl', null, '2016-03-29 09:37:06', '70', '2099-12-31 23:59:59', null, 'Wd96be489d10b', '提现测试', '1', '13800138000', 'ICBC', 'ICBC', '4000020829200148508', 'CMM593566884', 'N', null, '2016-03-29 09:36:57', '2016-03-29 09:37:06', null, null, '0', null, null);
INSERT INTO `CIFPAY_LC` VALUES ('98e588f0d37e4cba869928e9211ec388', '1000001', 'BANK_ENT_ICBC', '98e588f0d37e4cba869928e9211ec388', 'CP902', 'CNY', '0.01', '0.00', '0.01', '2016-03-26 15:46:32', '30', '2', '1000001', 'test', 'test', '400090001604411', null, null, 'http://192.168.59.73:8080/starwish-portal/interface/starwish/noticeDrawMoneyResult', null, '2016-03-26 15:41:31', '12', '2016-03-26 15:41:31', null, '1cd4cf4a69ee469094e3d45d3e988237', '提现', '1', '13988887777', 'test', 'test', '4000020829200148508', null, 'N', null, '2016-03-26 15:41:28', '2016-03-26 15:41:31', null, null, '0', null, null);
INSERT INTO `CIFPAY_LC` VALUES ('9978f90f8ed048fcb06ba927c21108f0', '1000001', 'THIRD_PAY', '银信证*0.01RMB*1000001C7fcf8dbdcb01', 'CP300', 'CNY', '1.00', '1.00', '0.00', '2016-04-21 16:41:19', '30', '1', '225', 'ALIPAY', null, null, null, 'http://192.168.59.90:8080/starwish-portal/interface/starwish/rechargeReturnUrl?requestId=97bcb2ab00cc4c3e83dc6a79795349ce', 'http://192.168.59.90:8080/starwish-portal/interface/starwish/rechargeNoticeUrl', null, '2016-04-21 16:41:19', '10', null, '2016-04-21 23:59:59', '160910409220160421164119461', '我的订单', '2', '2088221310230022', 'ALIPAY', null, 'admin@et2t.com', null, 'N', null, '2016-04-21 16:41:19', '2016-04-21 16:41:19', '97bcb2ab00cc4c3e83dc6a79795349ce', null, '0', null, null);
INSERT INTO `CIFPAY_LC` VALUES ('9b0ca832ed4c408eb0acd01a9418a2d0', '1000001', 'BANK_ENT_ICBC', '中国工行银行*1,000.88CNY*200372458816329', 'CP902', 'CNY', '100088.00', '0.00', '0.00', '2016-03-28 11:28:41', '30', '2', '1000001', 'ICBC', 'ICBC', '400090001604411', 'CMM593616885', null, 'http://www.helloxxx.com.xx/withdraw/notify', null, '2016-03-29 13:47:09', '70', '2099-12-31 23:59:59', null, 'W7e1e753bed27', '提现测试', '1', '13800138000', 'ICBC', 'ICBC', '4000020829200148508', 'CMM593616885', 'N', null, '2016-03-29 13:42:28', '2016-03-29 13:47:09', null, null, '0', null, null);
INSERT INTO `CIFPAY_LC` VALUES ('9b82d2711b36461696b98bc5c66f4842', '1000001', 'THIRD_PAY', '银信证*0.01RMB*1000001W20160328118889', 'CP300', 'CNY', '1.00', '1.00', '0.00', '2016-04-15 17:52:48', '30', '1', '1002', 'ALIPAY', null, null, null, 'http://192.168.59.73:8080/starwish-portal/interface/starwish/getRechargeResult', 'http://192.168.59.73:8080/starwish-portal/interface/starwish/noticeRechargeResult', null, '2016-04-15 17:52:48', '10', null, '2016-04-15 23:59:59', '7168166920160415175247552', '充值测试', '2', '2088221310230022', 'ALIPAY', null, 'admin@et2t.com', null, 'N', null, '2016-04-15 17:52:48', '2016-04-15 17:52:48', '123456', null, '0', null, null);
INSERT INTO `CIFPAY_LC` VALUES ('9c0f7ebf67be4f39bd46268631533a65', '1000001', 'THIRD_PAY', '银信证*999.00RMB*1000001Cb4a5f1521ef1', 'CP300', 'CNY', '99900.00', '99900.00', '0.00', '2016-04-16 17:58:28', '30', '1', '225', 'ALIPAY', null, null, null, 'http://192.168.59.104:8080/starwish-portal/interface/starwish/rechargeReturnUrl?requestId=3701d26c209249e98e31abcc1de85101', 'http://192.168.59.104:8080/starwish-portal/interface/starwish/rechargeNoticeUrl', null, '2016-04-16 17:58:28', '10', null, '2016-04-16 23:59:59', '63050291520160416175827923', '充值', '2', '2088221310230022', 'ALIPAY', null, 'admin@et2t.com', null, 'N', null, '2016-04-16 17:58:28', '2016-04-16 17:58:28', '3701d26c209249e98e31abcc1de85101', null, '0', null, null);
INSERT INTO `CIFPAY_LC` VALUES ('9cb2dcbc5a2b42a3a2bf827571c2ee97', '1000001', 'BANK_ENT_ICBC', '9cb2dcbc5a2b42a3a2bf827571c2ee97', 'CP902', 'CNY', '0.01', '0.00', '0.00', '2016-03-22 18:38:51', '30', '2', '1000001', 'test', 'test', '400090001604411', 'CMM593057883', null, 'http://192.168.59.73:8080/starwish-portal/interface/starwish/noticeDrawMoneyResult', null, '2016-03-22 18:35:06', '70', '2099-12-31 23:59:59', null, '33333', '提现', '1', '13988887777', 'test', 'test', '4000020829200148508', 'CMM593057883', 'N', null, '2016-03-22 18:34:45', '2016-03-22 18:35:06', null, null, '0', null, null);
INSERT INTO `CIFPAY_LC` VALUES ('9df10e77fafb4c4da3ecf0f9cf4f04ff', '1000001', 'THIRD_PAY', '银信证*999.00RMB*1000001C50a3502a3d67', 'CP300', 'CNY', '99900.00', '99900.00', '0.00', '2016-04-16 17:38:19', '30', '1', '225', 'ALIPAY', null, null, null, 'http://192.168.59.104:8080/starwish-portal/interface/starwish/rechargeReturnUrl?requestId=da73baa56f7943fdbf72126a64ba5bd9', 'http://192.168.59.104:8080/starwish-portal/interface/starwish/rechargeNoticeUrl', null, '2016-04-16 17:38:19', '10', null, '2016-04-16 23:59:59', '59436312920160416173819126', '充值', '2', '2088221310230022', 'ALIPAY', null, 'admin@et2t.com', null, 'N', null, '2016-04-16 17:38:19', '2016-04-16 17:38:19', 'da73baa56f7943fdbf72126a64ba5bd9', null, '0', null, null);
INSERT INTO `CIFPAY_LC` VALUES ('a079f0ba2cc54750a81fbd719086a9d6', '1000001', 'BANK_ENT_ICBC', '中国工行银行*0.01CNY*106788777416418', 'CP902', 'CNY', '1.00', '0.00', '1.00', '2016-04-18 13:40:39', '30', '2', '1000001', 'ICBC', 'ICBC', '400090001604411', null, null, 'http://192.168.59.237:9080/withdraw/notify', null, '2016-04-18 16:01:41', '12', '2016-04-18 16:01:41', null, 'W1460958039313', '提现测试', '1', '1002', 'ICBC', 'ICBC', '4000020829200148508', null, 'N', null, '2016-04-18 16:01:14', '2016-04-18 16:01:41', null, null, '0', null, null);
INSERT INTO `CIFPAY_LC` VALUES ('a0809650cef04e8dafcc1638863659cd', '1000001', 'BANK_ENT_ICBC', '中国工行银行*0.01CNY*106097366716419', 'CP902', 'CNY', '1.00', '0.00', '0.00', '2016-04-19 12:17:43', '30', '2', '1000001', 'ICBC', 'ICBC', '400090001604411', 'CMM595186885', null, 'http://192.168.59.90:8080/starwish-portal/interface/starwish/withdrawNoticeUrl', null, '2016-04-19 12:12:24', '70', '2099-12-31 23:59:59', null, 'D71149be38f36', 'drawMoney', '1', '225', 'ICBC', 'ICBC', '4000020829200148508', 'CMM595186885', 'N', null, '2016-04-19 12:12:15', '2016-04-19 12:12:24', null, null, '0', null, null);
INSERT INTO `CIFPAY_LC` VALUES ('a0908a8e55564332a06d3cbc3b83e4cc', '1000001', 'BANK_ENT_ICBC', '中国工行银行*0.01CNY*95091007816418', 'CP902', 'CNY', '1.00', '0.00', '1.00', '2016-04-18 11:44:49', '30', '2', '1000001', 'ICBC', 'ICBC', '400090001604411', null, null, 'http://192.168.59.237:9080/withdraw/notify', null, '2016-04-18 11:49:49', '12', '2016-04-18 11:49:49', null, 'W1460951089205', '提现测试', '1', '1002', 'ICBC', 'ICBC', '4000020829200148508', null, 'N', null, '2016-04-18 11:49:49', '2016-04-18 11:49:49', null, null, '0', null, null);
INSERT INTO `CIFPAY_LC` VALUES ('a095dab7cc6c41cf95967e216a144d4c', '1000001', 'THIRD_PAY', '银信证*0.01RMB*1000001Cdc0f6856ac0f', 'CP300', 'CNY', '1.00', '1.00', '0.00', '2016-04-21 16:29:31', '30', '1', '225', 'ALIPAY', null, null, null, 'http://192.168.59.90:8080/starwish-portal/interface/starwish/rechargeReturnUrl?requestId=e1e757f6a1834b7ca007c4786ec63dda', 'http://192.168.59.90:8080/starwish-portal/interface/starwish/rechargeNoticeUrl', null, '2016-04-21 16:29:31', '10', null, '2016-04-21 23:59:59', '128602463720160421162931321', '我的订单', '2', '2088221310230022', 'ALIPAY', null, 'admin@et2t.com', null, 'N', null, '2016-04-21 16:29:31', '2016-04-21 16:29:31', 'e1e757f6a1834b7ca007c4786ec63dda', null, '0', null, null);
INSERT INTO `CIFPAY_LC` VALUES ('a0fe347c51464b1a8336353920341b6a', '1000001', 'BANK_ENT_ICBC', '中国工行银行*0.01CNY*128288378416401', 'CP902', 'CNY', '1.00', '0.00', '1.00', '2016-04-01 09:59:55', '30', '2', '1000001', 'ICBC', 'ICBC', '400090001604411', 'CMM594076897', null, 'http://www.helloxxx.com.xx/withdraw/notify', null, '2016-04-01 10:11:44', '12', '2016-04-01 10:11:44', null, 'W1459475995432', '提现测试', '1', '13800138000', 'PAB', 'PAB', '4000020829200148508', 'CMM594076897', 'N', null, '2016-04-01 10:08:44', '2016-04-01 10:11:44', null, null, '0', null, null);
INSERT INTO `CIFPAY_LC` VALUES ('a323cc048e144c5590c707dba37a6675', '1000001', 'THIRD_PAY', '银信证*999.00RMB*1000001Cc71bc55a365d', 'CP300', 'CNY', '99900.00', '99900.00', '0.00', '2016-04-16 17:37:29', '30', '1', '225', 'ALIPAY', null, null, null, 'http://192.168.59.104:8080/starwish-portal/interface/starwish/rechargeReturnUrl?requestId=eb70f0dc759d4bd78fc95c4d95a93934', 'http://192.168.59.104:8080/starwish-portal/interface/starwish/rechargeNoticeUrl', null, '2016-04-16 17:37:29', '10', null, '2016-04-16 23:59:59', '55204092820160416173728816', '充值', '2', '2088221310230022', 'ALIPAY', null, 'admin@et2t.com', null, 'N', null, '2016-04-16 17:37:29', '2016-04-16 17:37:29', 'eb70f0dc759d4bd78fc95c4d95a93934', null, '0', null, null);
INSERT INTO `CIFPAY_LC` VALUES ('a3c4d0e94e604133afc1f06849c53a77', '1000001', 'BANK_ENT_ICBC', '中国工行银行*0.01CNY*4672702316420', 'CP902', 'CNY', '1.00', '0.00', '1.00', '2016-04-20 14:37:41', '30', '2', '1000001', 'ICBC', 'ICBC', '400090001604411', null, null, 'http://192.168.59.90:8080/starwish-portal/interface/starwish/withdrawNoticeUrl', null, '2016-04-20 14:38:30', '12', '2016-04-20 14:38:30', null, 'D1587c77788f8', 'drawMoney', '1', '225', 'ICBC', 'ICBC', '4000020829200148508', null, 'N', null, '2016-04-20 14:38:01', '2016-04-20 14:38:30', null, null, '0', null, null);
INSERT INTO `CIFPAY_LC` VALUES ('a446d993ff2144518253308e1cbdb6d1', '1000001', 'BANK_ENT_ICBC', '中国工行银行*0.01CNY*200231189416419', 'CP902', 'CNY', '1.00', '0.00', '1.00', '2016-04-19 14:17:10', '30', '2', '1000001', 'ICBC', 'ICBC', '400090001604411', null, null, 'http://192.168.59.237:9080/withdraw/notify', null, null, '12', '2016-04-20 14:16:57', null, 'W1461046630168', '提现测试', '1', '1002', 'ICBC', 'ICBC', '4000020829200148508', null, 'N', null, '2016-04-19 14:16:57', null, null, null, '0', null, null);
INSERT INTO `CIFPAY_LC` VALUES ('a44e5541f5d6438384e2c556a9591805', '1000001', 'BANK_ENT_ICBC', '中国工行银行*0.01CNY*85692764816420', 'CP902', 'CNY', '1.00', '0.00', '1.00', '2016-04-20 11:46:58', '30', '2', '1000001', 'ICBC', 'ICBC', '400090001604411', null, null, 'http://192.168.59.90:8080/starwish-portal/interface/starwish/withdrawNoticeUrl', null, '2016-04-20 11:49:46', '12', '2016-04-20 11:49:46', null, 'D53ea84065095', 'drawMoney', '1', '225', 'ICBC', 'ICBC', '4000020829200148508', null, 'N', null, '2016-04-20 11:49:42', '2016-04-20 11:49:46', null, null, '0', null, null);
INSERT INTO `CIFPAY_LC` VALUES ('a461b2e35544421384abd0e68fa1573f', '1000001', 'cifpay', 'CIB*030.00CNY*apEkXnYWeNaJ5Fs27FQ6GX', 'CP500', 'CNY', '30.00', '0.00', '30.00', '2015-12-02 22:03:15', '10', '1', null, 'CIB', null, null, '79d4c82da50649e1b2bda148997009cd', 'http://127.0.0.1:8083/lcmock-merchant-site/recharge/callback', 'http://127.0.0.1:8083/lcmock-merchant-site/recharge/notify', 'http://127.0.0.1:8083/lcmock-merchant-site/recharge/notify', null, 'CREDIT_CONFIRMED_PAY', '2016-03-24 15:58:18', null, '20160323155359595015', '雨伞1把30块', '2', null, 'CIB', null, null, null, 'N', null, '2016-03-23 15:54:08', null, null, null, '0', null, null);
INSERT INTO `CIFPAY_LC` VALUES ('a578d123427a4ca59b5d22d6c8db5622', '1000001', 'BANK_ENT_ICBC', '中国工行银行*0.01CNY*102041178816420', 'CP902', 'CNY', '1.00', '0.00', '1.00', '2016-04-20 09:47:16', '30', '2', '1000001', 'ICBC', 'ICBC', '400090001604411', null, null, 'http://192.168.59.90:8080/starwish-portal/interface/starwish/withdrawNoticeUrl', null, '2016-04-20 09:41:53', '12', '2016-04-20 09:41:53', null, 'D15d8de2f98e7', 'drawMoney', '1', '225', 'ICBC', 'ICBC', '4000020829200148508', null, 'N', null, '2016-04-20 09:41:50', '2016-04-20 09:41:53', null, null, '0', null, null);
INSERT INTO `CIFPAY_LC` VALUES ('a5f006edb443436aad023ac9f19f8d16', '1000001', 'THIRD_PAY', '银信证*0.01RMB*1000001C94aae20451f6', 'CP300', 'CNY', '1.00', '1.00', '0.00', '2016-04-18 09:57:10', '30', '1', '225', 'ALIPAY', null, null, null, 'http://192.168.59.90:8080/starwish-portal/interface/starwish/rechargeReturnUrl?requestId=0858a83fb0984479992ab50255a2c0e6', 'http://192.168.59.90:8080/starwish-portal/interface/starwish/rechargeNoticeUrl', null, '2016-04-18 09:57:10', '10', null, '2016-04-18 23:59:59', '70420417620160418095710233', '充值', '2', '2088221310230022', 'ALIPAY', null, 'admin@et2t.com', null, 'N', null, '2016-04-18 09:57:10', '2016-04-18 09:57:10', '0858a83fb0984479992ab50255a2c0e6', null, '0', null, null);
INSERT INTO `CIFPAY_LC` VALUES ('a6158d34df3e4b9f86a51d142c8f9e2e', '8885222522', '3RD_ALIPAY', '银信证*0.01RMB*8885222522orderIdfb9a234a-5790-4e76-b898-2b5f635cf047', 'CP300', 'CNY', '1.00', '1.00', '0.00', '2016-03-22 18:51:16', '40', '1', '8885222522', 'ALIPAY', null, null, null, 'http://192.168.59.73:8080/starwish-portal/interface/starwish/getRechargeResult', 'http://192.168.59.73:8080/starwish-portal/interface/starwish/noticeRechargeResult', null, '2016-03-22 18:51:16', '10', null, '2016-03-22 23:59:59', '6a51d142c8f9e2e20160322185116246', '提现', '2', '2088221310230022', 'ALIPAY', null, 'admin@et2t.com', null, 'N', null, '2016-03-22 18:51:16', '2016-03-22 18:51:16', 'a084ac60-5521-48a8-9e48-305323a5c3b6', null, '0', null, null);
INSERT INTO `CIFPAY_LC` VALUES ('a6b149da34f44467bafc37c3b3ba6de2', '1000001', 'THIRD_PAY', '银信证*0.01RMB*10000011461229996946', 'CP300', 'CNY', '1.00', '1.00', '0.00', '2016-04-21 17:14:03', '30', '1', '1002', 'ALIPAY', null, null, null, 'http://localhost:8085/ssm/returnUrl', 'http://localhost:8085/ssm/noticeUrl', null, '2016-04-21 17:14:03', '10', null, '2016-04-21 23:59:59', '61607175920160421171402752', '充值', '2', '2088221310230022', 'ALIPAY', null, 'admin@et2t.com', null, 'N', null, '2016-04-21 17:14:03', '2016-04-21 17:14:03', '123123', null, '0', null, null);
INSERT INTO `CIFPAY_LC` VALUES ('a794ac9ed4c24b6b8fc4a030ed24c660', '1000001', 'BANK_ENT_ICBC', '中国工行银行*0.01CNY*15701380716418', 'CP902', 'CNY', '1.00', '0.00', '0.00', '2016-04-18 10:06:45', '30', '2', '1000001', 'ICBC', 'ICBC', '400090001604411', 'CMM595106887', null, 'http://192.168.59.237:9080/withdraw/notify', null, '2016-04-18 10:07:13', '70', '2099-12-31 23:59:59', null, 'W1460945206001', '提现测试', '1', '1002', 'ICBC', 'ICBC', '4000020829200148508', 'CMM595106887', 'N', null, '2016-04-18 10:07:04', '2016-04-18 10:07:13', null, null, '0', null, null);
INSERT INTO `CIFPAY_LC` VALUES ('a7da74efa213440380f5c3b636dae452', '1000001', 'BANK_ENT_ICBC', '中国工行银行*0.01CNY*134788614216415', 'CP902', 'CNY', '1.00', '0.00', '1.00', '2016-04-15 13:13:12', '30', '2', '1000001', 'ICBC', 'ICBC', '400090001604411', null, null, 'http://192.168.59.237:9080/withdraw/notify', null, null, '10', '2016-04-16 13:14:20', null, 'W1460697192587', '提现测试', '1', '1002', 'ICBC', 'ICBC', '4000020829200148508', null, 'N', null, '2016-04-15 13:14:20', null, null, null, '0', null, null);
INSERT INTO `CIFPAY_LC` VALUES ('a815d60cd770481d90dd0a3544894971', '1000001', 'BANK_ENT_ICBC', '中国工行银行*1,000.88CNY*96579607716329', 'CP902', 'CNY', '100088.00', '0.00', '0.00', '2016-03-28 11:28:41', '30', '2', '1000001', 'ICBC', 'ICBC', '400090001604411', 'CMM593576885', null, 'http://192.168.51.184:8080/cifbill/pay/withdrawNoticeUrl', null, '2016-03-29 09:54:36', '70', '2099-12-31 23:59:59', null, 'Wc53927682a5e', '提现测试', '1', '13800138000', 'ICBC', 'ICBC', '4000020829200148508', 'CMM593576885', 'N', null, '2016-03-29 09:49:58', '2016-03-29 09:54:36', null, null, '0', null, null);
INSERT INTO `CIFPAY_LC` VALUES ('a8ec003c14474a689b59b8d916f577ab', '1000001', 'BANK_ENT_ICBC', '中国工行银行*0.01CNY*175509440716419', 'CP902', 'CNY', '1.00', '0.00', '1.00', '2016-04-19 09:49:35', '30', '2', '1000001', 'ICBC', 'ICBC', '400090001604411', null, null, 'http://192.168.59.90:8080/starwish-portal/interface/starwish/withdrawNoticeUrl', null, '2016-04-19 09:51:29', '12', '2016-04-19 09:51:29', null, 'Dc5efe2c9a6dd', 'drawMoney', '1', '225', 'ICBC', 'ICBC', '4000020829200148508', null, 'N', null, '2016-04-19 09:51:17', '2016-04-19 09:51:29', null, null, '0', null, null);
INSERT INTO `CIFPAY_LC` VALUES ('a9ebc3b1b8ad46a2ac30767300e3ca90', '1000001', 'BANK_ENT_ICBC', '中国工行银行*0.01CNY*110389308516401', 'CP902', 'CNY', '1.00', '0.00', '1.00', '2016-04-01 10:21:47', '30', '2', '1000001', 'ICBC', 'ICBC', '400090001604411', null, null, 'http://www.helloxxx.com.xx/withdraw/notify', null, '2016-04-01 11:03:46', '12', '2016-04-01 11:03:46', null, 'W1459477307963', '提现测试', '1', '13800138000', 'PAB', 'PAB', '4000020829200148508', null, 'N', null, '2016-04-01 11:03:35', '2016-04-01 11:03:46', null, null, '0', null, null);
INSERT INTO `CIFPAY_LC` VALUES ('aa12e2d33d344e4481cca98467247ef5', '1000001', 'THIRD_PAY', '银信证*0.01RMB*1000001C8bd91d19a25b', 'CP300', 'CNY', '1.00', '1.00', '0.00', '2016-04-18 19:35:16', '30', '1', '225', 'ALIPAY', null, null, null, 'http://192.168.59.90:8080/starwish-portal/interface/starwish/rechargeReturnUrl?requestId=c7d42d112dd142ddab64707d8b311498', 'http://192.168.59.90:8080/starwish-portal/interface/starwish/rechargeNoticeUrl', null, '2016-04-18 19:35:16', '10', null, '2016-04-18 23:59:59', '173434337320160418193515786', '充值', '2', '2088221310230022', 'ALIPAY', null, 'admin@et2t.com', null, 'N', null, '2016-04-18 19:35:16', '2016-04-18 19:35:16', 'c7d42d112dd142ddab64707d8b311498', null, '0', null, null);
INSERT INTO `CIFPAY_LC` VALUES ('adb1a7b14b3a4f9a99c42d821b5cc883', '1000001', 'BANK_ENT_ICBC', '中国工行银行*0.01CNY*175062240716418', 'CP902', 'CNY', '1.00', '0.00', '1.00', '2016-04-18 16:09:43', '30', '2', '1000001', 'ICBC', 'ICBC', '400090001604411', null, null, 'http://192.168.59.237:9080/withdraw/notify', null, '2016-04-18 16:15:07', '12', '2016-04-18 16:15:07', null, 'W1460966983141', '提现测试', '1', '1002', 'ICBC', 'ICBC', '4000020829200148508', null, 'N', null, '2016-04-18 16:15:02', '2016-04-18 16:15:07', null, null, '0', null, null);
INSERT INTO `CIFPAY_LC` VALUES ('ae381979ecb8415aad707999fc6f100a', '1000001', 'THIRD_PAY', '银信证*0.01RMB*1000001C10d08ea6b27a', 'CP300', 'CNY', '1.00', '1.00', '0.00', '2016-04-21 21:06:39', '30', '1', '225', 'ALIPAY', null, null, null, 'http://192.168.59.90:8080/starwish-portal/interface/starwish/rechargeReturnUrl?requestId=7fbcd1ff21114b09802cf93f3b987646', 'http://192.168.59.90:8080/starwish-portal/interface/starwish/rechargeNoticeUrl', null, '2016-04-21 21:06:39', '10', null, '2016-04-21 23:59:59', '4159501920160421210639126', '我的订单', '2', '2088221310230022', 'ALIPAY', null, 'admin@et2t.com', null, 'N', null, '2016-04-21 21:06:39', '2016-04-21 21:06:39', '7fbcd1ff21114b09802cf93f3b987646', null, '0', null, null);
INSERT INTO `CIFPAY_LC` VALUES ('afac26e4bb014ad595320a4bb4c89216', '1000001', 'BANK_ENT_ICBC', '中国工行银行*0.01CNY*140595364016420', 'CP902', 'CNY', '1.00', '0.00', '1.00', '2016-04-20 09:31:28', '30', '2', '1000001', 'ICBC', 'ICBC', '400090001604411', null, null, 'http://192.168.59.90:8080/starwish-portal/interface/starwish/withdrawNoticeUrl', null, '2016-04-20 09:26:05', '12', '2016-04-20 09:26:05', null, 'D3046da9ac81d', 'drawMoney', '1', '225', 'ICBC', 'ICBC', '4000020829200148508', null, 'N', null, '2016-04-20 09:26:02', '2016-04-20 09:26:05', null, null, '0', null, null);
INSERT INTO `CIFPAY_LC` VALUES ('afdaa4a6524541b795ef6880fbdadf43', '1000001', 'THIRD_PAY', '银信证*0.01RMB*1000001Cf086849e919b', 'CP300', 'CNY', '1.00', '1.00', '0.00', '2016-04-20 15:26:33', '30', '1', '225', 'ALIPAY', null, null, null, 'http://192.168.59.90:8080/starwish-portal/interface/starwish/rechargeReturnUrl?requestId=bfb34ded42b94b498c3b5e48a64d5e11', 'http://192.168.59.90:8080/starwish-portal/interface/starwish/rechargeNoticeUrl', null, '2016-04-20 15:26:33', '10', null, '2016-04-20 23:59:59', '151581838920160420152632638', '我的订单', '2', '2088221310230022', 'ALIPAY', null, 'admin@et2t.com', null, 'N', null, '2016-04-20 15:26:33', '2016-04-20 15:26:33', 'bfb34ded42b94b498c3b5e48a64d5e11', null, '0', null, null);
INSERT INTO `CIFPAY_LC` VALUES ('b0fc6888105f4ab5a44e19c81ecc05fe', '1000001', 'BANK_ENT_ICBC', '中国工行银行*0.01CNY*186726727416328', 'CP902', 'CNY', '1.00', '0.00', '0.00', '2016-03-28 17:44:09', '30', '2', '1000001', 'ICBC', 'ICBC', '400090001604411', 'CMM593526893', null, 'http://www.helloxxx.com.xx/withdraw/notify', null, '2016-03-28 17:43:49', '70', '2099-12-31 23:59:59', null, 'W1459158249763', '提现测试', '1', '13800138000', 'ICBC', 'ICBC', '4000020829200148508', 'CMM593526893', 'N', null, '2016-03-28 17:43:42', '2016-03-28 17:43:49', null, null, '0', null, null);
INSERT INTO `CIFPAY_LC` VALUES ('b1d7eb10314a4b34b03ea76cc19e2c36', '8885222522', 'THIRD_PAY', '银信证*0.01RMB*8885222522orderId6e6f55ed-ea2a-4056-a832-a08ddb22e926', 'CP300', 'CNY', '1.00', '-3.00', '0.00', '2016-03-23 10:23:43', '30', '1', '8885222522', 'ALIPAY', null, 'zyem126@126.com', '2016032321001004990218151818', 'http://192.168.59.73:8080/starwish-portal/interface/starwish/getRechargeResult', 'http://192.168.59.73:8080/starwish-portal/interface/starwish/noticeRechargeResult', null, '2016-03-23 10:23:43', '11', null, '2016-03-23 23:59:59', '03ea76cc19e2c3620160323102342636', '提现', '2', '2088221310230022', 'ALIPAY', null, 'admin@et2t.com', null, 'N', null, '2016-03-23 10:23:43', '2016-03-23 13:47:51', 'ffc6bea0-ddf1-4e39-bbaa-31affc1c5f16', null, '0', null, null);
INSERT INTO `CIFPAY_LC` VALUES ('b213f326e7694f80bde506a94f577c09', '1000001', 'BANK_ENT_ICBC', '中国工行银行*1,000.88CNY*100890630916328', 'CP902', 'CNY', '100088.00', '0.00', '0.00', '2016-03-28 11:28:41', '30', '2', '1000001', 'ICBC', 'ICBC', '400090001604411', 'CMM593476882', null, 'http://www.helloxxx.com.xx/withdraw/notify', null, '2016-03-28 14:54:09', '70', '2099-12-31 23:59:59', null, 'W12034e85b04a', '提现测试', '1', '13800138000', 'ICBC', 'ICBC', '4000020829200148508', 'CMM593476882', 'N', null, '2016-03-28 14:48:54', '2016-03-28 14:54:09', null, null, '0', null, null);
INSERT INTO `CIFPAY_LC` VALUES ('b21c570674b8496b9171d9301493d72e', '1000001', 'BANK_ENT_ICBC', '中国工行银行*0.01CNY*162263389916415', 'CP902', 'CNY', '1.00', '0.00', '1.00', '2016-04-15 11:36:49', '30', '2', '1000001', 'ICBC', 'ICBC', '400090001604411', null, null, 'http://192.168.59.237:9080/withdraw/notify', null, '2016-04-15 11:56:40', '12', '2016-04-15 11:56:40', null, 'W1460691409301', '提现测试', '1', '1002', 'ICBC', 'ICBC', '4000020829200148508', null, 'N', null, '2016-04-15 11:51:10', '2016-04-15 11:56:40', null, null, '0', null, null);
INSERT INTO `CIFPAY_LC` VALUES ('b2f50b827ce9470b81ecda7bfdb72f69', '111111', 'THIRD_PAY', '银信证*0.01RMB*111111orderId99411bfe757a4503868a13238177c31e', 'CP300', 'CNY', '1.00', '1.00', '0.00', '2016-03-24 17:00:39', '30', '1', '111111', 'ALIPAY', null, null, null, 'http://192.168.59.73:8080/starwish-portal/interface/starwish/getRechargeResult', 'http://192.168.59.73:8080/starwish-portal/interface/starwish/noticeRechargeResult', null, '2016-03-24 17:00:39', '10', null, '2016-03-24 23:59:59', '81ecda7bfdb72f692016032417003925', '付款', '2', '2088221310230022', 'ALIPAY', null, 'admin@et2t.com', null, 'N', null, '2016-03-24 17:00:39', '2016-03-24 17:00:39', 'c928bbdbe4784ad98fe650695fdc1302', null, '0', null, null);
INSERT INTO `CIFPAY_LC` VALUES ('b305bda5e73b4af399725c49a53a38d3', '1000001', 'BANK_ENT_ICBC', '中国工行银行*0.01CNY*85478072516415', 'CP902', 'CNY', '1.00', '0.00', '1.00', '2016-04-15 09:34:52', '30', '2', '1000001', 'ICBC', 'ICBC', '400090001604411', null, null, 'http://192.168.59.237:9080/withdraw/notify', null, null, '12', '2016-04-16 09:37:42', null, 'W1460684092442', '提现测试', '1', '123123', 'ICBC', 'ICBC', '4000020829200148508', null, 'N', null, '2016-04-15 09:37:42', null, null, null, '0', null, null);
INSERT INTO `CIFPAY_LC` VALUES ('b324e5974b704856a0575c443c9a6630', '1000001', 'cifpay', 'PAB*010.00CNY*yre77gYPk36BGvfPuc6osZ', 'CP301', 'CNY', '10.00', '0.00', '10.00', '2015-12-03 22:00:14', '10', '1', null, 'PAB', null, null, null, 'http://127.0.0.1:8082/cifpaylc-gateway/oldlc/returnOpenView', 'http://192.168.59.238:8082/cifpaylc-gateway/oldlc/notice', 'http://192.168.59.238:8082/cifpaylc-gateway/oldlc/notice', null, 'CREDIT_TO_OPEN', '2016-04-21 14:51:22', null, '20160420145118712891', '红包充值', '2', null, 'PAB', null, null, null, 'N', null, '2016-04-20 14:51:22', null, null, null, '0', null, null);
INSERT INTO `CIFPAY_LC` VALUES ('b3b151361f124c36b1d2a932f1553d13', '1000001', 'BANK_ENT_ICBC', '中国工行银行*0.01CNY*106091013716401', 'CP902', 'CNY', '1.00', '0.00', '1.00', '2016-03-31 10:35:27', '30', '2', '1000001', 'ICBC', 'ICBC', '400090001604411', 'CMM594076890', null, 'http://www.helloxxx.com.xx/withdraw/notify', null, '2016-04-01 09:52:52', '12', '2016-04-01 09:52:52', null, 'W1459391727662', '提现测试', '1', '13800138000', 'PAB', 'PAB', '4000020829200148508', 'CMM594076890', 'N', null, '2016-04-01 09:52:27', '2016-04-01 09:52:52', null, null, '0', null, null);
INSERT INTO `CIFPAY_LC` VALUES ('b3bbdd3b2d3845ada7a89823d0b4990f', '1000001', 'BANK_ENT_ICBC', '中国工行银行*0.01CNY*174789532416418', 'CP902', 'CNY', '1.00', '0.00', '1.00', '2016-04-18 15:26:41', '30', '2', '1000001', 'ICBC', 'ICBC', '400090001604411', null, null, 'http://192.168.59.237:9080/withdraw/notify', null, '2016-04-18 15:38:32', '12', '2016-04-18 15:38:32', null, 'W1460964401779', '提现测试', '1', '1002', 'ICBC', 'ICBC', '4000020829200148508', null, 'N', null, '2016-04-18 15:38:27', '2016-04-18 15:38:32', null, null, '0', null, null);
INSERT INTO `CIFPAY_LC` VALUES ('b3c1eee8570d49e180521225ca88f5ea', '1000001', 'BANK_ENT_ICBC', '中国工行银行*0.01CNY*29808048516418', 'CP902', 'CNY', '1.00', '0.00', '1.00', '2016-04-18 13:40:39', '30', '2', '1000001', 'ICBC', 'ICBC', '400090001604411', null, null, 'http://192.168.59.237:9080/withdraw/notify', null, '2016-04-18 13:47:02', '12', '2016-04-18 13:47:02', null, 'W1460958039313', '提现测试', '1', '1002', 'ICBC', 'ICBC', '4000020829200148508', null, 'N', null, '2016-04-18 13:47:01', '2016-04-18 13:47:02', null, null, '0', null, null);
INSERT INTO `CIFPAY_LC` VALUES ('b3f03d0856f54136992219f21cfe27a1', '1000001', 'BANK_ENT_ICBC', '中国工行银行*0.01CNY*194607945416416', 'CP902', 'CNY', '1.00', '0.00', '1.00', '2016-04-15 17:38:16', '30', '2', '1000001', 'ICBC', 'ICBC', '400090001604411', null, null, 'http://192.168.59.237:9080/withdraw/notify', null, '2016-04-16 11:32:45', '12', '2016-04-16 11:32:45', null, 'W1460713097001', '提现测试', '1', '1002', 'ICBC', 'ICBC', '4000020829200148508', null, 'N', null, '2016-04-16 11:27:44', '2016-04-16 11:32:45', null, null, '0', null, null);
INSERT INTO `CIFPAY_LC` VALUES ('b406d2c2314e4740b29902961823d89c', '1000001', 'BANK_ENT_ICBC', '中国工行银行*0.01CNY*127519333616331', 'CP902', 'CNY', '1.00', '0.00', '1.00', '2016-03-31 10:35:27', '30', '2', '1000001', 'ICBC', 'ICBC', '400090001604411', null, null, 'http://www.helloxxx.com.xx/withdraw/notify', null, '2016-03-31 10:38:54', '12', '2016-03-31 10:38:54', null, 'W1459391727662', '提现测试', '1', '13800138000', 'PAB', 'PAB', '4000020829200148508', null, 'N', null, '2016-03-31 10:38:49', '2016-03-31 10:38:54', null, null, '0', null, null);
INSERT INTO `CIFPAY_LC` VALUES ('b49e8e1574584869884966b3c8ff6fc6', '1000001', 'THIRD_PAY', '银信证*999.00RMB*1000001C29535be48c7d', 'CP300', 'CNY', '99900.00', '99900.00', '0.00', '2016-04-16 17:46:46', '30', '1', '225', 'ALIPAY', null, null, null, 'http://192.168.59.104:8080/starwish-portal/interface/starwish/rechargeReturnUrl?requestId=765461d0044d4b619df9e698e3772435', 'http://192.168.59.104:8080/starwish-portal/interface/starwish/rechargeNoticeUrl', null, '2016-04-16 17:46:46', '10', null, '2016-04-16 23:59:59', '154140322820160416174646361', '充值', '2', '2088221310230022', 'ALIPAY', null, 'admin@et2t.com', null, 'N', null, '2016-04-16 17:46:46', '2016-04-16 17:46:46', '765461d0044d4b619df9e698e3772435', null, '0', null, null);
INSERT INTO `CIFPAY_LC` VALUES ('b4d4023554c540beb43699dd95a73c92', '1000001', 'BANK_ENT_ICBC', '中国工行银行*1,000.88CNY*198320181816328', 'CP902', 'CNY', '100088.00', '0.00', '0.00', '2016-03-28 11:28:41', '30', '2', '1000001', 'ICBC', 'ICBC', '400090001604411', 'CMM593526897', null, 'http://www.helloxxx.com.xx/withdraw/notify', null, '2016-03-28 17:53:51', '70', '2099-12-31 23:59:59', null, 'W0ec252571904', '提现测试', '1', '13800138000', 'ICBC', 'ICBC', '4000020829200148508', 'CMM593526897', 'N', null, '2016-03-28 17:53:48', '2016-03-28 17:53:51', null, null, '0', null, null);
INSERT INTO `CIFPAY_LC` VALUES ('b500004e55e64bb1bc901ff04b6a5a67', '5556661', 'THIRD_PAY', '银信证*0.01RMB*55566612016323171356534', 'CP300', 'CNY', '1.00', '0.00', '0.00', '2016-03-23 17:15:21', '30', '1', '5556661', 'ALIPAY', null, 'thhejin@yeah.net', '2016032321001004280211688008', 'http://192.168.59.239:8085/alipayDemo/return_url.jsp', 'http://192.168.59.239:8085/alipayDemo/notify_url.jsp', null, '2016-03-23 17:15:21', '70', null, '2016-03-23 23:59:59', 'c901ff04b6a5a6720160323171521292', '234234324', '2', '2088221310230022', 'ALIPAY', null, 'admin@et2t.com', null, 'N', null, '2016-03-23 17:15:21', '2016-03-23 18:40:27', '4446345311545121', null, '0', null, null);
INSERT INTO `CIFPAY_LC` VALUES ('b51a6532930e4f529b7d22d6991d1995', '1000001', 'BANK_ENT_ICBC', '中国工行银行*0.01CNY*207667443016401', 'CP902', 'CNY', '1.00', '0.00', '1.00', '2016-04-01 10:21:47', '30', '2', '1000001', 'ICBC', 'ICBC', '400090001604411', null, null, 'http://www.helloxxx.com.xx/withdraw/notify', null, '2016-04-01 10:58:18', '12', '2016-04-01 10:58:18', null, 'W1459477307963', '提现测试', '1', '13800138000', 'PAB', 'PAB', '4000020829200148508', null, 'N', null, '2016-04-01 10:57:51', '2016-04-01 10:58:18', null, null, '0', null, null);
INSERT INTO `CIFPAY_LC` VALUES ('b68b28618a254af3b50775842747fd55', '1000001', 'BANK_ENT_ICBC', '中国工行银行*1,000.88CNY*62469196916328', 'CP902', 'CNY', '100088.00', '0.00', '100088.00', '2016-03-28 11:28:41', '30', '2', '1000001', 'ICBC', 'ICBC', '400090001604411', null, null, 'http://www.helloxxx.com.xx/withdraw/notify', null, '2016-03-28 11:40:21', '12', '2016-03-28 11:40:21', null, 'W20160328112841', '提现测试', '1', '13800138000', 'ICBC', 'ICBC', '4000020829200148508', null, 'N', null, '2016-03-28 11:40:18', '2016-03-28 11:40:21', null, null, '0', null, null);
INSERT INTO `CIFPAY_LC` VALUES ('b68fcbe8b51a4e888aa8bbafa12dd2a0', '1000001', 'BANK_ENT_ICBC', '中国工行银行*1,000.88CNY*159848901216328', 'CP902', 'CNY', '100088.00', '0.00', '100088.00', '2016-03-28 11:28:41', '30', '2', '1000001', 'ICBC', 'ICBC', '400090001604411', null, null, 'http://www.helloxxx.com.xx/withdraw/notify', null, '2016-03-28 11:32:15', '12', '2016-03-28 11:32:15', null, 'W20160328112841', '提现测试', '1', '13800138000', 'ICBC', 'ICBC', '4000020829200148508', null, 'N', null, '2016-03-28 11:32:12', '2016-03-28 11:32:15', null, null, '0', null, null);
INSERT INTO `CIFPAY_LC` VALUES ('b6eaa9bc44674e48bd434bb9357cfd71', '1000001', 'cifpay', 'PAB*030.00CNY*ULhpToM5uWz9HV9EgLr4Za', 'CP500', 'CNY', '30.00', '0.00', '30.00', '2015-12-03 22:00:17', '10', '1', null, 'PAB', null, null, null, 'http://127.0.0.1:8084/lcmock-merchant-site/recharge/callback', 'http://127.0.0.1:8084/lcmock-merchant-site/recharge/notify', 'http://127.0.0.1:8084/lcmock-merchant-site/recharge/notify', null, 'CREDIT_TO_OPEN', '2016-04-21 17:38:23', null, '20160420173821953458', '雨伞1把30块', '2', null, 'PAB', null, null, null, 'N', null, '2016-04-20 17:38:23', null, null, null, '0', null, null);
INSERT INTO `CIFPAY_LC` VALUES ('b7db8b6c41394a568443f17bb991703d', '1000001', 'BANK_ENT_ICBC', '中国工行银行*0.01CNY*108139968516415', 'CP902', 'CNY', '1.00', '0.00', '1.00', '2016-04-15 09:34:52', '30', '2', '1000001', 'ICBC', 'ICBC', '400090001604411', null, null, 'http://192.168.59.237:9080/withdraw/notify', null, null, '12', '2016-04-16 11:06:01', null, 'W1460684092442', '提现测试', '1', '123123', 'ICBC', 'ICBC', '4000020829200148508', null, 'N', null, '2016-04-15 11:06:01', null, null, null, '0', null, null);
INSERT INTO `CIFPAY_LC` VALUES ('b8390ce1d14e49ceb6d33ebcfa30ecee', '1000001', 'cifpay', 'CIB*030.00CNY*AQUwR5yoKsSEcZzvzJvJna', 'CP500', 'CNY', '30.00', '0.00', '30.00', '2015-12-02 22:03:10', '10', '1', null, 'CIB', null, null, '2d8e23a9d46c4643b1f4218ca4619de1', 'http://127.0.0.1:8083/lcmock-merchant-site/recharge/callback', 'http://127.0.0.1:8083/lcmock-merchant-site/recharge/notify', 'http://127.0.0.1:8083/lcmock-merchant-site/recharge/notify', null, 'CREDIT_CONFIRMED_PAY', '2016-03-24 15:35:06', null, '2016323102035883450', '雨伞1把30块', '2', null, 'CIB', null, null, null, 'N', null, '2016-03-23 10:20:40', null, null, null, '0', null, null);
INSERT INTO `CIFPAY_LC` VALUES ('b8c66b6857e84dd0b847b2315092332f', '1000001', 'THIRD_PAY', '银信证*0.01RMB*1000001C2d639293038d', 'CP300', 'CNY', '1.00', '0.00', '0.00', '2016-04-18 09:18:48', '30', '1', '225', 'ALIPAY', null, '18664556639', '2016041821001004760272403763', 'http://192.168.59.90:8080/starwish-portal/interface/starwish/rechargeReturnUrl?requestId=05fefd9d370b494d9d83e093595ffa84', 'http://192.168.59.90:8080/starwish-portal/interface/starwish/rechargeNoticeUrl', null, '2016-04-18 09:18:48', '70', null, '2016-04-18 23:59:59', '6118429720160418091848228', '充值', '2', '2088221310230022', 'ALIPAY', null, 'admin@et2t.com', null, 'N', null, '2016-04-18 09:18:48', '2016-04-19 09:43:44', '05fefd9d370b494d9d83e093595ffa84', null, '0', null, null);
INSERT INTO `CIFPAY_LC` VALUES ('b8cd7eef02d8476c98108c53a5477f42', '1000001', 'THIRD_PAY', '银信证*0.01RMB*1000001201604200003', 'CP300', 'CNY', '1.00', '1.00', '0.00', '2016-04-20 15:02:11', '30', '1', '1002', 'ALIPAY', null, null, null, 'http://www.baidu.com', 'http://www.baidu.com', null, '2016-04-20 15:02:11', '10', null, '2016-04-20 23:59:59', '138653812120160420150211374', 'myorder', '2', '2088221310230022', 'ALIPAY', null, 'admin@et2t.com', null, 'N', null, '2016-04-20 15:02:11', '2016-04-20 15:02:11', '20160420150204', null, '0', null, null);
INSERT INTO `CIFPAY_LC` VALUES ('b9a031732da1445ab0a0b14c2dd6c4ca', '1000001', 'THIRD_PAY', '银信证*0.01RMB*1000001201604200001', 'CP300', 'CNY', '1.00', '1.00', '0.00', '2016-04-20 13:48:10', '30', '1', '1002', 'ALIPAY', null, null, null, 'http://www.baidu.com', 'http://www.baidu.com', null, '2016-04-20 13:48:10', '10', null, '2016-04-20 23:59:59', '138734547620160420134809734', '12', '2', '2088221310230022', 'ALIPAY', null, 'admin@et2t.com', null, 'N', null, '2016-04-20 13:48:10', '2016-04-20 13:48:10', '20160420134757', null, '0', null, null);
INSERT INTO `CIFPAY_LC` VALUES ('b9aa5f23c0b44c9b84107504f2786a92', '1000001', 'BANK_ENT_ICBC', '中国工行银行*1,000.88CNY*89785941016415', 'CP902', 'CNY', '100088.00', '0.00', '100088.00', '2016-03-28 11:28:41', '30', '2', '1000001', 'ICBC', 'ICBC', '400090001604411', null, null, 'http://www.helloxxx.com.xx/withdraw/notify', null, '2016-04-15 15:45:56', '12', '2016-04-15 15:45:56', null, 'W824b9755c6d5', '提现测试', '1', '13800138000', 'ICBC', 'ICBC', '4000020829200148508', null, 'N', null, '2016-04-15 15:18:39', '2016-04-15 15:45:56', null, null, '0', null, null);
INSERT INTO `CIFPAY_LC` VALUES ('ba29c951f584422690ef9322298fc656', '1000001', 'cifpay', 'PAB*010.00CNY*Sj3J56xyZSuegkdEuBby8b', 'CP301', 'CNY', '10.00', '0.00', '10.00', '2015-12-03 23:09:18', '10', '1', null, 'PAB', null, null, null, 'http://127.0.0.1:8082/cifpaylc-gateway/oldlc/returnOpenView', 'http://192.168.59.238:8082/cifpaylc-gateway/oldlc/notice', 'http://192.168.59.238:8082/cifpaylc-gateway/oldlc/notice', null, 'CREDIT_TO_OPEN', '2016-04-20 18:00:55', null, '20160419180052871193', '红包充值', '2', null, 'PAB', null, null, null, 'N', null, '2016-04-19 18:00:55', null, null, null, '0', null, null);
INSERT INTO `CIFPAY_LC` VALUES ('ba7459a2c1d943c6a9ee9ec81b3fb556', '1000001', 'BANK_ENT_ICBC', '中国工行银行*1,000.88CNY*146107266316329', 'CP902', 'CNY', '100088.00', '0.00', '100088.00', '2016-03-28 11:28:41', '30', '2', '1000001', 'ICBC', 'ICBC', '400090001604411', null, null, 'http://www.helloxxx.com.xx/withdraw/notify', null, '2016-03-29 13:47:39', '12', '2016-03-29 13:47:39', null, 'We83d54b32049', '提现测试', '1', '13800138000', 'ICBC', 'ICBC', '4000020829200148508', null, 'N', null, '2016-03-29 13:43:58', '2016-03-29 13:47:39', null, null, '0', null, null);
INSERT INTO `CIFPAY_LC` VALUES ('baaabad2c5924dcf928239420f1a8fb7', '1000001', 'BANK_ENT_ICBC', '中国工行银行*0.01CNY*51216711416416', 'CP902', 'CNY', '1.00', '0.00', '0.00', '2016-04-15 17:38:16', '30', '2', '1000001', 'ICBC', 'ICBC', '400090001604411', 'CMM595096893', null, 'http://192.168.59.237:9080/withdraw/notify', null, '2016-04-16 17:03:26', '70', '2099-12-31 23:59:59', null, 'W1460713097001', '提现测试', '1', '1002', 'ICBC', 'ICBC', '4000020829200148508', 'CMM595096893', 'N', null, '2016-04-16 16:59:56', '2016-04-16 17:03:26', null, null, '0', null, null);
INSERT INTO `CIFPAY_LC` VALUES ('bbe3b36539d64346aab781c9a0c9a810', '1000001', 'BANK_ENT_ICBC', '中国工行银行*0.01CNY*113679780216418', 'CP902', 'CNY', '1.00', '0.00', '0.00', '2016-04-18 15:26:41', '30', '2', '1000001', 'ICBC', 'ICBC', '400090001604411', 'CMM595136885', null, 'http://192.168.59.237:9080/withdraw/notify', null, '2016-04-18 15:44:39', '70', '2099-12-31 23:59:59', null, 'W1460964401779', '提现测试', '1', '1002', 'ICBC', 'ICBC', '4000020829200148508', 'CMM595136885', 'N', null, '2016-04-18 15:44:23', '2016-04-18 15:44:39', null, null, '0', null, null);
INSERT INTO `CIFPAY_LC` VALUES ('bc4a4f50950e403198b07b7e61fd974c', '1000001', 'BANK_ENT_ICBC', '中国工行银行*0.01CNY*105271141016415', 'CP902', 'CNY', '1.00', '0.00', '1.00', '2016-04-15 09:34:52', '30', '2', '1000001', 'ICBC', 'ICBC', '400090001604411', null, null, 'http://192.168.59.237:9080/withdraw/notify', null, null, '12', '2016-04-16 11:09:30', null, 'W1460684092442', '提现测试', '1', '123123', 'ICBC', 'ICBC', '4000020829200148508', null, 'N', null, '2016-04-15 11:09:30', null, null, null, '0', null, null);
INSERT INTO `CIFPAY_LC` VALUES ('bcca71a4626e4381a85347a69d83c4a6', '1000001', 'THIRD_PAY', '银信证*0.01RMB*1000001C4557af0bd5ad', 'CP300', 'CNY', '1.00', '1.00', '0.00', '2016-04-21 16:28:22', '30', '1', '225', 'ALIPAY', null, null, null, 'http://192.168.59.90:8080/starwish-portal/interface/starwish/rechargeReturnUrl?requestId=3322846173794964ab4a6c52d5d5133d', 'http://192.168.59.90:8080/starwish-portal/interface/starwish/rechargeNoticeUrl', null, '2016-04-21 16:28:22', '10', null, '2016-04-21 23:59:59', '76639909620160421162821567', '我的订单', '2', '2088221310230022', 'ALIPAY', null, 'admin@et2t.com', null, 'N', null, '2016-04-21 16:28:22', '2016-04-21 16:28:22', '3322846173794964ab4a6c52d5d5133d', null, '0', null, null);
INSERT INTO `CIFPAY_LC` VALUES ('bd3839df1ae84b1b849bf09ceebb1c41', '1000001', 'BANK_ENT_ICBC', '中国工行银行*0.01CNY*213660162516401', 'CP902', 'CNY', '1.00', '0.00', '1.00', '2016-04-01 16:10:38', '30', '2', '1000001', 'ICBC', 'ICBC', '400090001604411', null, null, 'http://192.168.59.237:9080/withdraw/notify', null, '2016-04-01 16:42:39', '12', '2016-04-01 16:42:39', null, 'W1459498238178', '提现测试', '1', '13800138000', 'PAB', 'PAB', '4000020829200148508', null, 'N', null, '2016-04-01 16:42:36', '2016-04-01 16:42:39', null, null, '0', null, null);
INSERT INTO `CIFPAY_LC` VALUES ('bed00cccae794fc996d3d81707959d8a', '1000001', 'cifpay', 'PAB*010.00CNY*XPNTaM9Ksx9ykLeaTwH9xb', 'CP301', 'CNY', '10.00', '0.00', '10.00', '2015-12-03 23:09:18', '10', '1', null, 'PAB', null, null, null, 'http://127.0.0.1:8082/cifpaylc-gateway/oldlc/returnOpenView', 'http://192.168.59.238:8082/cifpaylc-gateway/oldlc/notice', 'http://192.168.59.238:8082/cifpaylc-gateway/oldlc/notice', null, 'CREDIT_TO_OPEN', '2016-04-20 18:04:42', null, '20160419180439517347', '红包充值', '2', null, 'PAB', null, null, null, 'N', null, '2016-04-19 18:04:42', null, null, null, '0', null, null);
INSERT INTO `CIFPAY_LC` VALUES ('bfa6172ff6f449178a5f9c42b554b1eb', '1000001', 'THIRD_PAY', '银信证*999.00RMB*1000001C55ea8d29d796', 'CP300', 'CNY', '99900.00', '99900.00', '0.00', '2016-04-16 16:20:36', '30', '1', '225', 'ALIPAY', null, null, null, 'http://192.168.59.90:8080/starwish-portal/interface/starwish/rechargeReturnUrl?requestId=18c74932f43b41388802ccc036fbf15e', 'http://192.168.59.90:8080/starwish-portal/interface/starwish/rechargeNoticeUrl', null, '2016-04-16 16:20:36', '10', null, '2016-04-16 23:59:59', '11863814020160416162035952', '充值', '2', '2088221310230022', 'ALIPAY', null, 'admin@et2t.com', null, 'N', null, '2016-04-16 16:20:36', '2016-04-16 16:20:36', '18c74932f43b41388802ccc036fbf15e', null, '0', null, null);
INSERT INTO `CIFPAY_LC` VALUES ('bfb8defd098d498d9397f92a7ac17cee', '1000001', 'BANK_ENT_ICBC', '中国工行银行*0.01CNY*37501711716418', 'CP902', 'CNY', '1.00', '0.00', '1.00', '2016-04-18 11:12:40', '30', '2', '1000001', 'ICBC', 'ICBC', '400090001604411', null, null, 'http://192.168.59.237:9080/withdraw/notify', null, '2016-04-18 11:19:03', '12', '2016-04-18 11:19:03', null, 'W1460949160276', '提现测试', '1', '1002', 'ICBC', 'ICBC', '4000020829200148508', null, 'N', null, '2016-04-18 11:19:00', '2016-04-18 11:19:03', null, null, '0', null, null);
INSERT INTO `CIFPAY_LC` VALUES ('c0446963b62b4c79a6a32b99d5027e76', '1000001', 'BANK_ENT_ICBC', '中国工行银行*0.01CNY*136250605516416', 'CP902', 'CNY', '1.00', '0.00', '0.00', '2016-04-16 14:27:00', '30', '2', '1000001', 'ICBC', 'ICBC', '400090001604411', 'CMM595096883', null, 'http://192.168.59.237:9080/withdraw/notify', null, '2016-04-16 14:27:50', '70', '2099-12-31 23:59:59', null, 'W1460788020694', '提现测试', '1', '1002', 'ICBC', 'ICBC', '4000020829200148508', 'CMM595096883', 'N', null, '2016-04-16 14:27:35', '2016-04-16 14:27:50', null, null, '0', null, null);
INSERT INTO `CIFPAY_LC` VALUES ('c0738cbc65f1476d8c760bfac1230124', '1000001', 'BANK_ENT_ICBC', '中国工行银行*0.01CNY*44475101516401', 'CP902', 'CNY', '1.00', '0.00', '1.00', '2016-04-01 10:21:47', '30', '2', '1000001', 'ICBC', 'ICBC', '400090001604411', null, null, 'http://www.helloxxx.com.xx/withdraw/notify', null, '2016-04-01 11:27:21', '12', '2016-04-01 11:27:21', null, 'W1459477307963', '提现测试', '1', '13800138000', 'PAB', 'PAB', '4000020829200148508', null, 'N', null, '2016-04-01 11:27:12', '2016-04-01 11:27:21', null, null, '0', null, null);
INSERT INTO `CIFPAY_LC` VALUES ('c0ae71aecde54cad99d8cb0fa0b4bcd6', '1000001', 'cifpay', 'PAB*010.00CNY*mJy9CnJWDTrcHNc9o2Y6Jc', 'CP301', 'CNY', '10.00', '0.00', '10.00', '2015-12-03 22:00:15', '10', '1', null, 'PAB', null, null, null, 'http://127.0.0.1:8082/cifpaylc-gateway/oldlc/returnOpenView', 'http://192.168.59.238:8082/cifpaylc-gateway/oldlc/notice', 'http://192.168.59.238:8082/cifpaylc-gateway/oldlc/notice', null, 'CREDIT_TO_OPEN', '2016-04-21 15:12:32', null, '20160420151229381841', '红包充值', '2', null, 'PAB', null, null, null, 'N', null, '2016-04-20 15:12:32', null, null, null, '0', null, null);
INSERT INTO `CIFPAY_LC` VALUES ('c1f0d2d430064d9fa4672d04db066889', '1000001', 'THIRD_PAY', '银信证*0.01RMB*1000001C9a7808657e06', 'CP300', 'CNY', '1.00', '1.00', '0.00', '2016-04-21 16:28:21', '30', '1', '225', 'ALIPAY', null, null, null, 'http://192.168.59.90:8080/starwish-portal/interface/starwish/rechargeReturnUrl?requestId=753b9950827447249ca7ad61600a8301', 'http://192.168.59.90:8080/starwish-portal/interface/starwish/rechargeNoticeUrl', null, '2016-04-21 16:28:21', '10', null, '2016-04-21 23:59:59', '70920861520160421162821156', '我的订单', '2', '2088221310230022', 'ALIPAY', null, 'admin@et2t.com', null, 'N', null, '2016-04-21 16:28:21', '2016-04-21 16:28:21', '753b9950827447249ca7ad61600a8301', null, '0', null, null);
INSERT INTO `CIFPAY_LC` VALUES ('c2931e91c7b54af1a71b4a3b9ed99e20', '1000001', 'BANK_ENT_ICBC', '中国工行银行*0.01CNY*80107241816416', 'CP902', 'CNY', '1.00', '0.00', '1.00', '2016-04-15 17:38:16', '30', '2', '1000001', 'ICBC', 'ICBC', '400090001604411', null, null, 'http://192.168.59.237:9080/withdraw/notify', null, '2016-04-16 12:06:22', '12', '2016-04-16 12:06:22', null, 'W1460713097001', '提现测试', '1', '1002', 'ICBC', 'ICBC', '4000020829200148508', null, 'N', null, '2016-04-16 12:06:19', '2016-04-16 12:06:22', null, null, '0', null, null);
INSERT INTO `CIFPAY_LC` VALUES ('c326b80f37ff4fedb3034d35f816b46b', '1000001', 'THIRD_PAY', '银信证*0.01RMB*1000001W20160328112789498739', 'CP300', 'CNY', '1.00', '1.00', '0.00', '2016-04-15 16:13:24', '30', '1', '10000', 'ALIPAY', null, null, null, 'http://192.168.59.73:8080/starwish-portal/interface/starwish/getRechargeResult', 'http://192.168.59.73:8080/starwish-portal/interface/starwish/noticeRechargeResult', null, '2016-04-15 16:13:24', '10', null, '2016-04-15 23:59:59', '109852817620160415161323571', '充值测试', '2', '2088221310230022', 'ALIPAY', null, 'admin@et2t.com', null, 'N', null, '2016-04-15 16:13:24', '2016-04-15 16:13:24', '123456', null, '0', null, null);
INSERT INTO `CIFPAY_LC` VALUES ('c3a75658c1f14fa1b9a6543c66e590b7', '1000001', 'BANK_ENT_ICBC', '中国工行银行*0.01CNY*154528963616420', 'CP902', 'CNY', '1.00', '0.00', '0.00', '2016-04-20 11:47:01', '30', '2', '1000001', 'ICBC', 'ICBC', '400090001604411', 'CMM595406886', null, 'http://192.168.59.90:8080/starwish-portal/interface/starwish/withdrawNoticeUrl', null, '2016-04-20 11:50:14', '70', '2099-12-31 23:59:59', null, 'D22d8125c4a6c', 'drawMoney', '1', '225', 'ICBC', 'ICBC', '4000020829200148508', 'CMM595406886', 'N', null, '2016-04-20 11:49:43', '2016-04-20 11:50:14', null, null, '0', null, null);
INSERT INTO `CIFPAY_LC` VALUES ('c4ae1588a0ac4828bd3d7dcfa9d34ce9', '1000001', 'BANK_ENT_ICBC', '中国工行银行*0.01CNY*59541081516418', 'CP902', 'CNY', '1.00', '0.00', '1.00', '2016-04-18 11:12:40', '30', '2', '1000001', 'ICBC', 'ICBC', '400090001604411', null, null, 'http://192.168.59.237:9080/withdraw/notify', null, '2016-04-18 11:14:47', '12', '2016-04-18 11:14:47', null, 'W1460949160276', '提现测试', '1', '1002', 'ICBC', 'ICBC', '4000020829200148508', null, 'N', null, '2016-04-18 11:14:47', '2016-04-18 11:14:47', null, null, '0', null, null);
INSERT INTO `CIFPAY_LC` VALUES ('c5d4e6b7441943e780ba176ec20b8a5d', '1000001', 'BANK_ENT_ICBC', '中国工行银行*0.01CNY*26403525816419', 'CP902', 'CNY', '1.00', '0.00', '0.00', '2016-04-19 09:40:13', '30', '2', '1000001', 'ICBC', 'ICBC', '400090001604411', 'CMM595156884', null, 'http://192.168.59.237:9080/withdraw/notify', null, '2016-04-19 09:40:10', '70', '2099-12-31 23:59:59', null, 'W1461030013934', '提现测试', '1', '1002', 'ICBC', 'ICBC', '4000020829200148508', 'CMM595156884', 'N', null, '2016-04-19 09:40:03', '2016-04-19 09:40:10', null, null, '0', null, null);
INSERT INTO `CIFPAY_LC` VALUES ('c73073fa2ccb4ff8876bc9c5822848b3', '1000001', 'BANK_ENT_ICBC', '中国工行银行*1,000.88CNY*12921443616329', 'CP902', 'CNY', '100088.00', '0.00', '0.00', '2016-03-28 11:28:41', '30', '2', '1000001', 'ICBC', 'ICBC', '400090001604411', 'CMM593666887', null, 'http://www.helloxxx.com.xx/withdraw/notify', null, '2016-03-29 17:11:36', '70', '2099-12-31 23:59:59', null, 'Wab2a80a4c062', '提现测试', '1', '13800138000', 'ICBC', 'ICBC', '4000020829200148508', 'CMM593666887', 'N', null, '2016-03-29 17:11:29', '2016-03-29 17:11:36', null, null, '0', null, null);
INSERT INTO `CIFPAY_LC` VALUES ('c760298c0df94ae89158ca44ead68d6e', '1000001', 'THIRD_PAY', '银信证*0.01RMB*1000001C75484523844e', 'CP300', 'CNY', '1.00', '1.00', '0.00', '2016-04-16 18:05:04', '30', '1', '225', 'ALIPAY', null, null, null, 'http://192.168.59.104:8080/starwish-portal/interface/starwish/rechargeReturnUrl?requestId=4c339d9b692646d7a10da795c9c2e74e', 'http://192.168.59.90:8080/starwish-portal/interface/starwish/rechargeNoticeUrl', null, '2016-04-16 18:05:04', '10', null, '2016-04-16 23:59:59', '161636183320160416180503779', '充值', '2', '2088221310230022', 'ALIPAY', null, 'admin@et2t.com', null, 'N', null, '2016-04-16 18:05:04', '2016-04-16 18:05:04', '4c339d9b692646d7a10da795c9c2e74e', null, '0', null, null);
INSERT INTO `CIFPAY_LC` VALUES ('c8df68459b1b439a800e9d4232339956', '1000001', 'cifpay', 'PAB*010.00CNY*uZQwW338QUJvDmpQP4dAkd', 'CP301', 'CNY', '10.00', '0.00', '10.00', '2015-12-03 22:00:17', '10', '1', null, 'PAB', null, null, null, 'http://127.0.0.1:8082/gateway/oldlc/returnOpenView', 'http://192.168.59.178:8082/gateway/oldlc/notice', 'http://192.168.59.178:8082/gateway/oldlc/notice', null, 'CREDIT_TO_OPEN', '2016-04-21 17:30:28', null, '20160420173025700086', '红包充值', '2', null, 'PAB', null, null, null, 'N', null, '2016-04-20 17:30:28', null, null, null, '0', null, null);
INSERT INTO `CIFPAY_LC` VALUES ('c95dc5a904934825963a7170ed6c30ac', '1000001', 'BANK_ENT_ICBC', '中国工行银行*0.01CNY*147322681916416', 'CP902', 'CNY', '1.00', '0.00', '1.00', '2016-04-15 17:38:16', '30', '2', '1000001', 'ICBC', 'ICBC', '400090001604411', null, null, 'http://192.168.59.237:9080/withdraw/notify', null, '2016-04-16 11:57:57', '12', '2016-04-16 11:57:57', null, 'W1460713097001', '提现测试', '1', '1002', 'ICBC', 'ICBC', '4000020829200148508', null, 'N', null, '2016-04-16 11:57:54', '2016-04-16 11:57:57', null, null, '0', null, null);
INSERT INTO `CIFPAY_LC` VALUES ('c9dbf64922754a62adb5ff557be0e212', '999999', 'THIRD_PAY', '银信证*0.01RMB*999999orderId383df525-f825-4bbb-8799-d71ecaa3426f', 'CP300', 'CNY', '1.00', '0.00', '0.00', '2016-03-24 09:35:45', '30', '1', '999999', 'ALIPAY', null, 'zyem126@126.com', '2016032421001004990214012242', 'http://192.168.59.73:8080/starwish-portal/interface/starwish/getRechargeResult', 'http://192.168.59.73:8080/starwish-portal/interface/starwish/noticeRechargeResult', null, '2016-03-24 09:35:45', '70', null, '2016-03-24 23:59:59', 'db5ff557be0e21220160324093545383', '提现', '2', '2088221310230022', 'ALIPAY', null, 'admin@et2t.com', null, 'N', null, '2016-03-24 09:35:45', '2016-03-24 09:50:49', 'c6262511-6ff5-467b-a31b-c003bd111d75', null, '0', null, null);
INSERT INTO `CIFPAY_LC` VALUES ('ca10be555bcb482e989c717af0c5eda7', '1000001', 'THIRD_PAY', '银信证*999.00RMB*1000001C8d14084e12d9', 'CP300', 'CNY', '99900.00', '99900.00', '0.00', '2016-04-16 17:47:32', '30', '1', '225', 'ALIPAY', null, null, null, 'http://192.168.59.104:8080/starwish-portal/interface/starwish/rechargeReturnUrl?requestId=f168cce0360e4f6cadb5a33363b2e525', 'http://192.168.59.104:8080/starwish-portal/interface/starwish/rechargeNoticeUrl', null, '2016-04-16 17:47:32', '10', null, '2016-04-16 23:59:59', '44924003120160416174732492', '充值', '2', '2088221310230022', 'ALIPAY', null, 'admin@et2t.com', null, 'N', null, '2016-04-16 17:47:32', '2016-04-16 17:47:32', 'f168cce0360e4f6cadb5a33363b2e525', null, '0', null, null);
INSERT INTO `CIFPAY_LC` VALUES ('ca2de84f9e3c4421984e44a4e7781f47', '111111', 'THIRD_PAY', '银信证*0.01RMB*111111orderId73ed2364f9c5471aa8ce0b0c8321406b', 'CP300', 'CNY', '1.00', '1.00', '0.00', '2016-03-26 15:58:04', '30', '1', '111111', 'ALIPAY', null, null, null, 'http://192.168.59.73:8080/starwish-portal/interface/starwish/getRechargeResult', 'http://192.168.59.73:8080/starwish-portal/interface/starwish/noticeRechargeResult', null, '2016-03-26 15:58:04', '10', null, '2016-03-26 23:59:59', '101333932620160326155804155', '付款', '2', '2088221310230022', 'ALIPAY', null, 'admin@et2t.com', null, 'N', null, '2016-03-26 15:58:04', '2016-03-26 15:58:04', 'a9351f30c530425d994a0242ceb713a8', null, '0', null, null);
INSERT INTO `CIFPAY_LC` VALUES ('ca597e95f3c64447a11d6b64032067b3', '1000001', 'BANK_ENT_ICBC', '中国工行银行*0.01CNY*125438113716418', 'CP902', 'CNY', '1.00', '0.00', '1.00', '2016-04-18 11:12:40', '30', '2', '1000001', 'ICBC', 'ICBC', '400090001604411', null, null, 'http://192.168.59.237:9080/withdraw/notify', null, '2016-04-18 11:42:09', '12', '2016-04-18 11:42:09', null, 'W1460949160276', '提现测试', '1', '1002', 'ICBC', 'ICBC', '4000020829200148508', null, 'N', null, '2016-04-18 11:39:56', '2016-04-18 11:42:09', null, null, '0', null, null);
INSERT INTO `CIFPAY_LC` VALUES ('cb134ca1d84b4c04bee6859178098500', '1000001', 'BANK_ENT_ICBC', '中国工行银行*0.01CNY*208084026116414', 'CP902', 'CNY', '1.00', '0.00', '1.00', '2016-04-14 17:58:18', '30', '2', '1000001', 'ICBC', 'ICBC', '400090001604411', null, null, 'http://192.168.59.237:9080/withdraw/notify', null, null, '10', '2016-04-15 17:58:57', null, 'W1460627898843', '提现测试', '1', '123123', 'ICBC', 'ICBC', '4000020829200148508', null, 'N', null, '2016-04-14 17:58:57', null, null, null, '0', null, null);
INSERT INTO `CIFPAY_LC` VALUES ('cb4a8c9fda714f9cb586de73695cb986', '222333', 'THIRD_PAY', '银信证*0.01RMB*222333orderIdd5b9f2e6-9420-4519-abd3-e3a928a45dc6', 'CP300', 'CNY', '1.00', '1.00', '0.00', '2016-03-24 09:30:34', '30', '1', '222333', 'ALIPAY', null, null, null, 'http://192.168.59.73:8080/starwish-portal/interface/starwish/getRechargeResult', 'http://192.168.59.73:8080/starwish-portal/interface/starwish/noticeRechargeResult', null, '2016-03-24 09:30:34', '10', null, '2016-03-24 23:59:59', '586de73695cb98620160324093034405', '提现', '2', '2088221310230022', 'ALIPAY', null, 'admin@et2t.com', null, 'N', null, '2016-03-24 09:30:34', '2016-03-24 09:30:34', '2a6f19a1-ca20-47b0-a006-f4b2938c5222', null, '0', null, null);
INSERT INTO `CIFPAY_LC` VALUES ('cbdaa153337245fb8336d4fd8582ad82', '1000001', 'BANK_ENT_ICBC', '中国工行银行*0.01CNY*81168572616420', 'CP902', 'CNY', '1.00', '0.00', '0.00', '2016-04-20 11:05:51', '30', '2', '1000001', 'ICBC', 'ICBC', '400090001604411', 'CMM595396884', null, 'http://192.168.59.90:8080/starwish-portal/interface/starwish/withdrawNoticeUrl', null, '2016-04-20 11:06:21', '70', '2099-12-31 23:59:59', null, 'Da3b669c8beb5', 'drawMoney', '1', '225', 'ICBC', 'ICBC', '4000020829200148508', 'CMM595396884', 'N', null, '2016-04-20 11:06:11', '2016-04-20 11:06:21', null, null, '0', null, null);
INSERT INTO `CIFPAY_LC` VALUES ('ccd8da67960a41398558f0d531f33c82', '1000001', 'BANK_ENT_ICBC', '中国工行银行*0.01CNY*180725774716415', 'CP902', 'CNY', '1.00', '0.00', '1.00', '2016-04-15 09:34:52', '30', '2', '1000001', 'ICBC', 'ICBC', '400090001604411', null, null, 'http://192.168.59.237:9080/withdraw/notify', null, null, '12', '2016-04-16 09:38:10', null, 'W1460684092442', '提现测试', '1', '123123', 'ICBC', 'ICBC', '4000020829200148508', null, 'N', null, '2016-04-15 09:38:10', null, null, null, '0', null, null);
INSERT INTO `CIFPAY_LC` VALUES ('cd17ab99dac04958a730880d357a262d', '1000001', 'THIRD_PAY', '银信证*0.01RMB*1000001C7d954d77a7b0', 'CP300', 'CNY', '1.00', '1.00', '0.00', '2016-04-21 21:04:07', '30', '1', '225', 'ALIPAY', null, null, null, 'http://192.168.59.90:8080/starwish-portal/interface/starwish/rechargeReturnUrl?requestId=467a1b5169434138ae708a84be95d481', 'http://192.168.59.90:8080/starwish-portal/interface/starwish/rechargeNoticeUrl', null, '2016-04-21 21:04:07', '10', null, '2016-04-21 23:59:59', '212250272320160421210407198', '我的订单', '2', '2088221310230022', 'ALIPAY', null, 'admin@et2t.com', null, 'N', null, '2016-04-21 21:04:07', '2016-04-21 21:04:07', '467a1b5169434138ae708a84be95d481', null, '0', null, null);
INSERT INTO `CIFPAY_LC` VALUES ('cd26cc577e2e466598b9d750509320eb', '1000001', 'THIRD_PAY', '银信证*0.01RMB*1000001Cb0a4ba1c1a34', 'CP300', 'CNY', '1.00', '0.00', '0.00', '2016-04-18 11:18:25', '30', '1', '225', 'ALIPAY', null, '18664556639', '2016041821001004760272332916', 'http://192.168.59.90:8080/starwish-portal/interface/starwish/rechargeReturnUrl?requestId=80b806a64d674e29b88588a37317b067', 'http://192.168.59.90:8080/starwish-portal/interface/starwish/rechargeNoticeUrl', null, '2016-04-18 11:18:25', '70', null, '2016-04-18 23:59:59', '15114356192016041811182579', '充值', '2', '2088221310230022', 'ALIPAY', null, 'admin@et2t.com', null, 'N', null, '2016-04-18 11:18:25', '2016-04-18 14:42:55', '80b806a64d674e29b88588a37317b067', null, '0', null, null);
INSERT INTO `CIFPAY_LC` VALUES ('ce89120408be46ddbff4d4b512b54c2d', '1000001', 'BANK_ENT_ICBC', '中国工行银行*0.01CNY*154324483116419', 'CP902', 'CNY', '1.00', '0.00', '1.00', '2016-04-19 14:17:10', '30', '2', '1000001', 'ICBC', 'ICBC', '400090001604411', null, null, 'http://192.168.59.237:9080/withdraw/notify', null, null, '12', '2016-04-20 16:00:25', null, 'W1461046630168', '提现测试', '1', '1002', 'ICBC', 'ICBC', '4000020829200148508', null, 'N', null, '2016-04-19 16:00:25', null, null, null, '0', null, null);
INSERT INTO `CIFPAY_LC` VALUES ('cece5543f6b0416eaab675f079211308', '1000001', 'cifpay', 'CIB*030.00CNY*Ug75VU63x7yKVdgp4uTLoe', 'CP500', 'CNY', '30.00', '0.00', '30.00', '2015-12-02 22:03:10', '10', '1', null, 'CIB', null, null, null, 'http://127.0.0.1:8083/lcmock-merchant-site/recharge/callback', 'http://127.0.0.1:8083/lcmock-merchant-site/recharge/notify', 'http://127.0.0.1:8083/lcmock-merchant-site/recharge/notify', null, 'CREDIT_TO_OPEN', '2016-03-24 10:18:47', null, '201632310252908727', '雨伞1把30块', '2', null, 'CIB', null, null, null, 'N', null, '2016-03-23 10:18:47', null, null, null, '0', null, null);
INSERT INTO `CIFPAY_LC` VALUES ('cf6796143a064541b84ac5f2827eb102', '1000001', 'BANK_ENT_ICBC', '中国工行银行*0.01CNY*33883262416418', 'CP902', 'CNY', '1.00', '0.00', '1.00', '2016-04-18 11:12:40', '30', '2', '1000001', 'ICBC', 'ICBC', '400090001604411', null, null, 'http://192.168.59.237:9080/withdraw/notify', null, '2016-04-18 11:17:56', '12', '2016-04-18 11:17:56', null, 'W1460949160276', '提现测试', '1', '1002', 'ICBC', 'ICBC', '4000020829200148508', null, 'N', null, '2016-04-18 11:17:56', '2016-04-18 11:17:56', null, null, '0', null, null);
INSERT INTO `CIFPAY_LC` VALUES ('cf69d01b972e4a3e9629c155057cdd3b', '1000001', 'THIRD_PAY', '银信证*0.01RMB*1000001C54189f1cb020', 'CP300', 'CNY', '1.00', '0.00', '0.00', '2016-04-18 10:34:37', '30', '1', '225', 'ALIPAY', null, '18664556639', '2016041821001004760274041885', 'http://192.168.59.90:8080/starwish-portal/interface/starwish/rechargeReturnUrl?requestId=04e83a48c31349cb96cfa9ed40fbf404', 'http://192.168.59.90:8080/starwish-portal/interface/starwish/rechargeNoticeUrl', null, '2016-04-18 10:34:37', '70', null, '2016-04-18 23:59:59', '142624086920160418103437312', '充值', '2', '2088221310230022', 'ALIPAY', null, 'admin@et2t.com', null, 'N', null, '2016-04-18 10:34:37', '2016-04-18 14:01:30', '04e83a48c31349cb96cfa9ed40fbf404', null, '0', null, null);
INSERT INTO `CIFPAY_LC` VALUES ('d0c19b3626594778b08d7730e5089366', '1000001', 'BANK_ENT_ICBC', '中国工行银行*0.01CNY*46727955716418', 'CP902', 'CNY', '1.00', '0.00', '1.00', '2016-04-18 10:44:39', '30', '2', '1000001', 'ICBC', 'ICBC', '400090001604411', null, null, 'http://192.168.59.237:9080/withdraw/notify', null, '2016-04-18 10:59:40', '12', '2016-04-18 10:59:40', null, 'W1460947479570', '提现测试', '1', '1002', 'ICBC', 'ICBC', '4000020829200148508', null, 'N', null, '2016-04-18 10:59:39', '2016-04-18 10:59:40', null, null, '0', null, null);
INSERT INTO `CIFPAY_LC` VALUES ('d1ac1437a0fc4a289ae5cecd1865a15a', '1000001', 'BANK_ENT_ICBC', '中国工行银行*0.01CNY*207551489416415', 'CP902', 'CNY', '1.00', '0.00', '1.00', '2016-04-15 09:34:52', '30', '2', '1000001', 'ICBC', 'ICBC', '400090001604411', null, null, 'http://192.168.59.237:9080/withdraw/notify', null, null, '12', '2016-04-16 11:03:42', null, 'W1460684092442', '提现测试', '1', '123123', 'ICBC', 'ICBC', '4000020829200148508', null, 'N', null, '2016-04-15 11:03:42', null, null, null, '0', null, null);
INSERT INTO `CIFPAY_LC` VALUES ('d5244278183e4787b195749c6aed130a', '1000001', 'cifpay', 'PAB*010.00CNY*nHuPKD8bsTGrZf56rysavf', 'CP301', 'CNY', '10.00', '0.00', '10.00', '2015-12-03 22:00:11', '10', '1', null, 'PAB', null, null, null, 'http://127.0.0.1:8082/cifpaylc-gateway/oldlc/returnOpenView', 'http://192.168.59.238:8082/cifpaylc-gateway/oldlc/notice', 'http://192.168.59.238:8082/cifpaylc-gateway/oldlc/notice', null, 'CREDIT_TO_OPEN', '2016-04-21 11:02:41', null, '20160420110045751287', '红包充值', '2', null, 'PAB', null, null, null, 'N', null, '2016-04-20 11:02:41', null, null, null, '0', null, null);
INSERT INTO `CIFPAY_LC` VALUES ('d52cfa6af499412a9b141353e2da2dbd', '1000001', 'cifpay', 'PAB*010.00CNY*UeegRrk28R8cBYX5DAavvf', 'CP301', 'CNY', '10.00', '0.00', '10.00', '2015-12-03 22:00:17', '10', '1', null, 'PAB', null, null, null, 'http://127.0.0.1:8082/gateway/oldlc/returnOpenView', 'http://192.168.59.178:8082/gateway/oldlc/notice', 'http://192.168.59.178:8082/gateway/oldlc/notice', null, 'CREDIT_TO_OPEN', '2016-04-21 17:27:24', null, '2016042017272085729', '红包充值', '2', null, 'PAB', null, null, null, 'N', null, '2016-04-20 17:27:24', null, null, null, '0', null, null);
INSERT INTO `CIFPAY_LC` VALUES ('d555c80ca194449ea05380a94b04b565', '1000001', 'BANK_ENT_ICBC', '中国工行银行*0.01CNY*181686686516419', 'CP902', 'CNY', '1.00', '0.00', '1.00', '2016-04-19 19:20:56', '30', '2', '1000001', 'ICBC', 'ICBC', '400090001604411', null, null, 'http://192.168.59.90:8080/starwish-portal/interface/starwish/withdrawNoticeUrl', null, '2016-04-19 19:15:31', '12', '2016-04-19 19:15:31', null, 'D9c23acb8f74a', 'drawMoney', '1', '225', 'ICBC', 'ICBC', '4000020829200148508', null, 'N', null, '2016-04-19 19:15:29', '2016-04-19 19:15:31', null, null, '0', null, null);
INSERT INTO `CIFPAY_LC` VALUES ('d66b1da0da464b4d8306dca06d853c48', '1000001', 'cifpay', 'PAB*010.00CNY*a9bDVMVNKpRfUHTYmcwXAg', 'CP300', 'CNY', '10.00', '0.00', '10.00', '2015-12-03 23:09:16', '10', '1', null, 'PAB', null, null, null, 'http://127.0.0.1:8082/cifpaylc-gateway/oldlc/returnOpenView', 'http://192.168.59.238:8082/cifpaylc-gateway/oldlc/notice', 'http://192.168.59.238:8082/cifpaylc-gateway/oldlc/notice', null, 'CREDIT_TO_OPEN', '2016-04-20 16:01:15', null, '20160419160033894025', '红包充值', '2', null, 'PAB', null, null, null, 'N', null, '2016-04-19 16:01:15', null, null, null, '0', null, null);
INSERT INTO `CIFPAY_LC` VALUES ('d6d1c931c00f430e99c8e17f01bfc185', '1000001', 'BANK_ENT_ICBC', '中国工行银行*0.01CNY*95283563816418', 'CP902', 'CNY', '1.00', '0.00', '0.00', '2016-04-18 11:12:40', '30', '2', '1000001', 'ICBC', 'ICBC', '400090001604411', 'CMM595116897', null, 'http://192.168.59.237:9080/withdraw/notify', null, '2016-04-18 11:44:35', '70', '2099-12-31 23:59:59', null, 'W1460949160276', '提现测试', '1', '1002', 'ICBC', 'ICBC', '4000020829200148508', 'CMM595116897', 'N', null, '2016-04-18 11:44:10', '2016-04-18 11:44:35', null, null, '0', null, null);
INSERT INTO `CIFPAY_LC` VALUES ('d6e771d08df24954882cedce522cff43', '1000001', 'cifpay', 'PAB*010.00CNY*TVgaxUhbpvF9CS7VJygTFg', 'CP301', 'CNY', '10.00', '0.00', '10.00', '2015-12-03 22:00:13', '10', '1', null, 'PAB', null, null, null, 'http://127.0.0.1:8082/cifpaylc-gateway/oldlc/returnOpenView', 'http://192.168.59.238:8082/cifpaylc-gateway/oldlc/notice', 'http://192.168.59.238:8082/cifpaylc-gateway/oldlc/notice', null, 'CREDIT_TO_OPEN', '2016-04-21 13:48:31', null, '20160420134825286122', '红包充值', '2', null, 'PAB', null, null, null, 'N', null, '2016-04-20 13:48:31', null, null, null, '0', null, null);
INSERT INTO `CIFPAY_LC` VALUES ('d7501a30646b41618b8dee01bca30be2', '1000001', 'THIRD_PAY', '银信证*999.00RMB*1000001Cdafe733a60b0', 'CP300', 'CNY', '99900.00', '99900.00', '0.00', '2016-04-16 17:35:43', '30', '1', '225', 'ALIPAY', null, null, null, 'http://192.168.59.104:8080/starwish-portal/interface/starwish/rechargeReturnUrl?requestId=4c46355758dd479485e01895590ab5e8', 'http://192.168.59.104:8080/starwish-portal/interface/starwish/rechargeNoticeUrl', null, '2016-04-16 17:35:43', '10', null, '2016-04-16 23:59:59', '193012711020160416173543196', '充值', '2', '2088221310230022', 'ALIPAY', null, 'admin@et2t.com', null, 'N', null, '2016-04-16 17:35:43', '2016-04-16 17:35:43', '4c46355758dd479485e01895590ab5e8', null, '0', null, null);
INSERT INTO `CIFPAY_LC` VALUES ('d75f9476ed8d463285bb9e02f49b8e92', '1000001', 'THIRD_PAY', '银信证*0.01RMB*1000001C1604980d1389', 'CP300', 'CNY', '1.00', '1.00', '0.00', '2016-04-21 21:10:26', '30', '1', '225', 'ALIPAY', null, null, null, 'http://192.168.59.90:8080/starwish-portal/interface/starwish/rechargeReturnUrl?requestId=f2e19be7e49d4f6f8dd6d7995f357c6a', 'http://192.168.59.90:8080/starwish-portal/interface/starwish/rechargeNoticeUrl', null, '2016-04-21 21:10:26', '10', null, '2016-04-21 23:59:59', '17437668342016042121102624', '我的订单', '2', '2088221310230022', 'ALIPAY', null, 'admin@et2t.com', null, 'N', null, '2016-04-21 21:10:26', '2016-04-21 21:10:26', 'f2e19be7e49d4f6f8dd6d7995f357c6a', null, '0', null, null);
INSERT INTO `CIFPAY_LC` VALUES ('d79540c13a75414e8c86b3c555ca16ae', '1000001', 'BANK_ENT_ICBC', '中国工行银行*1,000.88CNY*88700783416328', 'CP902', 'CNY', '100088.00', '0.00', '0.00', '2016-03-28 11:28:41', '30', '2', '1000001', 'ICBC', 'ICBC', '400090001604411', 'CMM593456882', null, 'http://www.helloxxx.com.xx/withdraw/notify', null, '2016-03-28 14:29:24', '70', '2099-12-31 23:59:59', null, 'W20160328112841', '提现测试', '1', '13800138000', 'ICBC', 'ICBC', '4000020829200148508', 'CMM593456882', 'N', null, '2016-03-28 14:29:13', '2016-03-28 14:29:24', null, null, '0', null, null);
INSERT INTO `CIFPAY_LC` VALUES ('d84ca3da4d84494c84e493c857163ea7', '1000001', 'THIRD_PAY', '银信证*0.01RMB*1000001Ce9dd9ec203c8', 'CP300', 'CNY', '1.00', '1.00', '0.00', '2016-04-21 16:26:29', '30', '1', '225', 'ALIPAY', null, null, null, 'http://192.168.59.90:8080/starwish-portal/interface/starwish/rechargeReturnUrl?requestId=8de925e3491d4db0ace28e20485c7a0d', 'http://192.168.59.90:8080/starwish-portal/interface/starwish/rechargeNoticeUrl', null, '2016-04-21 16:26:29', '10', null, '2016-04-21 23:59:59', '54152565920160421162629362', '我的订单', '2', '2088221310230022', 'ALIPAY', null, 'admin@et2t.com', null, 'N', null, '2016-04-21 16:26:29', '2016-04-21 16:26:29', '8de925e3491d4db0ace28e20485c7a0d', null, '0', null, null);
INSERT INTO `CIFPAY_LC` VALUES ('d92c3b4948254aa39249130d8225bb92', '1000001', 'BANK_ENT_ICBC', '中国工行银行*1,000.88CNY*200254328616415', 'CP902', 'CNY', '100088.00', '0.00', '100088.00', '2016-03-28 11:28:41', '30', '2', '1000001', 'ICBC', 'ICBC', '400090001604411', null, null, 'http://www.helloxxx.com.xx/withdraw/notify', null, '2016-04-15 14:04:37', '12', '2016-04-15 14:04:37', null, 'W0856a2e4fe55', '提现测试', '1', '13800138000', 'ICBC', 'ICBC', '4000020829200148508', null, 'N', null, '2016-04-15 11:05:42', '2016-04-15 14:04:37', null, null, '0', null, null);
INSERT INTO `CIFPAY_LC` VALUES ('da6fc964e66b4254b8fa7f7a657eea1f', '1000001', 'BANK_ENT_ICBC', '中国工行银行*1,000.88CNY*130610559716328', 'CP902', 'CNY', '100088.00', '0.00', '100088.00', '2016-03-28 11:28:41', '30', '2', '1000001', 'ICBC', 'ICBC', '400090001604411', null, null, 'http://www.helloxxx.com.xx/withdraw/notify', null, '2016-03-28 11:38:26', '12', '2016-03-28 11:38:26', null, 'W20160328112841', '提现测试', '1', '13800138000', 'ICBC', 'ICBC', '4000020829200148508', null, 'N', null, '2016-03-28 11:38:23', '2016-03-28 11:38:26', null, null, '0', null, null);
INSERT INTO `CIFPAY_LC` VALUES ('db101d0acde4417c858051ffeda232d8', '1000001', 'BANK_ENT_ICBC', '中国工行银行*0.01CNY*91131659416326', 'CP902', 'CNY', '1.00', '0.00', '1.00', '2016-03-26 17:44:47', '30', '2', '1000001', 'test', 'test', '400090001604411', null, null, 'http://192.168.59.73:8080/starwish-portal/interface/starwish/noticeDrawMoneyResult', null, '2016-03-26 17:45:00', '12', '2016-03-26 17:45:00', null, '3e3299a6a2974da69817f9df9a10ef21', '提现', '1', '13988887777', 'test', 'test', '4000020829200148508', null, 'N', null, '2016-03-26 17:44:57', '2016-03-26 17:45:00', null, null, '0', null, null);
INSERT INTO `CIFPAY_LC` VALUES ('dc1ccc7c25c84b24b31b1689e7fdeaf1', '1000001', 'BANK_ENT_ICBC', '中国工行银行*0.01CNY*124096461216330', 'CP902', 'CNY', '1.00', '0.00', '1.00', '2016-03-30 16:34:55', '30', '2', '1000001', 'ICBC', 'ICBC', '400090001604411', null, null, 'http://www.helloxxx.com.xx/withdraw/notify', null, '2016-03-30 16:35:36', '12', '2016-03-30 16:35:36', null, 'W1459326895990', '提现测试', '1', '13800138000', 'ICBC', 'ICBC', '4000020829200148508', null, 'N', null, '2016-03-30 16:35:31', '2016-03-30 16:35:36', null, null, '0', null, null);
INSERT INTO `CIFPAY_LC` VALUES ('dc364973e39c465f8eccd1a9868a0408', '1000001', 'BANK_ENT_ICBC', '中国工行银行*0.01CNY*182841668516418', 'CP902', 'CNY', '1.00', '0.00', '1.00', '2016-04-18 16:09:43', '30', '2', '1000001', 'ICBC', 'ICBC', '400090001604411', null, null, 'http://192.168.59.237:9080/withdraw/notify', null, '2016-04-18 16:20:00', '12', '2016-04-18 16:20:00', null, 'W1460966983141', '提现测试', '1', '1002', 'ICBC', 'ICBC', '4000020829200148508', null, 'N', null, '2016-04-18 16:19:59', '2016-04-18 16:20:00', null, null, '0', null, null);
INSERT INTO `CIFPAY_LC` VALUES ('dc6704ce448f441989004209f6be641b', '1000001', 'THIRD_PAY', '银信证*0.01RMB*1000001W2016032811231233', 'CP300', 'CNY', '1.00', '1.00', '0.00', '2016-04-15 17:31:18', '30', '1', '10000', 'ALIPAY', null, null, null, 'http://192.168.59.73:8080/starwish-portal/interface/starwish/getRechargeResult', 'http://192.168.59.73:8080/starwish-portal/interface/starwish/noticeRechargeResult', null, '2016-04-15 17:31:18', '10', null, '2016-04-15 23:59:59', '80323901420160415173118444', '充值测试', '2', '2088221310230022', 'ALIPAY', null, 'admin@et2t.com', null, 'N', null, '2016-04-15 17:31:18', '2016-04-15 17:31:18', '123456', null, '0', null, null);
INSERT INTO `CIFPAY_LC` VALUES ('dcbcbcdd1ef141959b8114d840e64bdf', '1000001', 'cifpay', 'PAB*010.00CNY*gkAn3EGEMEyaJDuSHfecHh', 'CP301', 'CNY', '10.00', '0.00', '10.00', '2015-12-03 23:09:17', '10', '1', null, 'PAB', null, null, null, 'http://127.0.0.1:8082/cifpaylc-gateway/oldlc/returnOpenView', 'http://192.168.59.238:8082/cifpaylc-gateway/oldlc/notice', 'http://192.168.59.238:8082/cifpaylc-gateway/oldlc/notice', null, 'CREDIT_TO_OPEN', '2016-04-20 17:35:25', null, '2016041917352128078', '红包充值', '2', null, 'PAB', null, null, null, 'N', null, '2016-04-19 17:35:25', null, null, null, '0', null, null);
INSERT INTO `CIFPAY_LC` VALUES ('dfed992864cb48a2b6a2e85da2732912', '5556660', 'THIRD_PAY', '银信证*0.01RMB*555666034242342001', 'CP300', 'CNY', '1.00', '1.00', '0.00', '2016-03-23 14:53:09', '30', '1', '5556660', 'ALIPAY', null, null, null, 'http://192.168.59.239:8085/alipayDemo/return_url.jsp', 'http://192.168.59.239:8085/alipayDemo/notify_url.jsp', null, '2016-03-23 14:53:09', '10', null, '2016-03-23 23:59:59', '6a2e85da273291220160323145308505', '22342', '2', '2088221310230022', 'ALIPAY', null, 'admin@et2t.com', null, 'N', null, '2016-03-23 14:53:09', '2016-03-23 14:53:09', '3253452353245001', null, '0', null, null);
INSERT INTO `CIFPAY_LC` VALUES ('e0289c4fabf34fe0999c46b44f5fcc3e', '1000001', 'BANK_ENT_ICBC', '中国工行银行*0.01CNY*100822986716419', 'CP902', 'CNY', '1.00', '0.00', '1.00', '2016-04-19 20:18:25', '30', '2', '1000001', 'ICBC', 'ICBC', '400090001604411', null, null, 'http://192.168.59.90:8080/starwish-portal/interface/starwish/withdrawNoticeUrl', null, '2016-04-19 20:12:58', '12', '2016-04-19 20:12:58', null, 'D0f6f307035b3', 'drawMoney', '1', '225', 'ICBC', 'ICBC', '4000020829200148508', null, 'N', null, '2016-04-19 20:12:58', '2016-04-19 20:12:58', null, null, '0', null, null);
INSERT INTO `CIFPAY_LC` VALUES ('e03f1646d10c42508c78273bed46df14', '1000001', 'BANK_ENT_ICBC', '中国工行银行*0.01CNY*77647626016331', 'CP902', 'CNY', '1.00', '0.00', '1.00', '2016-03-31 10:35:27', '30', '2', '1000001', 'ICBC', 'ICBC', '400090001604411', 'CMM593866884', null, 'http://www.helloxxx.com.xx/withdraw/notify', null, '2016-03-31 18:11:25', '12', '2016-03-31 18:11:25', null, 'W1459391727662', '提现测试', '1', '13800138000', 'PAB', 'PAB', '4000020829200148508', 'CMM593866884', 'N', null, '2016-03-31 10:43:43', '2016-03-31 18:11:25', null, null, '0', null, null);
INSERT INTO `CIFPAY_LC` VALUES ('e070367fbdd5411faa391e2b4e35d240', '1000001', 'BANK_ENT_ICBC', '中国工行银行*0.01CNY*39660525016401', 'CP902', 'CNY', '1.00', '0.00', '1.00', '2016-04-01 10:21:47', '30', '2', '1000001', 'ICBC', 'ICBC', '400090001604411', null, null, 'http://www.helloxxx.com.xx/withdraw/notify', null, '2016-04-01 11:27:55', '12', '2016-04-01 11:27:55', null, 'W1459477307963', '提现测试', '1', '13800138000', 'PAB', 'PAB', '4000020829200148508', null, 'N', null, '2016-04-01 11:27:50', '2016-04-01 11:27:55', null, null, '0', null, null);
INSERT INTO `CIFPAY_LC` VALUES ('e15ac878655f4b6588934a8cf70ac17c', '1000001', 'cifpay', 'PAB*010.00CNY*jR9mfTTgqEskoHxysenS7i', 'CP300', 'CNY', '10.00', '0.00', '10.00', '2015-12-03 23:09:17', '10', '1', null, 'PAB', null, null, null, 'http://127.0.0.1:8082/cifpaylc-gateway/oldlc/returnOpenView', 'http://192.168.59.238:8082/cifpaylc-gateway/oldlc/notice', 'http://192.168.59.238:8082/cifpaylc-gateway/oldlc/notice', null, 'CREDIT_TO_OPEN', '2016-04-20 17:03:07', null, '20160419170301957934', '红包充值', '2', null, 'PAB', null, null, null, 'N', null, '2016-04-19 17:03:07', null, null, null, '0', null, null);
INSERT INTO `CIFPAY_LC` VALUES ('e1c4b77140a24c25ba9a6763f111f596', '1000001', 'BANK_ENT_ICBC', '中国工行银行*1,000.88CNY*167053818316329', 'CP902', 'CNY', '100088.00', '0.00', '0.00', '2016-03-28 11:28:41', '30', '2', '1000001', 'ICBC', 'ICBC', '400090001604411', 'CMM593576890', null, 'http://192.168.51.184:8080/cifbill/pay/withdrawNoticeUrl', null, '2016-03-29 10:03:44', '70', '2099-12-31 23:59:59', null, 'Wfd74c96b491f', '提现测试', '1', '13800138000', 'ICBC', 'ICBC', '4000020829200148508', 'CMM593576890', 'N', null, '2016-03-29 09:55:09', '2016-03-29 10:03:44', null, null, '0', null, null);
INSERT INTO `CIFPAY_LC` VALUES ('e1df96853346452fb8811f3bad1be245', '1000001', 'THIRD_PAY', '银信证*0.01RMB*10000011461220358999', 'CP300', 'CNY', '1.00', '1.00', '0.00', '2016-04-21 14:33:25', '30', '1', '1002', 'ALIPAY', null, null, null, 'http://localhost:8085/ssm/returnUrl', 'http://localhost:8085/ssm/noticeUrl', null, '2016-04-21 14:33:25', '10', null, '2016-04-21 23:59:59', '116053031620160421143325297', '充值', '2', '2088221310230022', 'ALIPAY', null, 'admin@et2t.com', null, 'N', null, '2016-04-21 14:33:25', '2016-04-21 14:33:25', '123123', null, '0', null, null);
INSERT INTO `CIFPAY_LC` VALUES ('e240e87c8a524c348566433f1ae2d665', '332211223', 'THIRD_PAY', '银信证*0.01RMB*332211223orderId19ee13a2-41e2-4e38-8447-bba79f916ca3', 'CP300', 'CNY', '1.00', '-3.00', '0.00', '2016-03-23 10:50:19', '30', '1', '332211223', 'ALIPAY', null, 'zyem126@126.com', '2016032321001004990218064658', 'http://192.168.59.73:8080/starwish-portal/interface/starwish/getRechargeResult', 'http://192.168.59.73:8080/starwish-portal/interface/starwish/noticeRechargeResult', null, '2016-03-23 10:50:19', '11', null, '2016-03-23 23:59:59', '8566433f1ae2d6652016032310501987', '提现', '2', '2088221310230022', 'ALIPAY', null, 'admin@et2t.com', null, 'N', null, '2016-03-23 10:50:19', '2016-03-23 12:14:20', '84905432-79f8-4f9f-b99b-7c0079d54be9', null, '0', null, null);
INSERT INTO `CIFPAY_LC` VALUES ('e24b2c0c6ce04374aa799f0f66d233cc', '1000001', 'BANK_ENT_ICBC', '中国工行银行*0.01CNY*73599629416416', 'CP902', 'CNY', '1.00', '0.00', '1.00', '2016-04-15 17:38:16', '30', '2', '1000001', 'ICBC', 'ICBC', '400090001604411', null, null, 'http://192.168.59.237:9080/withdraw/notify', null, '2016-04-16 11:47:38', '12', '2016-04-16 11:47:38', null, 'W1460713097001', '提现测试', '1', '1002', 'ICBC', 'ICBC', '4000020829200148508', null, 'N', null, '2016-04-16 11:47:38', '2016-04-16 11:47:38', null, null, '0', null, null);
INSERT INTO `CIFPAY_LC` VALUES ('e27a6aa7336949dcabdbea34a6f52c81', '1000001', 'BANK_ENT_ICBC', '中国工行银行*0.01CNY*27899687316331', 'CP902', 'CNY', '1.00', '0.00', '1.00', '2016-03-31 10:35:27', '30', '2', '1000001', 'ICBC', 'ICBC', '400090001604411', null, null, 'http://www.helloxxx.com.xx/withdraw/notify', null, '2016-03-31 18:33:02', '12', '2016-03-31 18:33:02', null, 'W1459391727662', '提现测试', '1', '13800138000', 'PAB', 'PAB', '4000020829200148508', null, 'N', null, '2016-03-31 18:32:59', '2016-03-31 18:33:02', null, null, '0', null, null);
INSERT INTO `CIFPAY_LC` VALUES ('e2c773d369f14d28a1c65769bf72a258', '1000001', 'BANK_ENT_ICBC', '中国工行银行*0.01CNY*21716632516418', 'CP902', 'CNY', '1.00', '0.00', '1.00', '2016-04-18 13:29:20', '30', '2', '1000001', 'ICBC', 'ICBC', '400090001604411', null, null, 'http://192.168.59.237:9080/withdraw/notify', null, '2016-04-18 13:32:52', '12', '2016-04-18 13:32:52', null, 'W1460957360159', '提现测试', '1', '1002', 'ICBC', 'ICBC', '4000020829200148508', null, 'N', null, '2016-04-18 13:29:41', '2016-04-18 13:32:52', null, null, '0', null, null);
INSERT INTO `CIFPAY_LC` VALUES ('e2c93d5013c9444db1a4bbb83839acd7', '1000001', 'THIRD_PAY', '银信证*1.00RMB*1000001W2016032811284TY5687687', 'CP300', 'CNY', '100.00', '100.00', '0.00', '2016-04-15 16:09:37', '30', '1', '10000', 'ALIPAY', null, null, null, 'http://192.168.59.73:8080/starwish-portal/interface/starwish/getRechargeResult', 'http://192.168.59.73:8080/starwish-portal/interface/starwish/noticeRechargeResult', null, '2016-04-15 16:09:37', '10', null, '2016-04-15 23:59:59', '257670232016041516093715', '充值测试', '2', '2088221310230022', 'ALIPAY', null, 'admin@et2t.com', null, 'N', null, '2016-04-15 16:09:37', '2016-04-15 16:09:37', '123456', null, '0', null, null);
INSERT INTO `CIFPAY_LC` VALUES ('e2ef41e7f67f4dd7be27c840e92fec3c', '1000001', 'BANK_ENT_ICBC', '中国工行银行*0.01CNY*122122814216420', 'CP902', 'CNY', '1.00', '0.00', '1.00', '2016-04-20 09:56:29', '30', '2', '1000001', 'ICBC', 'ICBC', '400090001604411', null, null, 'http://192.168.59.90:8080/starwish-portal/interface/starwish/withdrawNoticeUrl', null, '2016-04-20 09:51:06', '12', '2016-04-20 09:51:06', null, 'Db75a60f72bdb', 'drawMoney', '1', '225', 'ICBC', 'ICBC', '4000020829200148508', null, 'N', null, '2016-04-20 09:51:04', '2016-04-20 09:51:06', null, null, '0', null, null);
INSERT INTO `CIFPAY_LC` VALUES ('e3b99e462e7e4a8abc5b50e4723486de', '1000001', 'BANK_ENT_ICBC', '中国工行银行*0.01CNY*32793145916401', 'CP902', 'CNY', '1.00', '0.00', '1.00', '2016-04-01 10:21:47', '30', '2', '1000001', 'ICBC', 'ICBC', '400090001604411', null, null, 'http://www.helloxxx.com.xx/withdraw/notify', null, '2016-04-01 10:57:31', '12', '2016-04-01 10:57:31', null, 'W1459477307963', '提现测试', '1', '13800138000', 'PAB', 'PAB', '4000020829200148508', null, 'N', null, '2016-04-01 10:57:28', '2016-04-01 10:57:31', null, null, '0', null, null);
INSERT INTO `CIFPAY_LC` VALUES ('e41b8a7010dc431b898ef38dc5e31872', '1000001', 'BANK_ENT_ICBC', '中国工行银行*0.01CNY*147639640916418', 'CP902', 'CNY', '1.00', '0.00', '1.00', '2016-04-18 15:04:00', '30', '2', '1000001', 'ICBC', 'ICBC', '400090001604411', null, null, 'http://192.168.59.237:9080/withdraw/notify', null, '2016-04-18 15:05:29', '12', '2016-04-18 15:05:29', null, 'W1460963040136', '提现测试', '1', '1002', 'ICBC', 'ICBC', '4000020829200148508', null, 'N', null, '2016-04-18 15:04:19', '2016-04-18 15:05:29', null, null, '0', null, null);
INSERT INTO `CIFPAY_LC` VALUES ('e45a5e3f5341410c8f164922d193d9aa', '1000001', 'THIRD_PAY', '银信证*999.00RMB*1000001C9bd92375ee6a', 'CP300', 'CNY', '99900.00', '99900.00', '0.00', '2016-04-16 17:54:37', '30', '1', '225', 'ALIPAY', null, null, null, 'http://192.168.59.104:8080/starwish-portal/interface/starwish/rechargeReturnUrl?requestId=2091e5ebe10c45dda97b62008020ee06', 'http://192.168.59.104:8080/starwish-portal/interface/starwish/rechargeNoticeUrl', null, '2016-04-16 17:54:37', '10', null, '2016-04-16 23:59:59', '169902064320160416175436502', '充值', '2', '2088221310230022', 'ALIPAY', null, 'admin@et2t.com', null, 'N', null, '2016-04-16 17:54:37', '2016-04-16 17:54:37', '2091e5ebe10c45dda97b62008020ee06', null, '0', null, null);
INSERT INTO `CIFPAY_LC` VALUES ('e46cf78bd5634e588e6e2408cac640df', '1000001', 'THIRD_PAY', '银信证*0.01RMB*1000001Cd5aea630c53c', 'CP300', 'CNY', '1.00', '-1.00', '0.00', '2016-04-19 13:45:28', '30', '1', '225', 'ALIPAY', null, '18664556639', '2016041921001004760275004637', 'http://192.168.59.90:8080/starwish-portal/interface/starwish/rechargeReturnUrl?requestId=4ea41db11bb845a1bf661e4a0a1dc49e', 'http://192.168.59.90:8080/starwish-portal/interface/starwish/rechargeNoticeUrl', null, '2016-04-19 13:45:28', '70', null, '2016-04-19 23:59:59', '763387420160419134528414', '充值', '2', '2088221310230022', 'ALIPAY', null, 'admin@et2t.com', null, 'N', null, '2016-04-19 13:45:28', '2016-04-19 14:10:49', '4ea41db11bb845a1bf661e4a0a1dc49e', null, '0', null, null);
INSERT INTO `CIFPAY_LC` VALUES ('e488720bd007416c8a112370726c47c9', '111111', 'THIRD_PAY', '银信证*0.01RMB*111111orderIddd73f71f0d374edd96e3ddad86ef4a8b', 'CP300', 'CNY', '1.00', '1.00', '0.00', '2016-03-26 16:56:32', '30', '1', '111111', 'ALIPAY', null, null, null, 'http://192.168.59.73:8080/starwish-portal/interface/starwish/getRechargeResult', 'http://192.168.59.73:8080/starwish-portal/interface/starwish/noticeRechargeResult', null, '2016-03-26 16:56:32', '10', null, '2016-03-26 23:59:59', '66811030120160326165631797', '付款', '2', '2088221310230022', 'ALIPAY', null, 'admin@et2t.com', null, 'N', null, '2016-03-26 16:56:32', '2016-03-26 16:56:32', '3cf3b52b8b324934b7a0ccc4856a9b02', null, '0', null, null);
INSERT INTO `CIFPAY_LC` VALUES ('e4f8bbc8a16c441d97ea4706eee67582', '1000001', 'BANK_ENT_ICBC', '中国工行银行*0.01CNY*53259861016415', 'CP902', 'CNY', '1.00', '0.00', '1.00', '2016-04-15 09:34:52', '30', '2', '1000001', 'ICBC', 'ICBC', '400090001604411', null, null, 'http://192.168.59.237:9080/withdraw/notify', null, null, '12', '2016-04-16 11:26:50', null, 'W1460684092442', '提现测试', '1', '123123', 'ICBC', 'ICBC', '4000020829200148508', null, 'N', null, '2016-04-15 11:26:50', null, null, null, '0', null, null);
INSERT INTO `CIFPAY_LC` VALUES ('e50d4f859a0f461ba5d3ab9667df99d9', '1000001', 'THIRD_PAY', '银信证*0.01RMB*1000001W20160456618889', 'CP300', 'CNY', '1.00', '1.00', '0.00', '2016-04-15 17:59:13', '30', '1', '1002', 'ALIPAY', null, null, null, 'http://192.168.59.90:8080/starwish-portal/interface/starwish/rechargeReturnUrl', 'http://192.168.59.90:8080/starwish-portal/interface/starwish/rechargeNoticeUrl', null, '2016-04-15 17:59:13', '10', null, '2016-04-15 23:59:59', '165358480320160415175913231', '充值测试', '2', '2088221310230022', 'ALIPAY', null, 'admin@et2t.com', null, 'N', null, '2016-04-15 17:59:13', '2016-04-15 17:59:13', '123456', null, '0', null, null);
INSERT INTO `CIFPAY_LC` VALUES ('e51859de5ccd4385bfa8cfc30d722d14', '1000001', 'BANK_ENT_ICBC', '中国工行银行*0.01CNY*5760682316401', 'CP902', 'CNY', '1.00', '0.00', '1.00', '2016-04-01 17:26:51', '30', '2', '1000001', 'ICBC', 'ICBC', '400090001604411', null, null, 'http://192.168.59.237:9080/withdraw/notify', null, null, '10', '2016-04-02 17:27:10', null, 'W1459502811484', '提现测试', '1', '13800138000', 'PAB', 'PAB', '4000020829200148508', null, 'N', null, '2016-04-01 17:27:10', null, null, null, '0', null, null);
INSERT INTO `CIFPAY_LC` VALUES ('e699f7ef772a465c819838da961ddf37', '1000001', 'THIRD_PAY', '银信证*0.01RMB*1000001C0fbf97d0a9a0', 'CP300', 'CNY', '1.00', '0.00', '0.00', '2016-04-18 11:23:00', '30', '1', '225', 'ALIPAY', null, '18664556639', '2016041821001004760274043021', 'http://192.168.59.90:8080/starwish-portal/interface/starwish/rechargeReturnUrl?requestId=c3ff714096c648b0b2e34931acd01984', 'http://192.168.59.90:8080/starwish-portal/interface/starwish/rechargeNoticeUrl', null, '2016-04-18 11:23:00', '70', null, '2016-04-18 23:59:59', '1874945422016041811230017', '充值', '2', '2088221310230022', 'ALIPAY', null, 'admin@et2t.com', null, 'N', null, '2016-04-18 11:23:00', '2016-04-18 11:23:09', 'c3ff714096c648b0b2e34931acd01984', null, '0', null, null);
INSERT INTO `CIFPAY_LC` VALUES ('e6f4235d0de64d1eaa8315c42bc324fa', '1000001', 'BANK_ENT_ICBC', '中国工行银行*0.01CNY*166611577116419', 'CP902', 'CNY', '1.00', '0.00', '0.00', '2016-04-19 14:02:24', '30', '2', '1000001', 'ICBC', 'ICBC', '400090001604411', 'CMM595206882', null, 'http://192.168.59.90:8080/starwish-portal/interface/starwish/withdrawNoticeUrl', null, '2016-04-19 13:57:02', '70', '2099-12-31 23:59:59', null, 'D4101285a5924', 'drawMoney', '1', '225', 'ICBC', 'ICBC', '4000020829200148508', 'CMM595206882', 'N', null, '2016-04-19 13:56:56', '2016-04-19 13:57:02', null, null, '0', null, null);
INSERT INTO `CIFPAY_LC` VALUES ('e76338bdd2734afcbb97aaf306daaab0', '1000001', 'BANK_ENT_ICBC', '中国工行银行*0.01CNY*41515293416418', 'CP902', 'CNY', '1.00', '0.00', '0.00', '2016-04-18 11:11:57', '30', '2', '1000001', 'ICBC', 'ICBC', '400090001604411', 'CMM595116894', null, 'http://192.168.59.237:9080/withdraw/notify', null, '2016-04-18 11:12:23', '70', '2099-12-31 23:59:59', null, 'W1460949117715', '提现测试', '1', '1002', 'ICBC', 'ICBC', '4000020829200148508', 'CMM595116894', 'N', null, '2016-04-18 11:12:19', '2016-04-18 11:12:23', null, null, '0', null, null);
INSERT INTO `CIFPAY_LC` VALUES ('e829162611634012a50f44b0b5893890', '1000001', 'THIRD_PAY', '银信证*0.01RMB*1000001Wfe693ac4a236', 'CP300', 'CNY', '1.00', '1.00', '0.00', '2016-04-15 18:14:54', '30', '1', '1002', 'ALIPAY', null, null, null, 'http://192.168.59.90:8080/starwish-portal/interface/starwish/rechargeReturnUrl', 'http://192.168.59.90:8080/starwish-portal/interface/starwish/rechargeNoticeUrl', null, '2016-04-15 18:14:54', '10', null, '2016-04-15 23:59:59', '25558179720160415181453571', '充值测试', '2', '2088221310230022', 'ALIPAY', null, 'admin@et2t.com', null, 'N', null, '2016-04-15 18:14:54', '2016-04-15 18:14:54', '123456', null, '0', null, null);
INSERT INTO `CIFPAY_LC` VALUES ('e94bcde3b66e446498598257f0bb9f71', '1000001', 'BANK_ENT_ICBC', '中国工行银行*0.01CNY*6071110216419', 'CP902', 'CNY', '1.00', '0.00', '1.00', '2016-04-19 18:31:22', '30', '2', '1000001', 'ICBC', 'ICBC', '400090001604411', null, null, 'http://192.168.59.90:8080/starwish-portal/interface/starwish/withdrawNoticeUrl', null, '2016-04-19 18:25:55', '12', '2016-04-19 18:25:55', null, 'D247b7d0e132c', 'drawMoney', '1', '225', 'ICBC', 'ICBC', '4000020829200148508', null, 'N', null, '2016-04-19 18:25:54', '2016-04-19 18:25:55', null, null, '0', null, null);
INSERT INTO `CIFPAY_LC` VALUES ('e9586d84e23d45c3912be76682f1f54a', '2223334455567', '3RD_ALIPAY', '银信证*0.01RMB*2223334455567orderId48588604-651f-4297-943c-469e01c8115c', 'CP300', 'CNY', '1.00', '1.00', '0.00', '2016-03-22 18:43:34', '40', '1', '2223334455567', 'ALIPAY', null, null, null, 'http://192.168.59.73:8080/starwish-portal/interface/starwish/getRechargeResult', 'http://192.168.59.73:8080/starwish-portal/interface/starwish/noticeRechargeResult', null, '2016-03-22 18:43:34', '10', null, '2016-03-22 23:59:59', '12be76682f1f54a20160322184334392', '提现', '2', '2088221310230022', 'ALIPAY', null, 'admin@et2t.com', null, 'N', null, '2016-03-22 18:43:34', '2016-03-22 18:43:34', 'ab6f39f4-8821-477b-b6cc-40fcc5379c0d', null, '0', null, null);
INSERT INTO `CIFPAY_LC` VALUES ('e9aa507bcca2422f8454da54c5a15c1f', '1000001', 'BANK_ENT_ICBC', '中国工行银行*0.01CNY*30028083916401', 'CP902', 'CNY', '1.00', '0.00', '1.00', '2016-04-01 10:18:25', '30', '2', '1000001', 'ICBC', 'ICBC', '400090001604411', null, null, 'http://www.helloxxx.com.xx/withdraw/notify', null, '2016-04-01 10:19:37', '12', '2016-04-01 10:19:37', null, 'W1459477105677', '提现测试', '1', '13800138000', 'PAB', 'PAB', '4000020829200148508', null, 'N', null, '2016-04-01 10:19:24', '2016-04-01 10:19:37', null, null, '0', null, null);
INSERT INTO `CIFPAY_LC` VALUES ('ea29f80dc6b2412b852dabfa12b04150', '1000001', 'BANK_ENT_ICBC', '中国工行银行*0.01CNY*111662440516418', 'CP902', 'CNY', '1.00', '0.00', '1.00', '2016-04-18 10:44:39', '30', '2', '1000001', 'ICBC', 'ICBC', '400090001604411', null, null, 'http://192.168.59.237:9080/withdraw/notify', null, '2016-04-18 11:03:19', '12', '2016-04-18 11:03:19', null, 'W1460947479570', '提现测试', '1', '1002', 'ICBC', 'ICBC', '4000020829200148508', null, 'N', null, '2016-04-18 11:03:19', '2016-04-18 11:03:19', null, null, '0', null, null);
INSERT INTO `CIFPAY_LC` VALUES ('ea381fe375b24049b05da9009b1bc3d2', '1000001', 'BANK_ENT_ICBC', '中国工行银行*0.01CNY*132717468816418', 'CP902', 'CNY', '1.00', '0.00', '1.00', '2016-04-18 13:40:39', '30', '2', '1000001', 'ICBC', 'ICBC', '400090001604411', null, null, 'http://192.168.59.237:9080/withdraw/notify', null, '2016-04-18 14:19:14', '12', '2016-04-18 14:19:14', null, 'W1460958039313', '提现测试', '1', '1002', 'ICBC', 'ICBC', '4000020829200148508', null, 'N', null, '2016-04-18 14:19:14', '2016-04-18 14:19:14', null, null, '0', null, null);
INSERT INTO `CIFPAY_LC` VALUES ('ebc5362b35bf43b29deb238643bd3081', '1000001', 'THIRD_PAY', '银信证*999.00RMB*1000001Ce35dc28c43bf', 'CP300', 'CNY', '99900.00', '99900.00', '0.00', '2016-04-16 16:24:33', '30', '1', '225', 'ALIPAY', null, null, null, 'http://192.168.59.104:8080/starwish-portal/interface/starwish/user/rechargeReturnUrl?requestId=a7676a0186ed4418ab8ff40fbdf49741', 'http://192.168.59.104:8080/starwish-portal/interface/starwish/user/rechargeNoticeUrl', null, '2016-04-16 16:24:33', '10', null, '2016-04-16 23:59:59', '163180753120160416162433327', '充值', '2', '2088221310230022', 'ALIPAY', null, 'admin@et2t.com', null, 'N', null, '2016-04-16 16:24:33', '2016-04-16 16:24:33', 'a7676a0186ed4418ab8ff40fbdf49741', null, '0', null, null);
INSERT INTO `CIFPAY_LC` VALUES ('ec5541a7c6ca4c83a59f5d53145bfc1a', '1000001', 'cifpay', 'PAB*010.00CNY*EapDXPSLB7Jz4hXD5Y3n4k', 'CP301', 'CNY', '10.00', '0.00', '10.00', '2015-12-03 22:01:10', '10', '1', null, 'PAB', null, null, '0bba6e8d21194df2b410db16685a2bfd', 'http://127.0.0.1:8084/lcmock-merchant-site/recharge/callback', 'http://127.0.0.1:8084/lcmock-merchant-site/recharge/notify', 'http://127.0.0.1:8084/lcmock-merchant-site/recharge/notify', null, 'CREDIT_CONFIRMED_PAY', '2016-04-22 10:47:01', null, '20160421104622840628', '红包充值', '2', null, 'PAB', null, null, null, 'N', null, '2016-04-21 10:46:26', null, null, null, '0', null, null);
INSERT INTO `CIFPAY_LC` VALUES ('ed595b9319334984877415d346729f86', '1000001', 'BANK_ENT_ICBC', '中国工行银行*0.01CNY*175314139816418', 'CP902', 'CNY', '1.00', '0.00', '1.00', '2016-04-18 15:26:41', '30', '2', '1000001', 'ICBC', 'ICBC', '400090001604411', null, null, 'http://192.168.59.237:9080/withdraw/notify', null, '2016-04-18 15:27:55', '12', '2016-04-18 15:27:55', null, 'W1460964401779', '提现测试', '1', '1002', 'ICBC', 'ICBC', '4000020829200148508', null, 'N', null, '2016-04-18 15:27:26', '2016-04-18 15:27:55', null, null, '0', null, null);
INSERT INTO `CIFPAY_LC` VALUES ('ed6c9e95bc5e43c89a30b3f91bcfb1c2', '1000001', 'THIRD_PAY', '银信证*0.01RMB*1000001W61a741a16ea8', 'CP300', 'CNY', '1.00', '1.00', '0.00', '2016-04-16 10:55:19', '30', '1', '1002', 'ALIPAY', null, null, null, 'http://192.168.59.90:8080/starwish-portal/interface/starwish/rechargeReturnUrl', 'http://192.168.59.90:8080/starwish-portal/interface/starwish/rechargeNoticeUrl', null, '2016-04-16 10:55:19', '10', null, '2016-04-16 23:59:59', '195950334820160416105518980', '充值测试', '2', '2088221310230022', 'ALIPAY', null, 'admin@et2t.com', null, 'N', null, '2016-04-16 10:55:19', '2016-04-16 10:55:19', '123456', null, '0', null, null);
INSERT INTO `CIFPAY_LC` VALUES ('ee5d8d0a41574a988de060ea4fb47025', '1000001', 'BANK_ENT_ICBC', '中国工行银行*0.01CNY*134743277216401', 'CP902', 'CNY', '1.00', '0.00', '1.00', '2016-04-01 16:10:38', '30', '2', '1000001', 'ICBC', 'ICBC', '400090001604411', null, null, 'http://192.168.59.237:9080/withdraw/notify', null, '2016-04-01 16:46:57', '12', '2016-04-01 16:46:57', null, 'W1459498238178', '提现测试', '1', '13800138000', 'PAB', 'PAB', '4000020829200148508', null, 'N', null, '2016-04-01 16:46:54', '2016-04-01 16:46:57', null, null, '0', null, null);
INSERT INTO `CIFPAY_LC` VALUES ('eea6d8c3e2e748c5953863cd8413da21', '1000001', 'BANK_ENT_ICBC', '中国工行银行*0.01CNY*198974108116419', 'CP902', 'CNY', '1.00', '0.00', '1.00', '2016-04-19 17:20:33', '30', '2', '1000001', 'ICBC', 'ICBC', '400090001604411', null, null, 'http://192.168.59.90:8080/starwish-portal/interface/starwish/withdrawNoticeUrl', null, '2016-04-19 17:15:06', '12', '2016-04-19 17:15:06', null, 'D6d217cf57afc', 'drawMoney', '1', '225', 'ICBC', 'ICBC', '4000020829200148508', null, 'N', null, '2016-04-19 17:15:05', '2016-04-19 17:15:06', null, null, '0', null, null);
INSERT INTO `CIFPAY_LC` VALUES ('eebd3d655ecb44fbb042ade308d12121', '1000001', 'BANK_ENT_ICBC', '中国工行银行*0.01CNY*83922798116419', 'CP902', 'CNY', '1.00', '0.00', '1.00', '2016-04-19 18:05:41', '30', '2', '1000001', 'ICBC', 'ICBC', '400090001604411', null, null, 'http://192.168.59.90:8080/starwish-portal/interface/starwish/withdrawNoticeUrl', null, '2016-04-19 18:00:15', '12', '2016-04-19 18:00:15', null, 'Ddd5b2051d06c', 'drawMoney', '1', '225', 'ICBC', 'ICBC', '4000020829200148508', null, 'N', null, '2016-04-19 18:00:13', '2016-04-19 18:00:15', null, null, '0', null, null);
INSERT INTO `CIFPAY_LC` VALUES ('ef7205445f0d4b2ea020e5168bbbc1f2', '1000001', 'BANK_ENT_ICBC', '中国工行银行*0.01CNY*40856551716418', 'CP902', 'CNY', '1.00', '0.00', '1.00', '2016-04-18 10:44:39', '30', '2', '1000001', 'ICBC', 'ICBC', '400090001604411', null, null, 'http://192.168.59.237:9080/withdraw/notify', null, '2016-04-18 10:54:10', '12', '2016-04-18 10:54:10', null, 'W1460947479570', '提现测试', '1', '1002', 'ICBC', 'ICBC', '4000020829200148508', null, 'N', null, '2016-04-18 10:54:10', '2016-04-18 10:54:10', null, null, '0', null, null);
INSERT INTO `CIFPAY_LC` VALUES ('efd6368646094afeaf77de2bb806d6ee', '1000001', 'THIRD_PAY', '银信证*0.01RMB*1000001201604200002', 'CP300', 'CNY', '1.00', '1.00', '0.00', '2016-04-20 14:53:16', '30', '1', '1002', 'ALIPAY', null, null, null, 'http://www.baidu.com', 'http://www.baidu.com', null, '2016-04-20 14:53:16', '10', null, '2016-04-20 23:59:59', '134760129520160420145315700', 'my order', '2', '2088221310230022', 'ALIPAY', null, 'admin@et2t.com', null, 'N', null, '2016-04-20 14:53:16', '2016-04-20 14:53:16', '20160420145305', null, '0', null, null);
INSERT INTO `CIFPAY_LC` VALUES ('eff5502af6eb4c2e909cc76bd295aea6', '1000001', 'BANK_ENT_ICBC', '中国工行银行*0.01CNY*66270142716420', 'CP902', 'CNY', '1.00', '0.00', '0.00', '2016-04-20 09:28:19', '30', '2', '1000001', 'ICBC', 'ICBC', '400090001604411', 'CMM595366885', null, 'http://192.168.59.237:9080/withdraw/notify', null, '2016-04-20 09:34:59', '70', '2099-12-31 23:59:59', null, 'W1461115699357', '提现测试', '1', '1002', 'ICBC', 'ICBC', '4000020829200148508', 'CMM595366885', 'N', null, '2016-04-20 09:34:32', '2016-04-20 09:34:59', null, null, '0', null, null);
INSERT INTO `CIFPAY_LC` VALUES ('f0779f37a38e43b78b876301ad866a70', '1000001', 'BANK_ENT_ICBC', '中国工行银行*0.01CNY*14705258216415', 'CP902', 'CNY', '1.00', '0.00', '1.00', '2016-04-15 09:34:52', '30', '2', '1000001', 'ICBC', 'ICBC', '400090001604411', null, null, 'http://192.168.59.237:9080/withdraw/notify', null, null, '12', '2016-04-16 11:05:30', null, 'W1460684092442', '提现测试', '1', '123123', 'ICBC', 'ICBC', '4000020829200148508', null, 'N', null, '2016-04-15 11:05:30', null, null, null, '0', null, null);
INSERT INTO `CIFPAY_LC` VALUES ('f0b647f0596747a8bfe7bcc0ecaf04c1', '1000001', 'cifpay', 'PAB*010.00CNY*Sx5STnfhNXtxmwdkdYPCqk', 'CP300', 'CNY', '10.00', '0.00', '10.00', '2015-12-03 22:00:16', '10', '1', null, 'PAB', null, null, null, 'http://127.0.0.1:8082/gateway/oldlc/returnOpenView', 'http://192.168.59.238:8082/gateway/oldlc/notice', 'http://192.168.59.238:8082/gateway/oldlc/notice', null, 'CREDIT_TO_OPEN', '2016-04-21 16:27:26', null, '20160420162722608153', '红包充值', '2', null, 'PAB', null, null, null, 'N', null, '2016-04-20 16:27:26', null, null, null, '0', null, null);
INSERT INTO `CIFPAY_LC` VALUES ('f112f1be11474118ab65c844363f508a', '1000001', 'cifpay', 'CIB*030.00CNY*wnK73LwdXoEMw2TZqEdrtk', 'CP301', 'CNY', '30.00', '0.00', '30.00', '2015-12-02 22:02:16', '10', '1', null, 'CIB', null, null, '1b1b5f2c063b45d6987c37451de270dd', 'http://127.0.0.1:8082/cifpaylc-gateway/oldlc/returnOpenView', 'http://192.168.59.238:8082/cifpaylc-gateway/oldlc/notice', 'http://192.168.59.238:8082/cifpaylc-gateway/oldlc/notice', null, 'CREDIT_CONFIRMED_PAY', '2016-03-23 16:04:22', null, '201632216312353182', '雨伞1把30块', '2', null, 'CIB', null, null, null, 'N', null, '2016-03-22 16:03:23', null, null, null, '0', null, null);
INSERT INTO `CIFPAY_LC` VALUES ('f13cd95b60d04f42b07bf083f8b4b392', '1000001', 'THIRD_PAY', '银信证*0.01RMB*10000011461220196308', 'CP300', 'CNY', '1.00', '1.00', '0.00', '2016-04-21 14:31:51', '30', '1', '1002', 'ALIPAY', null, null, null, 'http://localhost:8085/ssm/returnUrl', 'http://localhost:8085/ssm/noticeUrl', null, '2016-04-21 14:31:51', '10', null, '2016-04-21 23:59:59', '199439235120160421143151166', '充值', '2', '2088221310230022', 'ALIPAY', null, 'admin@et2t.com', null, 'N', null, '2016-04-21 14:31:51', '2016-04-21 14:31:51', '123123', null, '0', null, null);
INSERT INTO `CIFPAY_LC` VALUES ('f293a3267dc84c29883870fce59cf854', '1000001', 'BANK_ENT_ICBC', '中国工行银行*0.01CNY*97191173816416', 'CP902', 'CNY', '1.00', '0.00', '1.00', '2016-04-15 17:38:16', '30', '2', '1000001', 'ICBC', 'ICBC', '400090001604411', null, null, 'http://192.168.59.237:9080/withdraw/notify', null, '2016-04-16 16:52:15', '12', '2016-04-16 16:52:15', null, 'W1460713097001', '提现测试', '1', '1002', 'ICBC', 'ICBC', '4000020829200148508', null, 'N', null, '2016-04-16 16:51:57', '2016-04-16 16:52:15', null, null, '0', null, null);
INSERT INTO `CIFPAY_LC` VALUES ('f2b05b8afe7d493c96ed1d40c25b1cc1', '1000001', 'BANK_ENT_ICBC', '中国工行银行*0.01CNY*114657127216418', 'CP902', 'CNY', '1.00', '0.00', '1.00', '2016-04-18 13:44:00', '30', '2', '1000001', 'ICBC', 'ICBC', '400090001604411', null, null, 'http://192.168.59.237:9080/withdraw/notify', null, null, '10', '2016-04-19 13:44:24', null, 'W1460958240840', '提现测试', '1', '1002', 'ICBC', 'ICBC', '4000020829200148508', null, 'N', null, '2016-04-18 13:44:24', null, null, null, '0', null, null);
INSERT INTO `CIFPAY_LC` VALUES ('f3723cb5b66644cb9dc0c00274c2256a', '1000001', 'cifpay', 'PAB*010.00CNY*QnfxbsNjgSyUryQyirvuKm', 'CP301', 'CNY', '10.00', '0.00', '10.00', '2015-12-03 22:00:17', '10', '1', null, 'PAB', null, null, null, 'http://127.0.0.1:8082/gateway/oldlc/returnOpenView', 'http://192.168.59.178:8082/gateway/oldlc/notice', 'http://192.168.59.178:8082/gateway/oldlc/notice', null, 'CREDIT_TO_OPEN', '2016-04-21 17:30:51', null, '2016042017304791548', '红包充值', '2', null, 'PAB', null, null, null, 'N', null, '2016-04-20 17:30:51', null, null, null, '0', null, null);
INSERT INTO `CIFPAY_LC` VALUES ('f416382a285e4e258a8d3ccb4bc1b182', '1000001', 'BANK_ENT_ICBC', '中国工行银行*0.01CNY*86127378616418', 'CP902', 'CNY', '1.00', '0.00', '1.00', '2016-04-18 11:12:40', '30', '2', '1000001', 'ICBC', 'ICBC', '400090001604411', null, null, 'http://192.168.59.237:9080/withdraw/notify', null, '2016-04-18 11:34:21', '12', '2016-04-18 11:34:21', null, 'W1460949160276', '提现测试', '1', '1002', 'ICBC', 'ICBC', '4000020829200148508', null, 'N', null, '2016-04-18 11:32:52', '2016-04-18 11:34:21', null, null, '0', null, null);
INSERT INTO `CIFPAY_LC` VALUES ('f41e60d4ca48423e8af786c69d2be33a', '1000001', 'THIRD_PAY', '银信证*0.01RMB*1000001Wab71eb8c0a5a', 'CP300', 'CNY', '1.00', '1.00', '0.00', '2016-03-28 18:28:08', '30', '1', '1000001', 'ALIPAY', null, null, null, 'http://192.168.51.184:8080/cifbill/pay/chargeReturnUrl', 'http://192.168.51.184:8080/cifbill/pay/chargeNoticeUrl', null, '2016-03-28 18:28:08', '10', null, '2016-03-28 23:59:59', '206701644820160328182807649', 'test', '2', '2088221310230022', 'ALIPAY', null, 'admin@et2t.com', null, 'N', null, '2016-03-28 18:28:08', '2016-03-28 18:28:08', '123456', null, '0', null, null);
INSERT INTO `CIFPAY_LC` VALUES ('f58312317a254d489d6b04bd38160868', '1000001', 'THIRD_PAY', '银信证*0.01RMB*1000001Cd6b3564867f7', 'CP300', 'CNY', '1.00', '1.00', '0.00', '2016-04-16 17:55:29', '30', '1', '225', 'ALIPAY', null, null, null, 'http://192.168.59.104:8080/starwish-portal/interface/starwish/rechargeReturnUrl?requestId=64be7a69d5874047ac0b7d68f7c13cfa', 'http://192.168.59.104:8080/starwish-portal/interface/starwish/rechargeNoticeUrl', null, '2016-04-16 17:55:29', '10', null, '2016-04-16 23:59:59', '10499605920160416175528743', '充值', '2', '2088221310230022', 'ALIPAY', null, 'admin@et2t.com', null, 'N', null, '2016-04-16 17:55:29', '2016-04-16 17:55:29', '64be7a69d5874047ac0b7d68f7c13cfa', null, '0', null, null);
INSERT INTO `CIFPAY_LC` VALUES ('f6844839aa794570be89416e44cd0340', '1000001', 'BANK_ENT_ICBC', '中国工行银行*0.01CNY*133280374216418', 'CP902', 'CNY', '1.00', '0.00', '1.00', '2016-04-18 16:09:43', '30', '2', '1000001', 'ICBC', 'ICBC', '400090001604411', null, null, 'http://192.168.59.237:9080/withdraw/notify', null, '2016-04-18 16:30:58', '12', '2016-04-18 16:30:58', null, 'W1460966983141', '提现测试', '1', '1002', 'ICBC', 'ICBC', '4000020829200148508', null, 'N', null, '2016-04-18 16:30:57', '2016-04-18 16:30:58', null, null, '0', null, null);
INSERT INTO `CIFPAY_LC` VALUES ('f71dce86a29241b3bc1cdc71c1a19b18', '1000001', 'BANK_ENT_ICBC', '中国工行银行*0.01CNY*63990216616331', 'CP902', 'CNY', '1.00', '0.00', '0.00', '2016-03-30 16:40:00', '30', '2', '1000001', 'ICBC', 'ICBC', '400090001604411', 'CMM593856886', null, 'http://www.helloxxx.com.xx/withdraw/notify', null, '2016-03-31 10:32:59', '70', '2099-12-31 23:59:59', null, 'W1459327200396', '提现测试', '1', '13800138000', 'ICBC', 'ICBC', '4000020829200148508', 'CMM593856886', 'N', null, '2016-03-31 10:31:53', '2016-03-31 10:32:59', null, null, '0', null, null);
INSERT INTO `CIFPAY_LC` VALUES ('f87fa0eb9a654e90ad23585fd1c01349', '1000001', 'cifpay', 'PAB*010.00CNY*iB32U5YitayNssnfPDWAEn', 'CP301', 'CNY', '10.00', '0.00', '10.00', '2015-12-03 22:00:17', '10', '1', null, 'PAB', null, null, null, 'http://127.0.0.1:8084/lcmock-merchant-site/recharge/callback', 'http://127.0.0.1:8084/lcmock-merchant-site/recharge/notify', 'http://127.0.0.1:8084/lcmock-merchant-site/recharge/notify', null, 'CREDIT_TO_OPEN', '2016-04-21 17:46:14', null, '20160420174611969253', '红包充值', '2', null, 'PAB', null, null, null, 'N', null, '2016-04-20 17:46:14', null, null, null, '0', null, null);
INSERT INTO `CIFPAY_LC` VALUES ('f8d94c5133874dc99e620317ccd931ca', '1000001', 'THIRD_PAY', '银信证*0.01RMB*1000001204604200001', 'CP300', 'CNY', '1.00', '1.00', '0.00', '2016-04-20 12:46:22', '30', '1', '1002', 'ALIPAY', null, null, null, 'http://www.baidu.com', 'http://www.baidu.com', null, '2016-04-20 12:46:22', '10', null, '2016-04-20 23:59:59', '205419778520160420124621584', '12', '2', '2088221310230022', 'ALIPAY', null, 'admin@et2t.com', null, 'N', null, '2016-04-20 12:46:22', '2016-04-20 12:46:22', '20160420124347', null, '0', null, null);
INSERT INTO `CIFPAY_LC` VALUES ('f923bca13c0f46d1bcd327042198c39b', '5556661', 'THIRD_PAY', '银信证*0.01RMB*55566612016323173638387', 'CP300', 'CNY', '1.00', '-2.00', '0.00', '2016-03-23 17:36:47', '30', '1', '5556661', 'ALIPAY', null, 'thhejin@yeah.net', '2016032321001004280212166535', 'http://192.168.59.239:8085/alipayDemo/return_url.jsp', 'http://192.168.59.239:8085/alipayDemo/doNotice', null, '2016-03-23 17:36:47', '70', null, '2016-03-23 23:59:59', 'cd327042198c39b20160323173646811', '34245235325435', '2', '2088221310230022', 'ALIPAY', null, 'admin@et2t.com', null, 'N', null, '2016-03-23 17:36:47', '2016-03-23 17:51:25', '4446345311545121', null, '0', null, null);
INSERT INTO `CIFPAY_LC` VALUES ('f92666b327e842d29fdff88d667c30b1', '111111', 'THIRD_PAY', '银信证*0.01RMB*111111orderId45938e1a25994164a946cdea769ed7c4', 'CP300', 'CNY', '1.00', '1.00', '0.00', '2016-03-26 15:56:42', '30', '1', '111111', 'ALIPAY', null, null, null, 'http://192.168.59.73:8080/starwish-portal/interface/starwish/getRechargeResult', 'http://192.168.59.73:8080/starwish-portal/interface/starwish/noticeRechargeResult', null, '2016-03-26 15:56:42', '10', null, '2016-03-26 23:59:59', '7707823212016032615564266', '付款', '2', '2088221310230022', 'ALIPAY', null, 'admin@et2t.com', null, 'N', null, '2016-03-26 15:56:42', '2016-03-26 15:56:42', '8488451682704686ab1989c6ff15b239', null, '0', null, null);
INSERT INTO `CIFPAY_LC` VALUES ('f9384cfd8ed34213bb1987bc42255bab', '1000001', 'BANK_ENT_ICBC', '中国工行银行*0.01CNY*130540866416418', 'CP902', 'CNY', '1.00', '0.00', '1.00', '2016-04-18 13:40:39', '30', '2', '1000001', 'ICBC', 'ICBC', '400090001604411', null, null, 'http://192.168.59.237:9080/withdraw/notify', null, '2016-04-18 16:05:18', '12', '2016-04-18 16:05:18', null, 'W1460958039313', '提现测试', '1', '1002', 'ICBC', 'ICBC', '4000020829200148508', null, 'N', null, '2016-04-18 16:05:17', '2016-04-18 16:05:18', null, null, '0', null, null);
INSERT INTO `CIFPAY_LC` VALUES ('f9daabad3c7644148df3e7eb218d47a5', '1000001', 'BANK_ENT_ICBC', '中国工行银行*1,000.88CNY*182351115216328', 'CP902', 'CNY', '100088.00', '0.00', '0.00', '2016-03-28 11:28:41', '30', '2', '1000001', 'ICBC', 'ICBC', '400090001604411', 'CMM593456889', null, 'http://www.helloxxx.com.xx/withdraw/notify', null, '2016-03-28 14:41:19', '70', '2099-12-31 23:59:59', null, 'W20160325112845', '提现测试', '1', '13800138000', 'ICBC', 'ICBC', '4000020829200148508', 'CMM593456889', 'N', null, '2016-03-28 14:41:12', '2016-03-28 14:41:19', null, null, '0', null, null);
INSERT INTO `CIFPAY_LC` VALUES ('f9e19a8e53244fdb8a620cde261231b9', '1000001', 'BANK_ENT_ICBC', '中国工行银行*0.01CNY*95038688916418', 'CP902', 'CNY', '1.00', '0.00', '1.00', '2016-04-18 15:26:41', '30', '2', '1000001', 'ICBC', 'ICBC', '400090001604411', null, null, 'http://192.168.59.237:9080/withdraw/notify', null, '2016-04-18 15:41:19', '12', '2016-04-18 15:41:19', null, 'W1460964401779', '提现测试', '1', '1002', 'ICBC', 'ICBC', '4000020829200148508', null, 'N', null, '2016-04-18 15:41:15', '2016-04-18 15:41:19', null, null, '0', null, null);
INSERT INTO `CIFPAY_LC` VALUES ('fa1175277c71462ea8d5c41145a04095', '1000001', 'BANK_ENT_ICBC', '中国工行银行*0.01CNY*79079141816418', 'CP902', 'CNY', '1.00', '0.00', '1.00', '2016-04-18 10:44:39', '30', '2', '1000001', 'ICBC', 'ICBC', '400090001604411', null, null, 'http://192.168.59.237:9080/withdraw/notify', null, '2016-04-18 10:52:07', '12', '2016-04-18 10:52:07', null, 'W1460947479570', '提现测试', '1', '1002', 'ICBC', 'ICBC', '4000020829200148508', null, 'N', null, '2016-04-18 10:49:50', '2016-04-18 10:52:07', null, null, '0', null, null);
INSERT INTO `CIFPAY_LC` VALUES ('fae7b467273d4c278cb54959fd71c6a8', '1000001', 'BANK_ENT_ICBC', '中国工行银行*0.01CNY*83649281316415', 'CP902', 'CNY', '1.00', '0.00', '1.00', '2016-04-15 09:34:52', '30', '2', '1000001', 'ICBC', 'ICBC', '400090001604411', null, null, 'http://192.168.59.237:9080/withdraw/notify', null, null, '12', '2016-04-16 11:15:33', null, 'W1460684092442', '提现测试', '1', '123123', 'ICBC', 'ICBC', '4000020829200148508', null, 'N', null, '2016-04-15 11:15:33', null, null, null, '0', null, null);
INSERT INTO `CIFPAY_LC` VALUES ('fb5b933594bf46e583e608038bd4597a', '1000001', 'THIRD_PAY', '银信证*0.01RMB*1000001W08fa69130a9d', 'CP300', 'CNY', '1.00', '1.00', '0.00', '2016-03-29 09:27:06', '30', '1', '1000001', 'ALIPAY', null, null, null, 'http://192.168.51.184:8080/cifbill/pay/chargeReturnUrl', 'http://192.168.51.184:8080/cifbill/pay/chargeNoticeUrl', null, '2016-03-29 09:27:06', '10', null, '2016-03-29 23:59:59', '22223461320160329092705599', 'test', '2', '2088221310230022', 'ALIPAY', null, 'admin@et2t.com', null, 'N', null, '2016-03-29 09:27:06', '2016-03-29 09:27:06', '123456', null, '0', null, null);
INSERT INTO `CIFPAY_LC` VALUES ('fc4aec5ad3f94fa5a957c28e3cee8bbc', '1000001', 'BANK_ENT_ICBC', '中国工行银行*0.01CNY*41494766716418', 'CP902', 'CNY', '1.00', '0.00', '1.00', '2016-04-18 15:26:41', '30', '2', '1000001', 'ICBC', 'ICBC', '400090001604411', null, null, 'http://192.168.59.237:9080/withdraw/notify', null, '2016-04-18 15:40:27', '12', '2016-04-18 15:40:27', null, 'W1460964401779', '提现测试', '1', '1002', 'ICBC', 'ICBC', '4000020829200148508', null, 'N', null, '2016-04-18 15:40:23', '2016-04-18 15:40:27', null, null, '0', null, null);
INSERT INTO `CIFPAY_LC` VALUES ('fdb7084dbf014b39a22237e888c2e830', '1000001', 'cifpay', 'PAB*010.00CNY*Phz2hGNRxWFAjkMFbxv4Ao', 'CP301', 'CNY', '10.00', '0.00', '10.00', '2015-12-03 22:00:09', '10', '1', null, 'PAB', null, null, null, 'http://127.0.0.1:8082/cifpaylc-gateway/oldlc/returnOpenView', 'http://192.168.59.238:8082/cifpaylc-gateway/oldlc/notice', 'http://192.168.59.238:8082/cifpaylc-gateway/oldlc/notice', null, 'CREDIT_TO_OPEN', '2016-04-21 09:47:01', null, '20160420094659322628', '红包充值', '2', null, 'PAB', null, null, null, 'N', null, '2016-04-20 09:47:01', null, null, null, '0', null, null);
INSERT INTO `CIFPAY_LC` VALUES ('fe33f91b77e243fe99bd6af466985e90', '1000001', 'BANK_ENT_ICBC', '中国工行银行*0.01CNY*63092011116419', 'CP902', 'CNY', '1.00', '0.00', '1.00', '2016-04-19 09:51:12', '30', '2', '1000001', 'ICBC', 'ICBC', '400090001604411', null, null, 'http://192.168.59.90:8080/starwish-portal/interface/starwish/withdrawNoticeUrl', null, '2016-04-19 09:51:38', '12', '2016-04-19 09:51:38', null, 'D78a2c0e7ca97', 'drawMoney', '1', '225', 'ICBC', 'ICBC', '4000020829200148508', null, 'N', null, '2016-04-19 09:51:34', '2016-04-19 09:51:38', null, null, '0', null, null);

-- ----------------------------
-- Table structure for CIFPAY_LC_NOTIFICATION
-- ----------------------------
DROP TABLE IF EXISTS `CIFPAY_LC_NOTIFICATION`;
CREATE TABLE `CIFPAY_LC_NOTIFICATION` (
  `NOTICE_ID` bigint(20) unsigned NOT NULL AUTO_INCREMENT,
  `NOTICE_TYPE` varchar(2) COLLATE utf8_bin NOT NULL COMMENT '通知类型：10通知收单商户开证结果，50通知商户提现结果，90通知收单商户银信证已解付',
  `LC_ID` varchar(64) COLLATE utf8_bin NOT NULL,
  `HANDLE_STATUS` varchar(2) COLLATE utf8_bin NOT NULL COMMENT '处理状态：10未发送，20发送中，30发送失败，40对方处理失败，50通知成功，99已过期',
  `CREATED_DT` datetime NOT NULL COMMENT '创建时间',
  `UPDATED_DT` datetime DEFAULT NULL COMMENT '更新时间',
  `LAST_SENT_DT` datetime DEFAULT NULL COMMENT '最后发送时间',
  `RETRY_COUNT` int(11) NOT NULL DEFAULT '0' COMMENT '已重发次数',
  `RECIEVER_TYPE` char(1) COLLATE utf8_bin NOT NULL COMMENT '通知接收者类型：1收单商户，其他数字或字母待扩展',
  `RECIEVER_ID` varchar(100) COLLATE utf8_bin NOT NULL COMMENT '通知接收者ID，若通知接收者类型为收单商户，收通知接收者ID对应为该收单商户的UID',
  `MSG_BLOCK_CNT` int(11) NOT NULL COMMENT '通知内容总块数',
  `MSG_BLOCK1` varchar(2000) COLLATE utf8_bin NOT NULL COMMENT '通知内容块1',
  `MSG_BLOCK2` varchar(2000) COLLATE utf8_bin DEFAULT NULL COMMENT '通知内容块2',
  `MSG_BLOCK3` varchar(2000) COLLATE utf8_bin DEFAULT NULL COMMENT '通知内容块3',
  `HANDLED_BY_SERVER_NODE` varchar(100) COLLATE utf8_bin DEFAULT NULL COMMENT '执行通知的节点',
  `REC_VALIDATE_HASH` varchar(64) COLLATE utf8_bin DEFAULT NULL COMMENT '数据校验码',
  PRIMARY KEY (`NOTICE_ID`)
) ENGINE=InnoDB AUTO_INCREMENT=271 DEFAULT CHARSET=utf8 COLLATE=utf8_bin COMMENT='银信证通知表';

-- ----------------------------
-- Records of CIFPAY_LC_NOTIFICATION
-- ----------------------------
INSERT INTO `CIFPAY_LC_NOTIFICATION` VALUES ('253', '40', '3993141313011712', '50', '2016-04-22 13:58:59', '2016-04-22 13:59:02', '2016-04-22 13:59:02', '0', '2', 'CIFPAY_ACC_CENTER', '1', '{\"appBizId\":\"3993141313011712\",\"tranTime\":\"20160422135859\",\"tranSign\":\"ac3c1929496b1b641b3bec39789ec1bb\",\"amount\":\"0.01\",\"digest\":\"银企直联提现（解冻扣减冻结余额）\",\"userCode\":\"1002\",\"appNo\":\"10\",\"status\":\"1\"}', null, null, '8C37B9B50CC31475500B5B9D5BEAFC31@192.168.59.237', null);
INSERT INTO `CIFPAY_LC_NOTIFICATION` VALUES ('254', '50', '3993141313011712', '50', '2016-04-22 13:58:59', '2016-04-22 14:05:50', '2016-04-22 14:05:50', '2', '1', '1000001', '1', '{\"lcId\":\"3993141313011712\",\"lcNo\":\"中国工行银行*0.01CNY*207687592116422\",\"tradeAmt\":\"1\",\"tradeTime\":\"2016-05-25 13:58:44\",\"orderId\":\"W1461304710608\",\"requestId\":\"\",\"responseTime\":\"20160422135858\",\"state\":\"70\",\"returnCode\":\"SUCCESS\",\"returnMessage\":\"提现成功\",\"sign\":\"C260D90AD7316B12E86C1231D43B6EF6\"}', null, null, '18472@web3', null);
INSERT INTO `CIFPAY_LC_NOTIFICATION` VALUES ('255', '40', '769f4fa98300484fb2921f6119068dec', '40', '2016-04-28 16:44:23', '2016-05-25 15:57:13', '2016-05-25 15:57:13', '394', '2', 'CIFPAY_ACC_CENTER', '1', '{\"appBizId\":\"769f4fa98300484fb2921f6119068dec\",\"tranTime\":\"20160428164423\",\"tranSign\":\"709e2828d10a2a4ce73d448d9d3cdafe\",\"amount\":\"0.01\",\"digest\":\"银企直联提现（解冻回可用余额）\",\"userCode\":\"13800138000\",\"appNo\":\"10\",\"status\":\"0\"}', null, null, '3684@WQ-20151014EPER', null);
INSERT INTO `CIFPAY_LC_NOTIFICATION` VALUES ('256', '50', '769f4fa98300484fb2921f6119068dec', '30', '2016-04-28 16:44:23', '2016-05-25 15:57:14', '2016-05-25 15:57:14', '393', '1', '1000001', '1', '{\"lcId\":\"769f4fa98300484fb2921f6119068dec\",\"lcNo\":\"中国工行银行*0.01CNY*103634149616401\",\"tradeAmt\":\"1\",\"tradeTime\":\"2016-05-31 16:42:19\",\"orderId\":\"W1459498238178\",\"requestId\":\"\",\"responseTime\":\"20160428164423\",\"state\":\"12\",\"returnCode\":\"FAILED\",\"returnMessage\":\"提现失败\",\"sign\":\"EA53B01DC1717B34EE510F741134EFBF\"}', null, null, '3684@WQ-20151014EPER', null);
INSERT INTO `CIFPAY_LC_NOTIFICATION` VALUES ('257', '40', '8289656818892800', '50', '2016-05-04 10:31:39', '2016-05-04 10:33:16', '2016-05-04 10:33:16', '0', '2', 'CIFPAY_ACC_CENTER', '1', '{\"appBizId\":\"8289656818892800\",\"tranTime\":\"20160504103139\",\"tranSign\":\"4a352e2f107a97201416ce790aa02cc9\",\"amount\":\"0.01\",\"digest\":\"银企直联提现（解冻回可用余额）\",\"userCode\":\"angelshiqian04\",\"appNo\":\"10\",\"status\":\"0\"}', null, null, '8C37B9B50CC31475500B5B9D5BEAFC31@192.168.59.193', null);
INSERT INTO `CIFPAY_LC_NOTIFICATION` VALUES ('258', '50', '8289656818892800', '20', '2016-05-04 10:31:39', '2016-05-25 15:57:13', '2016-05-04 11:32:45', '2', '1', '1000001', '1', '{\"lcId\":\"8289656818892800\",\"lcNo\":\"中国工行银行*0.01CNY*145983951016504\",\"tradeAmt\":\"1\",\"tradeTime\":\"2016-05-04 10:31:38\",\"orderId\":\"W1462329078429\",\"requestId\":\"2bb463e62fa743c6a18e7759fa1c09ca\",\"responseTime\":\"20160504103139\",\"state\":\"12\",\"returnCode\":\"FAILED\",\"returnMessage\":\"提现失败\",\"sign\":\"4D5B274D83D28FA21F5139D433528B4F\"}', null, null, '3684@WQ-20151014EPER', null);
INSERT INTO `CIFPAY_LC_NOTIFICATION` VALUES ('259', '40', '8289835613683712', '50', '2016-05-04 10:32:21', '2016-05-04 10:33:31', '2016-05-04 10:33:31', '0', '2', 'CIFPAY_ACC_CENTER', '1', '{\"appBizId\":\"8289835613683712\",\"tranTime\":\"20160504103221\",\"tranSign\":\"4ee7eaee8932f2b1779bb90423ea5edd\",\"amount\":\"0.01\",\"digest\":\"银企直联提现（解冻回可用余额）\",\"userCode\":\"angelshiqian04\",\"appNo\":\"10\",\"status\":\"0\"}', null, null, '8C37B9B50CC31475500B5B9D5BEAFC31@192.168.59.193', null);
INSERT INTO `CIFPAY_LC_NOTIFICATION` VALUES ('260', '50', '8289835613683712', '20', '2016-05-04 10:32:22', '2016-05-25 15:57:13', '2016-05-04 11:33:00', '2', '1', '1000001', '1', '{\"lcId\":\"8289835613683712\",\"lcNo\":\"中国工行银行*0.01CNY*170797971216504\",\"tradeAmt\":\"1\",\"tradeTime\":\"2016-06-02 09:58:54\",\"orderId\":\"W1462329078429\",\"requestId\":\"2bb463e62fa743c6a18e7759fa1c09ca\",\"responseTime\":\"20160504103221\",\"state\":\"12\",\"returnCode\":\"FAILED\",\"returnMessage\":\"提现失败\",\"sign\":\"927325F38CBE3BD8A37F537C99F77C3E\"}', null, null, '3684@WQ-20151014EPER', null);
INSERT INTO `CIFPAY_LC_NOTIFICATION` VALUES ('261', '40', '8290576873029632', '50', '2016-05-04 10:35:21', '2016-05-04 10:38:46', '2016-05-04 10:38:46', '0', '2', 'CIFPAY_ACC_CENTER', '1', '{\"appBizId\":\"8290576873029632\",\"tranTime\":\"20160504103520\",\"tranSign\":\"c9a913b2cef6f8644eda8f3c9fec1fcb\",\"amount\":\"0.01\",\"digest\":\"银企直联提现（解冻回可用余额）\",\"userCode\":\"angelshiqian04\",\"appNo\":\"10\",\"status\":\"0\"}', null, null, '8C37B9B50CC31475500B5B9D5BEAFC31@192.168.59.193', null);
INSERT INTO `CIFPAY_LC_NOTIFICATION` VALUES ('262', '50', '8290576873029632', '20', '2016-05-04 10:35:21', '2016-05-25 15:57:13', '2016-05-04 11:33:15', '1', '1', '1000001', '1', '{\"lcId\":\"8290576873029632\",\"lcNo\":\"中国工行银行*0.01CNY*155867134516504\",\"tradeAmt\":\"1\",\"tradeTime\":\"2016-06-02 10:01:51\",\"orderId\":\"W1462329267916\",\"requestId\":\"516653be1e0f4a03b8b5fcf2a2b298b4\",\"responseTime\":\"20160504103520\",\"state\":\"12\",\"returnCode\":\"FAILED\",\"returnMessage\":\"提现失败\",\"sign\":\"8AA660D1C6CAE27A1F192A9319B6230C\"}', null, null, '3684@WQ-20151014EPER', null);
INSERT INTO `CIFPAY_LC_NOTIFICATION` VALUES ('263', '40', '8290732947275776', '50', '2016-05-04 10:35:55', '2016-05-04 10:39:01', '2016-05-04 10:39:01', '0', '2', 'CIFPAY_ACC_CENTER', '1', '{\"appBizId\":\"8290732947275776\",\"tranTime\":\"20160504103555\",\"tranSign\":\"4d234044da0e39e87dd0696a3bc74788\",\"amount\":\"0.01\",\"digest\":\"银企直联提现（解冻回可用余额）\",\"userCode\":\"angelshiqian04\",\"appNo\":\"10\",\"status\":\"0\"}', null, null, '8C37B9B50CC31475500B5B9D5BEAFC31@192.168.59.193', null);
INSERT INTO `CIFPAY_LC_NOTIFICATION` VALUES ('264', '50', '8290732947275776', '20', '2016-05-04 10:35:55', '2016-05-25 15:57:13', '2016-05-04 11:33:30', '1', '1', '1000001', '1', '{\"lcId\":\"8290732947275776\",\"lcNo\":\"中国工行银行*0.01CNY*104572665916504\",\"tradeAmt\":\"1\",\"tradeTime\":\"2016-06-02 10:02:28\",\"orderId\":\"W1462329267916\",\"requestId\":\"516653be1e0f4a03b8b5fcf2a2b298b4\",\"responseTime\":\"20160504103555\",\"state\":\"12\",\"returnCode\":\"FAILED\",\"returnMessage\":\"提现失败\",\"sign\":\"A8A0D87C91FE6F61AB3B9EEC4131103F\"}', null, null, '3684@WQ-20151014EPER', null);
INSERT INTO `CIFPAY_LC_NOTIFICATION` VALUES ('265', '40', '8290929307811840', '50', '2016-05-04 10:36:42', '2016-05-04 11:33:45', '2016-05-04 11:33:45', '0', '2', 'CIFPAY_ACC_CENTER', '1', '{\"appBizId\":\"8290929307811840\",\"tranTime\":\"20160504103642\",\"tranSign\":\"bbf040f8cc117d96fe193c843fe11c51\",\"amount\":\"0.01\",\"digest\":\"银企直联提现（解冻回可用余额）\",\"userCode\":\"angelshiqian04\",\"appNo\":\"10\",\"status\":\"0\"}', null, null, '8C37B9B50CC31475500B5B9D5BEAFC31@192.168.59.193', null);
INSERT INTO `CIFPAY_LC_NOTIFICATION` VALUES ('266', '50', '8290929307811840', '20', '2016-05-04 10:36:42', '2016-05-25 15:57:13', '2016-05-04 11:33:46', '0', '1', '1000001', '1', '{\"lcId\":\"8290929307811840\",\"lcNo\":\"中国工行银行*0.01CNY*62157077716504\",\"tradeAmt\":\"1\",\"tradeTime\":\"2016-06-02 10:03:15\",\"orderId\":\"W1462329078429\",\"requestId\":\"2bb463e62fa743c6a18e7759fa1c09ca\",\"responseTime\":\"20160504103641\",\"state\":\"12\",\"returnCode\":\"FAILED\",\"returnMessage\":\"提现失败\",\"sign\":\"BD4D0691E388107ABC9DDDCE2FFADCF2\"}', null, null, '3684@WQ-20151014EPER', null);
INSERT INTO `CIFPAY_LC_NOTIFICATION` VALUES ('267', '40', '8305058101854208', '20', '2016-05-04 11:32:54', '2016-05-25 15:57:13', null, '0', '2', 'CIFPAY_ACC_CENTER', '1', '{\"appBizId\":\"8305058101854208\",\"tranTime\":\"20160504113254\",\"tranSign\":\"99ac21ce89598d6c1ec81c31ef0fde50\",\"amount\":\"0.01\",\"digest\":\"银企直联提现（解冻扣减冻结余额）\",\"userCode\":\"angelshiqian04\",\"appNo\":\"10\",\"status\":\"1\"}', null, null, '3684@WQ-20151014EPER', null);
INSERT INTO `CIFPAY_LC_NOTIFICATION` VALUES ('268', '50', '8305058101854208', '20', '2016-05-04 11:32:54', '2016-05-25 15:57:13', null, '0', '1', '1000001', '1', '{\"lcId\":\"8305058101854208\",\"lcNo\":\"中国工行银行*0.01CNY*20154029016504\",\"tradeAmt\":\"1\",\"tradeTime\":\"2016-06-02 10:59:23\",\"orderId\":\"W1462332705395\",\"requestId\":\"79bbfe509e9344849241e9032065ff6f\",\"responseTime\":\"20160504113254\",\"state\":\"70\",\"returnCode\":\"SUCCESS\",\"returnMessage\":\"提现成功\",\"sign\":\"56ECDE534750DAEA49B0B51C0BC8E275\"}', null, null, '3684@WQ-20151014EPER', null);
INSERT INTO `CIFPAY_LC_NOTIFICATION` VALUES ('269', '40', '8305862590332928', '20', '2016-05-04 11:36:14', '2016-05-25 15:57:13', null, '0', '2', 'CIFPAY_ACC_CENTER', '1', '{\"appBizId\":\"8305862590332928\",\"tranTime\":\"20160504113614\",\"tranSign\":\"d0646e0464709978846fe0777fd6f8f4\",\"amount\":\"0.01\",\"digest\":\"银企直联提现（解冻扣减冻结余额）\",\"userCode\":\"angelshiqian04\",\"appNo\":\"10\",\"status\":\"1\"}', null, null, '3684@WQ-20151014EPER', null);
INSERT INTO `CIFPAY_LC_NOTIFICATION` VALUES ('270', '50', '8305862590332928', '20', '2016-05-04 11:36:14', '2016-05-25 15:57:13', null, '0', '1', '1000001', '1', '{\"lcId\":\"8305862590332928\",\"lcNo\":\"中国工行银行*0.01CNY*55067698716504\",\"tradeAmt\":\"1\",\"tradeTime\":\"2016-06-02 11:02:35\",\"orderId\":\"W1462332940740\",\"requestId\":\"bcca94fc97ea40d78d4a9cd208713903\",\"responseTime\":\"20160504113614\",\"state\":\"70\",\"returnCode\":\"SUCCESS\",\"returnMessage\":\"提现成功\",\"sign\":\"68EA797A9DB001547BCE0D12239980B7\"}', null, null, '3684@WQ-20151014EPER', null);

-- ----------------------------
-- Table structure for CIFPAY_LC_STATE_CTRL
-- ----------------------------
DROP TABLE IF EXISTS `CIFPAY_LC_STATE_CTRL`;
CREATE TABLE `CIFPAY_LC_STATE_CTRL` (
  `LC_ID` varchar(64) COLLATE utf8_bin NOT NULL COMMENT '银信证ID',
  `LC_STATE` varchar(32) COLLATE utf8_bin NOT NULL COMMENT '银信证状态',
  `LC_TYPE` varchar(5) COLLATE utf8_bin NOT NULL COMMENT '银信证型号',
  `STEP_COUNT` varchar(32) COLLATE utf8_bin NOT NULL COMMENT '正向交易步骤总数',
  `STEP_SEQ` int(11) NOT NULL COMMENT '当前步骤序号',
  `MAX_VALID_DAYS` int(11) NOT NULL COMMENT '状态有效时长（天）',
  `MAX_VALID_DT` datetime DEFAULT NULL COMMENT '状态有效截止时间',
  `EXEC_FLAG` char(1) COLLATE utf8_bin NOT NULL COMMENT '当前步骤是否已完成：Y是，N否',
  `EXEC_DT` datetime DEFAULT NULL COMMENT '当前步骤完成时间',
  PRIMARY KEY (`LC_ID`,`LC_STATE`)
) ENGINE=InnoDB DEFAULT CHARSET=utf8 COLLATE=utf8_bin COMMENT='银信证状态控制表';

-- ----------------------------
-- Records of CIFPAY_LC_STATE_CTRL
-- ----------------------------

-- ----------------------------
-- Table structure for CIFPAY_LC_TXN_JOURNAL
-- ----------------------------
DROP TABLE IF EXISTS `CIFPAY_LC_TXN_JOURNAL`;
CREATE TABLE `CIFPAY_LC_TXN_JOURNAL` (
  `TXN_JOURNAL_ID` varchar(32) COLLATE utf8_bin NOT NULL COMMENT '交易流水ID：由银信证平台系统自身分配的交易流水',
  `LC_ID` varchar(64) COLLATE utf8_bin NOT NULL COMMENT '银信证ID',
  `TRADE_CHN_ID` varchar(32) COLLATE utf8_bin NOT NULL COMMENT '交易渠道ID',
  `TXN_TYPE` varchar(3) COLLATE utf8_bin NOT NULL COMMENT '交易类型：\r\n            100开证，200收证，300提示解付（履约），400申请解付（签收），500执行解付，601失效自动退回付款方，602失效自动解付，603手动失效退回付款方',
  `TXN_DT` datetime NOT NULL COMMENT '请求交易时间',
  `TRADE_TXN_DT` datetime DEFAULT NULL COMMENT '响应交易时间',
  `TRADE_TXN_NO` varchar(100) COLLATE utf8_bin DEFAULT NULL COMMENT '交易渠道流水号：调用对方渠道时，对方系统返回的交易参考号',
  `LC_STATE` varchar(2) COLLATE utf8_bin DEFAULT NULL COMMENT '银信证状态',
  `LC_BALANCE` decimal(19,2) DEFAULT NULL COMMENT '银信证可用余额',
  `CREATED_DT` datetime NOT NULL COMMENT '创建日期',
  PRIMARY KEY (`TXN_JOURNAL_ID`)
) ENGINE=InnoDB DEFAULT CHARSET=utf8 COLLATE=utf8_bin COMMENT='银信证交易流水表';

-- ----------------------------
-- Records of CIFPAY_LC_TXN_JOURNAL
-- ----------------------------

-- ----------------------------
-- Table structure for CIFPAY_LC_TYPE
-- ----------------------------
DROP TABLE IF EXISTS `CIFPAY_LC_TYPE`;
CREATE TABLE `CIFPAY_LC_TYPE` (
  `LC_TYPE` varchar(5) COLLATE utf8_bin NOT NULL COMMENT '银信证型号，例如CP300、CP500等',
  `LC_TYPE_DESC` varchar(512) COLLATE utf8_bin DEFAULT NULL COMMENT '银信证型号描述',
  `MAX_DAYS_TO_RECIEVE` int(11) NOT NULL COMMENT '默认收证期（天），值为0时则表示N/A之意',
  `MAX_DAYS_TO_DELIVERY` int(11) NOT NULL COMMENT '默认履约期（天），值为0时则表示N/A之意',
  `MAX_DAYS_TO_SIGN` int(11) NOT NULL COMMENT '默认签收期（天），值为0时则表示N/A之意',
  `MAX_DAYS_TO_TRANSFER` int(11) NOT NULL COMMENT '默认解付期（天），值为0时则表示N/A之意',
  `ENABLE_STATUS` char(1) COLLATE utf8_bin NOT NULL COMMENT '启用状态：0 待开通，1 正常，2 已关闭',
  PRIMARY KEY (`LC_TYPE`)
) ENGINE=InnoDB DEFAULT CHARSET=utf8 COLLATE=utf8_bin COMMENT='银信证类型定义表';

-- ----------------------------
-- Records of CIFPAY_LC_TYPE
-- ----------------------------
INSERT INTO `CIFPAY_LC_TYPE` VALUES ('CP901', '非标准银信证，用于表示第三方即时支付生成的LC记录', '0', '0', '0', '0', '1');
INSERT INTO `CIFPAY_LC_TYPE` VALUES ('CP902', '非标准银信证，用于表示银企直联提现生成的LC记录', '0', '0', '0', '0', '1');

-- ----------------------------
-- Table structure for CIFPAY_MERCHANT
-- ----------------------------
DROP TABLE IF EXISTS `CIFPAY_MERCHANT`;
CREATE TABLE `CIFPAY_MERCHANT` (
  `MER_ID` varchar(32) COLLATE utf8_bin NOT NULL COMMENT '商户ID',
  `MERCHANT_NAME` varchar(100) COLLATE utf8_bin NOT NULL COMMENT '商户名称',
  `MER_SITE_NAME` varchar(100) COLLATE utf8_bin NOT NULL COMMENT '商户系统名称',
  `MER_SITE_DOMAIN` varchar(512) COLLATE utf8_bin NOT NULL COMMENT '商户系统域名',
  `API_KEY` varchar(64) COLLATE utf8_bin NOT NULL COMMENT 'API Key',
  `DEF_LC_TYPE` varchar(5) COLLATE utf8_bin NOT NULL COMMENT '默认使用的银信证类型',
  `DEF_PAYEE_BANK_CODE` varchar(32) COLLATE utf8_bin DEFAULT NULL COMMENT '默认使用的收款银行代码',
  `DEF_PAYEE_BANK_ACCT` varchar(100) COLLATE utf8_bin DEFAULT NULL COMMENT '默认使用的收款账号',
  `MERCHANT_STATUS` char(1) COLLATE utf8_bin NOT NULL COMMENT '商户状态：0待开通，1正常，2已关闭',
  `CREATED_DT` datetime NOT NULL COMMENT '创建时间',
  `UPDATED_DT` datetime DEFAULT NULL COMMENT '更新时间',
  PRIMARY KEY (`MER_ID`)
) ENGINE=InnoDB DEFAULT CHARSET=utf8 COLLATE=utf8_bin COMMENT='商户定义表';

-- ----------------------------
-- Records of CIFPAY_MERCHANT
-- ----------------------------
INSERT INTO `CIFPAY_MERCHANT` VALUES ('1000001', '某个商户', '我的网站', 'http://www.ww.w', '11c9c951a5ad422d88ccbfafa6912d5e', 'CP300', 'PAB', '625545489154684156', '1', '2016-03-10 17:43:54', '2016-03-11 17:44:03');

-- ----------------------------
-- Table structure for CIFPAY_OLDLC_BANK_PUB_KEY
-- ----------------------------
DROP TABLE IF EXISTS `CIFPAY_OLDLC_BANK_PUB_KEY`;
CREATE TABLE `CIFPAY_OLDLC_BANK_PUB_KEY` (
  `BANK_CODE` varchar(32) COLLATE utf8_bin NOT NULL COMMENT '银行代码',
  `BANK_PUBLIC_KEY` varchar(2000) COLLATE utf8_bin NOT NULL COMMENT '银行自己的公钥',
  `ENABLE_STATUS` char(1) COLLATE utf8_bin NOT NULL COMMENT '启用状态：0不可用，1正常',
  `CREATED_DT` datetime NOT NULL COMMENT '创建时间',
  `UPDATED_DT` datetime DEFAULT NULL COMMENT '更新时间',
  PRIMARY KEY (`BANK_CODE`)
) ENGINE=InnoDB DEFAULT CHARSET=utf8 COLLATE=utf8_bin COMMENT='旧版银信证渠道银行RSA公钥表';

-- ----------------------------
-- Records of CIFPAY_OLDLC_BANK_PUB_KEY
-- ----------------------------

-- ----------------------------
-- Table structure for CIFPAY_OLDLC_MER_RSA_KEY
-- ----------------------------
DROP TABLE IF EXISTS `CIFPAY_OLDLC_MER_RSA_KEY`;
CREATE TABLE `CIFPAY_OLDLC_MER_RSA_KEY` (
  `MER_ID` varchar(32) COLLATE utf8_bin NOT NULL COMMENT '商户ID',
  `BANK_CODE` varchar(32) COLLATE utf8_bin NOT NULL COMMENT '银行代码',
  `BANK_MID` varchar(32) COLLATE utf8_bin NOT NULL COMMENT '银行商户户号：由银行分配给商户的银行商户号MID，有别于银信证平台系统给商户分配的商户号MER_ID',
  `MER_PUBLIC_KEY` varchar(2000) COLLATE utf8_bin NOT NULL COMMENT '银行分配给商户的公钥',
  `MER_PRIVATE_KEY` varchar(2000) COLLATE utf8_bin NOT NULL COMMENT '银行分配给商户的私钥',
  `OLDLC_API_KEY` varchar(32) COLLATE utf8_bin NOT NULL COMMENT '银信分配给商户的签名KEY',
  `ENABLE_STATUS` char(1) COLLATE utf8_bin NOT NULL COMMENT '启用状态：0待开通，1正常，2已关闭',
  `CREATED_DT` datetime NOT NULL COMMENT '创建时间',
  `UPDATED_DT` datetime DEFAULT NULL COMMENT '更新时间',
  PRIMARY KEY (`MER_ID`,`BANK_CODE`)
) ENGINE=InnoDB DEFAULT CHARSET=utf8 COLLATE=utf8_bin COMMENT='旧版银信证渠道商户RSA公私钥表';

-- ----------------------------
-- Records of CIFPAY_OLDLC_MER_RSA_KEY
-- ----------------------------
INSERT INTO `CIFPAY_OLDLC_MER_RSA_KEY` VALUES ('1000001', 'CIB', '110524', '0000', 'MIICdQIBADANBgkqhkiG9w0BAQEFAASCAl8wggJbAgEAAoGBAK26kDC9xLd7L4xDnfP+EoHMteJoWhh5V6TLCgh8piIML4YA1tRcZZQVrgXGIr+TCaKAQcfPBxaueN/r5RGB11jX3JfG8KQMg4iqHmA3s0rNVmz+609BQ9AlMUcWDkeMVBQqIebZCr9RCFHSpQs+k3g64INAi0IAjU3ptumZIXV9AgMBAAECgYAs0AfrmrfIgG0WaEaxLmOFudFc8n/y+jHiX0FaSRTtiWkkzsibhK3rEeCOurox4nLEyQKu0LdKYXzqfcXbyztJ0a//z1eYAu6W8knIf6t3dQ3R7qDd8KM0pUBS5Ycn7f9rNF/uU7SEjU8IakJeRdeKDpwOrFXjmgO0q22oP6KkgQJBANPwaTuXJuZTmzzTUU9UgtLWewJzyL5cPJ0W82YESdp7ZtHh0oSYkQTuMNvYxehQ9y9bWcccBlzqGkDqwsgUXuECQQDR2JBChMNzxezWkxVte087XsBDcoEc1eZMf6ok0xLsan2GXCzOpA85vUX4YEo9gMplyd0R2ETVLqW/gfgA93YdAkBn5R/BLZzNJkkgbTsb14L2Vlwg3J+Y6eBw5bJV3V5S81F5K+mmRKA6uYVMEJ0cAKzcEz0UhWF9JOnPzwXDTXEhAkAHccxkX7tjXxEw55TqBmbgL1NY0TYdZMU/z4OkvMw+EOUVIC4CwrU7kihqUFgx6GDFzayHFooSmg4NRjobJqxNAkBWEqAGpGzfkSYlX/2UvQQx3gk8M+5bgIpbaeUc2zCbu7oZ8Hw9/AJkuFbDIywoO+dcDQydd73Nqr7WV42jh343', '123456', '1', '2016-03-14 11:21:29', '2016-03-14 11:21:33');
INSERT INTO `CIFPAY_OLDLC_MER_RSA_KEY` VALUES ('1000001', 'PAB', 'PAB000000100', '0000', 'MIICdgIBADANBgkqhkiG9w0BAQEFAASCAmAwggJcAgEAAoGBANybRYBsib9BQ8hK55fMSZ5A0BW4iwkkCdH71B1VOjFPNUs8b/fc4L7hdJOIPv10qTtQ1L22kOm52zYgm84FItgpOtiPuCKu3o479hYzMdIHcNWpfrIokM8r5lRJdsZm9k9LISiZKDAadbW++Re7M3m74QTts3edqluA/gKxlaFDAgMBAAECgYEAlTKB/8foJSwbjoNyO8yS4W+OC5KinYz9A0Hgg/IXCDA8p+R5CVYdvZq2/+w+RaY3qgER0Dh/q0LiSaomFWCN3ggPY+4yqhY1ERYS+g4SNjaHwzBxhQYQE318a9DifqC+0MHNHdZUp00Xq8Fowx83e1Ueu3O475XgZ6XoHVLQdwkCQQDxhAvi0/8cHydqZrN30kx9uY1RbQvx55mHA924YXzghCm7ZAQzT6wWiuGgowLiuSimIR6TZcuvS9eAqnrBcqcHAkEA6dY1UU0YRsuUwKjoecUvcJpdaDg/AiuK65Yj5WzT6VqFV+8X3hm59PDcAIHS+o0qbJaPKij2+J8LoFt1t0II5QJAVHyK4+ihX6cOVMxkj9ADbh/Q7eElwpPwQyj5ER0ZYDkbmDAewAxo+OHQmC8uPT3kmGkRlyKPJF11n88DblS7VQJANlOYC413yGrf4mrbp/7R6L1UWjRHHz/yhI1bRaAlE5/+PtHDn8wmUevrkQqYc7F8W8IW/NqLlnONBfJ5xNvIqQJAQrKc9sukyi5kKKuKIW4YcR8TqlRv+T0mV6SX3wLrd11QRhYfFUAccy5YvhVzjRc6COBmzlLxBd4CNDs+2jIatg==', '1rTaBJ3EpH', '1', '2016-03-11 17:48:30', '2016-03-11 17:48:32');

-- ----------------------------
-- Table structure for CIFPAY_TRADE_CHANNEL
-- ----------------------------
DROP TABLE IF EXISTS `CIFPAY_TRADE_CHANNEL`;
CREATE TABLE `CIFPAY_TRADE_CHANNEL` (
  `TRADE_CHN_ID` varchar(15) COLLATE utf8_bin NOT NULL COMMENT '交易渠道ID',
  `TRADE_CHN_TYPE` varchar(2) COLLATE utf8_bin NOT NULL COMMENT '交易渠道类型',
  `TRADE_CHN_NAME` varchar(32) COLLATE utf8_bin NOT NULL COMMENT '交易渠道名称',
  `TRADE_CHN_STATUS` char(1) COLLATE utf8_bin NOT NULL COMMENT '交易渠道状态，0待开通，1正常，2已关闭',
  PRIMARY KEY (`TRADE_CHN_ID`)
) ENGINE=InnoDB DEFAULT CHARSET=utf8 COLLATE=utf8_bin COMMENT='交易渠道定义表';

-- ----------------------------
-- Records of CIFPAY_TRADE_CHANNEL
-- ----------------------------
INSERT INTO `CIFPAY_TRADE_CHANNEL` VALUES ('3RD_ALIPAY', '50', '第三方支付-支付宝', '1');
INSERT INTO `CIFPAY_TRADE_CHANNEL` VALUES ('3RD_WECHAT_PAY', '50', '第三方支付-微信支付', '1');
INSERT INTO `CIFPAY_TRADE_CHANNEL` VALUES ('BANK_ENT_ICBC', '30', '工行银企直联', '1');
INSERT INTO `CIFPAY_TRADE_CHANNEL` VALUES ('CIFPAY_V1', '10', '银信证1.0', '1');

-- ----------------------------
-- Table structure for CIFPAY_TRADE_CHN_MSG
-- ----------------------------
DROP TABLE IF EXISTS `CIFPAY_TRADE_CHN_MSG`;
CREATE TABLE `CIFPAY_TRADE_CHN_MSG` (
  `MSG_ID` varchar(32) COLLATE utf8_bin NOT NULL COMMENT '报文ID',
  `LC_ID` varchar(64) COLLATE utf8_bin NOT NULL COMMENT '银信证ID',
  `TRADE_CHN_TYPE` varchar(2) COLLATE utf8_bin NOT NULL COMMENT '交易渠道类型',
  `TRADE_CHN_ID` varchar(15) COLLATE utf8_bin NOT NULL COMMENT '交易渠道ID',
  `TXN_TYPE` varchar(32) COLLATE utf8_bin NOT NULL COMMENT '请求交易类型',
  `CURR_LC_STATE` varchar(2) COLLATE utf8_bin NOT NULL COMMENT '银信证当前状态',
  `TXN_AMT` decimal(19,2) NOT NULL COMMENT '交易金额',
  `REQ_MSG_BLOCK_CNT` int(11) NOT NULL COMMENT '请求报文内容总块数',
  `REQ_MSG_BLOCK1` varchar(2000) COLLATE utf8_bin NOT NULL COMMENT '请求报文内容块1',
  `REQ_MSG_BLOCK2` varchar(2000) COLLATE utf8_bin DEFAULT NULL COMMENT '请求报文内容块2',
  `REQ_MSG_BLOCK3` varchar(2000) COLLATE utf8_bin DEFAULT NULL COMMENT '请求报文内容块3',
  `REQ_MSG_BLOCK4` varchar(2000) COLLATE utf8_bin DEFAULT NULL COMMENT '请求报文内容块4',
  `REQ_MSG_BLOCK5` varchar(2000) COLLATE utf8_bin DEFAULT NULL COMMENT '请求报文内容块5',
  `HANDLE_STATUS` varchar(2) COLLATE utf8_bin NOT NULL COMMENT '报文处理状态：00待发送、10已发送，40交易失败，90交易成功',
  `REQ_SENT_DT` datetime DEFAULT NULL COMMENT '报文发送时间',
  `TRADE_CHN_RESP_DT` varchar(32) COLLATE utf8_bin DEFAULT NULL COMMENT '交易渠道响应时间',
  `RESP_MSG_BLOCK_CNT` int(11) DEFAULT NULL COMMENT '响应报文内容总块数',
  `RESP_MSG_BLOCK1` varchar(2000) COLLATE utf8_bin DEFAULT NULL COMMENT '响应报文内容块1',
  `RESP_MSG_BLOCK2` varchar(2000) COLLATE utf8_bin DEFAULT NULL COMMENT '响应报文内容块2',
  `RESP_MSG_BLOCK3` varchar(2000) COLLATE utf8_bin DEFAULT NULL COMMENT '响应报文内容块3',
  `RESP_MSG_BLOCK4` varchar(2000) COLLATE utf8_bin DEFAULT NULL COMMENT '响应报文内容块4',
  `RESP_MSG_BLOCK5` varchar(2000) COLLATE utf8_bin DEFAULT NULL COMMENT '响应报文内容块5',
  `REC_VALIDATE_HASH` varchar(64) COLLATE utf8_bin DEFAULT NULL COMMENT '数据校验码',
  PRIMARY KEY (`MSG_ID`)
) ENGINE=InnoDB DEFAULT CHARSET=utf8 COLLATE=utf8_bin COMMENT='交易渠道报文表';

-- ----------------------------
-- Records of CIFPAY_TRADE_CHN_MSG
-- ----------------------------

-- ----------------------------
-- Table structure for CIFPAY_TRADE_CHN_TYPE
-- ----------------------------
DROP TABLE IF EXISTS `CIFPAY_TRADE_CHN_TYPE`;
CREATE TABLE `CIFPAY_TRADE_CHN_TYPE` (
  `TRADE_CHN_TYPE` varchar(2) COLLATE utf8_bin NOT NULL COMMENT '交易渠道类型代码',
  `TRADE_CHN_NAME` varchar(32) COLLATE utf8_bin NOT NULL COMMENT '交易渠道类型名称',
  `STATUS` char(1) COLLATE utf8_bin NOT NULL COMMENT '启用状态：0待开通，1正常，2已关闭',
  PRIMARY KEY (`TRADE_CHN_TYPE`)
) ENGINE=InnoDB DEFAULT CHARSET=utf8 COLLATE=utf8_bin COMMENT='交易渠道类型定义表';

-- ----------------------------
-- Records of CIFPAY_TRADE_CHN_TYPE
-- ----------------------------
INSERT INTO `CIFPAY_TRADE_CHN_TYPE` VALUES ('10', '旧版银信证', '1');
INSERT INTO `CIFPAY_TRADE_CHN_TYPE` VALUES ('20', '新版银信证', '0');
INSERT INTO `CIFPAY_TRADE_CHN_TYPE` VALUES ('30', '银企直联', '1');
INSERT INTO `CIFPAY_TRADE_CHN_TYPE` VALUES ('40', '快捷支付', '0');
INSERT INTO `CIFPAY_TRADE_CHN_TYPE` VALUES ('50', '第三方支付', '1');

-- ----------------------------
-- Table structure for CIFPAY_TRD_BUSINESS
-- ----------------------------
DROP TABLE IF EXISTS `CIFPAY_TRD_BUSINESS`;
CREATE TABLE `CIFPAY_TRD_BUSINESS` (
  `JOURNAL_NO` varchar(64) COLLATE utf8_bin NOT NULL COMMENT '银行交易序列号',
  `BANK_STATE` varchar(32) COLLATE utf8_bin DEFAULT NULL COMMENT '银行交易状态,银行冻结:CREDIT_BANK_FOREEZE,银行解冻:CREDIT_BANK_UNFOREEZE,银行划款:CREDIT_BANK_PAYED,银行交易状态（冻结、解冻、划款）',
  `LC_ID` varchar(64) COLLATE utf8_bin NOT NULL COMMENT '银信交易ID',
  `ORDER_ID` varchar(128) COLLATE utf8_bin NOT NULL COMMENT '业务订单编号',
  `THIRD_ID` varchar(32) COLLATE utf8_bin DEFAULT NULL COMMENT '第三方系统标识',
  `LC_STATE` varchar(32) COLLATE utf8_bin DEFAULT NULL COMMENT '银信证状态',
  `TRADE_CHN_TYPE` varchar(2) COLLATE utf8_bin NOT NULL COMMENT '交易渠道类型',
  `TRADE_CHN_ID` varchar(15) COLLATE utf8_bin NOT NULL COMMENT '交易渠道ID',
  `PAY_AMOUNT` decimal(19,2) DEFAULT NULL COMMENT '交易金额',
  `PAYER_BANK_CODE` varchar(32) COLLATE utf8_bin DEFAULT NULL COMMENT '付款方银行编码',
  `PAYER_BANK_CARD_NO` varchar(32) COLLATE utf8_bin DEFAULT NULL COMMENT '付款者银行卡号',
  `PAYER_BANK_ACCNO` varchar(32) COLLATE utf8_bin DEFAULT NULL COMMENT '付款者账号',
  `PAYER_MOBILE` varchar(32) COLLATE utf8_bin DEFAULT NULL COMMENT '付款人手机号码',
  `CREATE_TIME` datetime DEFAULT NULL COMMENT '创建时间',
  `BANK_WORK_DATE` datetime DEFAULT NULL COMMENT '银行交易开始日期',
  `DEAD_LINE` datetime DEFAULT NULL COMMENT '银行交易截至日期',
  `IS_SUCCESS` varchar(2) COLLATE utf8_bin DEFAULT NULL COMMENT '是否成功(S:成功 F:失败 N:无效 C:初始化 E:异常)',
  `TRADE_COUNTS` int(11) DEFAULT NULL COMMENT '交易执行次数',
  `UPDATE_TIME` datetime DEFAULT NULL COMMENT '更新时间',
  `RECV_BANK_CODE` varchar(32) COLLATE utf8_bin DEFAULT NULL COMMENT '收款方银行编码',
  `RECV_BANK_CARD_NO` varchar(32) COLLATE utf8_bin DEFAULT NULL COMMENT '收款者卡号',
  `RECV_BANK_ACCNAME` varchar(32) COLLATE utf8_bin DEFAULT NULL COMMENT '收款方账户名',
  `RECV_BANK_ACCNO` varchar(32) COLLATE utf8_bin DEFAULT NULL COMMENT '收款方账号',
  `REMARK` varchar(100) COLLATE utf8_bin DEFAULT NULL COMMENT '备注',
  PRIMARY KEY (`JOURNAL_NO`),
  UNIQUE KEY `AK_CHK_TRD_BUSI_01` (`BANK_STATE`,`LC_ID`,`ORDER_ID`,`THIRD_ID`)
) ENGINE=InnoDB DEFAULT CHARSET=utf8 COLLATE=utf8_bin COMMENT='交易渠道业务记录表';

-- ----------------------------
-- Records of CIFPAY_TRD_BUSINESS
-- ----------------------------
INSERT INTO `CIFPAY_TRD_BUSINESS` VALUES ('01127fab63a102a20160323110542712', 'CREDIT_BANK_PAYED', '918fa05d7fad4b79801127fab63a102a', 'orderId9d45eb37-4026-4c19-8a8d-6eef55b673e1', '999001', null, '50', 'THIRD_PAY', '1.00', 'ALIPAY', null, 'zyem126@126.com', '13800138001', '2016-03-23 11:05:42', '2016-03-23 11:06:00', '2016-03-23 11:30:25', 'F', '4', '2016-03-23 11:30:25', 'ALIPAY', null, null, 'admin@et2t.com', '支付宝充值');
INSERT INTO `CIFPAY_TRD_BUSINESS` VALUES ('03ea76cc19e2c3620160323102342636', 'CREDIT_BANK_PAYED', 'b1d7eb10314a4b34b03ea76cc19e2c36', 'orderId6e6f55ed-ea2a-4056-a832-a08ddb22e926', '8885222522', null, '50', 'THIRD_PAY', '1.00', 'ALIPAY', null, 'zyem126@126.com', '13800138001', '2016-03-23 10:23:42', '2016-03-23 10:23:57', '2016-03-23 13:47:50', 'F', '2', '2016-03-23 13:47:50', 'ALIPAY', null, null, 'admin@et2t.com', '支付宝充值');
INSERT INTO `CIFPAY_TRD_BUSINESS` VALUES ('0f874943b91073120160323172050240', 'CREDIT_BANK_PAYED', '3f56e604111043eab0f874943b910731', '2016323172042253', '5556661', null, '50', 'THIRD_PAY', '1.00', 'ALIPAY', null, null, '15889630962', '2016-03-23 17:20:50', '2016-03-23 17:20:50', null, 'C', '0', '2016-03-23 17:20:50', 'ALIPAY', null, null, 'admin@et2t.com', '支付宝充值');
INSERT INTO `CIFPAY_TRD_BUSINESS` VALUES ('10015515612016041816300634', 'CREDIT_BANK_PAYED', '2e35528410c94fc7bd860078dd832644', 'W1460966983141', '1000001', null, '30', 'BANK_DIRECT', '1.00', 'ICBC', null, null, null, '2016-04-18 16:30:06', '2016-05-25 16:30:06', null, 'F', null, '2016-04-18 16:30:06', 'ICBC', null, null, '4000020829200148508', '银企直联提现');
INSERT INTO `CIFPAY_TRD_BUSINESS` VALUES ('1007620720160328175624647', 'CREDIT_BANK_PAYED', '5439855de4cc4ee1a6e42dab55a9c41e', 'W7083c151837a', '1000001', null, '30', 'BANK_DIRECT', '100088.00', 'ICBC', null, null, null, '2016-03-28 17:56:24', '2016-03-31 17:56:24', null, 'S', null, '2016-03-28 17:59:01', 'ICBC', null, null, '4000020829200148508', 'CMM593526901');
INSERT INTO `CIFPAY_TRD_BUSINESS` VALUES ('10082298672016041920125786', 'CREDIT_BANK_PAYED', 'e0289c4fabf34fe0999c46b44f5fcc3e', 'D0f6f307035b3', '1000001', null, '30', 'BANK_DIRECT', '1.00', 'ICBC', null, null, null, '2016-04-19 20:12:57', '2016-04-19 20:12:57', null, 'F', null, '2016-04-19 20:12:58', 'ICBC', null, null, '4000020829200148508', '银企直联提现');
INSERT INTO `CIFPAY_TRD_BUSINESS` VALUES ('10089063092016032814485392', 'CREDIT_BANK_PAYED', 'b213f326e7694f80bde506a94f577c09', 'W12034e85b04a', '1000001', null, '30', 'BANK_DIRECT', '100088.00', 'ICBC', null, null, null, '2016-03-28 14:48:53', '2016-03-31 14:48:53', null, 'S', null, '2016-03-28 14:54:08', 'ICBC', null, null, '4000020829200148508', 'CMM593476882');
INSERT INTO `CIFPAY_TRD_BUSINESS` VALUES ('101333932620160326155804155', 'CREDIT_BANK_PAYED', 'ca2de84f9e3c4421984e44a4e7781f47', 'orderId73ed2364f9c5471aa8ce0b0c8321406b', '111111', null, '50', 'THIRD_PAY', '1.00', 'ALIPAY', null, null, '13800138001', '2016-03-26 15:58:04', '2016-03-26 15:58:04', null, 'C', '0', '2016-03-26 15:58:04', 'ALIPAY', null, null, 'admin@et2t.com', '支付宝充值');
INSERT INTO `CIFPAY_TRD_BUSINESS` VALUES ('10177605142016042213484538', 'CREDIT_BANK_PAYED', '3990609727586304', 'W1461304094236', '1000001', null, '30', 'BANK_DIRECT', '1.00', 'ICBC', null, null, null, '2016-04-22 13:48:45', '2016-05-25 13:48:40', null, 'S', null, '2016-04-22 13:48:55', 'ICBC', null, null, '4000020829200148508', 'CMM595616883');
INSERT INTO `CIFPAY_TRD_BUSINESS` VALUES ('10204117882016042009415032', 'CREDIT_BANK_PAYED', 'a578d123427a4ca59b5d22d6c8db5622', 'D15d8de2f98e7', '1000001', null, '30', 'BANK_DIRECT', '1.00', 'ICBC', null, null, null, '2016-04-20 09:41:50', '2016-04-20 09:41:50', null, 'F', null, '2016-04-20 09:41:52', 'ICBC', null, null, '4000020829200148508', '银企直联提现');
INSERT INTO `CIFPAY_TRD_BUSINESS` VALUES ('10206501720160418154159416', 'CREDIT_BANK_PAYED', '270f68987ca14670aa372b8c252c2740', 'W1460964401779', '1000001', null, '30', 'BANK_DIRECT', '1.00', 'ICBC', null, null, null, '2016-04-18 15:41:59', '2016-05-01 15:41:59', null, 'F', null, '2016-04-18 15:42:04', 'ICBC', null, null, '4000020829200148508', '银企直联提现');
INSERT INTO `CIFPAY_TRD_BUSINESS` VALUES ('102251540920160416145507524', 'CREDIT_BANK_PAYED', '393ad78b63944f44b190e24720d2eb0e', 'C1826e203da41', '1000001', null, '50', 'THIRD_PAY', '1.00', 'ALIPAY', null, null, '13888888888', '2016-04-16 14:55:07', '2016-04-16 14:55:07', null, 'C', '0', '2016-04-16 14:55:07', 'ALIPAY', null, null, 'admin@et2t.com', '支付宝充值');
INSERT INTO `CIFPAY_TRD_BUSINESS` VALUES ('10248709632016032910034731', 'CREDIT_BANK_PAYED', '0771d74311c443ff9685e485c2ca7fb0', 'Wf2c861c1000e', '1000001', null, '30', 'BANK_DIRECT', '100088.00', 'ICBC', null, null, null, '2016-03-29 10:03:47', null, null, 'C', null, '2016-03-29 10:03:47', 'ICBC', null, null, '4000020829200148508', '银企直联提现');
INSERT INTO `CIFPAY_TRD_BUSINESS` VALUES ('10297711932016041816050041', 'CREDIT_BANK_PAYED', '5ff7cc732f584655b0a53006b3089b94', 'W1460958039313', '1000001', null, '30', 'BANK_DIRECT', '1.00', 'ICBC', null, null, null, '2016-04-18 16:05:00', '2016-05-25 16:05:00', null, 'S', null, '2016-04-18 16:05:08', 'ICBC', null, null, '4000020829200148508', 'CMM595136888');
INSERT INTO `CIFPAY_TRD_BUSINESS` VALUES ('103163898620160416145343144', 'CREDIT_BANK_PAYED', '97d0307ae43e41fab6a9241362505790', 'C8c5c0c661aec', '1000001', null, '50', 'THIRD_PAY', '99900.00', 'ALIPAY', null, null, '13888888888', '2016-04-16 14:53:43', '2016-04-16 14:53:43', null, 'C', '0', '2016-04-16 14:53:43', 'ALIPAY', null, null, 'admin@et2t.com', '支付宝充值');
INSERT INTO `CIFPAY_TRD_BUSINESS` VALUES ('10363414962016040116480588', 'CREDIT_BANK_PAYED', '769f4fa98300484fb2921f6119068dec', 'W1459498238178', '1000001', null, '30', 'BANK_DIRECT', '1.00', 'ICBC', null, null, null, '2016-04-01 16:48:05', '2016-04-01 16:48:05', null, 'E', null, '2016-04-01 16:48:10', 'PAB', null, null, '4000020829200148508', 'CMM594156891');
INSERT INTO `CIFPAY_TRD_BUSINESS` VALUES ('10457266592016050410355438', 'CREDIT_BANK_PAYED', '8290732947275776', 'W1462329267916', '1000001', null, '30', 'BANK_DIRECT', '1.00', 'ICBC', null, null, null, '2016-05-04 10:35:54', '2016-06-02 10:02:28', null, 'F', null, '2016-05-04 10:35:55', 'BOC', null, null, '123457', 'CMM596196885');
INSERT INTO `CIFPAY_TRD_BUSINESS` VALUES ('10499605920160416175528743', 'CREDIT_BANK_PAYED', 'f58312317a254d489d6b04bd38160868', 'Cd6b3564867f7', '1000001', null, '50', 'THIRD_PAY', '1.00', 'ALIPAY', null, null, '13888888888', '2016-04-16 17:55:28', '2016-04-16 17:55:28', null, 'C', '0', '2016-04-16 17:55:28', 'ALIPAY', null, null, 'admin@et2t.com', '支付宝充值');
INSERT INTO `CIFPAY_TRD_BUSINESS` VALUES ('10574179142016041811174143', 'CREDIT_BANK_PAYED', '8a8ed798b2874934887491d779005b06', 'W1460949160276', '1000001', null, '30', 'BANK_DIRECT', '1.00', 'ICBC', null, null, null, '2016-04-18 11:17:41', '2016-05-01 11:17:41', null, 'F', null, '2016-04-18 11:17:41', 'ICBC', null, null, '4000020829200148508', '银企直联提现');
INSERT INTO `CIFPAY_TRD_BUSINESS` VALUES ('10609101372016040109522665', 'CREDIT_BANK_PAYED', 'b3b151361f124c36b1d2a932f1553d13', 'W1459391727662', '1000001', null, '30', 'BANK_DIRECT', '1.00', 'ICBC', null, null, null, '2016-04-01 09:52:26', '2016-04-01 09:52:26', null, 'E', null, '2016-04-01 09:52:38', 'PAB', null, null, '4000020829200148508', 'CMM594076890');
INSERT INTO `CIFPAY_TRD_BUSINESS` VALUES ('10609736672016041912121544', 'CREDIT_BANK_PAYED', 'a0809650cef04e8dafcc1638863659cd', 'D71149be38f36', '1000001', null, '30', 'BANK_DIRECT', '1.00', 'ICBC', null, null, null, '2016-04-19 12:12:15', '2016-05-25 12:12:15', null, 'S', null, '2016-04-19 12:12:23', 'ICBC', null, null, '4000020829200148508', 'CMM595186885');
INSERT INTO `CIFPAY_TRD_BUSINESS` VALUES ('10678877742016041816011510', 'CREDIT_BANK_PAYED', 'a079f0ba2cc54750a81fbd719086a9d6', 'W1460958039313', '1000001', null, '30', 'BANK_DIRECT', '1.00', 'ICBC', null, null, null, '2016-04-18 16:01:15', '2016-05-25 16:01:15', null, 'F', null, '2016-04-18 16:01:40', 'ICBC', null, null, '4000020829200148508', '银企直联提现');
INSERT INTO `CIFPAY_TRD_BUSINESS` VALUES ('10686292462016041816151258', 'CREDIT_BANK_PAYED', '8e0bd8ba5eac4ba3ad312f98032ecad6', 'W1460966983141', '1000001', null, '30', 'BANK_DIRECT', '1.00', 'ICBC', null, null, null, '2016-04-18 16:15:12', '2016-05-25 16:15:12', null, 'F', null, '2016-04-18 16:15:26', 'ICBC', null, null, '4000020829200148508', '银企直联提现');
INSERT INTO `CIFPAY_TRD_BUSINESS` VALUES ('10754388842016042011013078', 'CREDIT_BANK_PAYED', '5de4bb53083b4ed48768f702e9699e5f', 'Df9a66e777b5b', '1000001', null, '30', 'BANK_DIRECT', '1.00', 'ICBC', null, null, null, '2016-04-20 11:01:30', '2016-05-25 10:54:28', null, 'S', null, '2016-04-20 11:02:04', 'ICBC', null, null, '4000020829200148508', 'CMM595396882');
INSERT INTO `CIFPAY_TRD_BUSINESS` VALUES ('10836936292016032415494534', 'CREDIT_BANK_PAYED', '7fea2c0d15c74c73b7092bd53f148b3d', 'W1458549208140', '1000001', null, '30', 'BANK_DIRECT', '100088.00', 'ICBC', null, null, null, '2016-03-24 15:49:45', '2016-03-25 15:49:45', null, 'F', null, '2016-03-24 15:49:48', 'ICBC', null, null, '4000020829200148508', 'CMM593266898');
INSERT INTO `CIFPAY_TRD_BUSINESS` VALUES ('10856522202016040116401977', 'CREDIT_BANK_PAYED', '4802c3836ab54d11bda9965fa9a1f993', 'W1459498238178', '1000001', null, '30', 'BANK_DIRECT', '1.00', 'ICBC', null, null, null, '2016-04-01 16:40:19', '2016-03-31 16:40:19', null, 'F', null, '2016-04-01 16:40:21', 'PAB', null, null, '4000020829200148508', '银企直联提现');
INSERT INTO `CIFPAY_TRD_BUSINESS` VALUES ('10857534422016041612503522', 'CREDIT_BANK_PAYED', '80d72d6154ad4463ad0aac37bac05604', 'W1460782174682', '1000001', null, '30', 'BANK_DIRECT', '1.00', 'ICBC', null, null, null, '2016-04-16 12:50:35', '2016-05-01 12:50:35', null, 'F', null, '2016-04-16 12:50:53', 'ICBC', null, null, '4000020829200148508', '银企直联提现');
INSERT INTO `CIFPAY_TRD_BUSINESS` VALUES ('10862147752016041918210940', 'CREDIT_BANK_PAYED', '4efe162cadc0475fb0017690609815eb', 'D6e6e2ea982e1', '1000001', null, '30', 'BANK_DIRECT', '1.00', 'ICBC', null, null, null, '2016-04-19 18:21:09', '2016-04-19 18:21:09', null, 'F', null, '2016-04-19 18:21:09', 'ICBC', null, null, '4000020829200148508', '银企直联提现');
INSERT INTO `CIFPAY_TRD_BUSINESS` VALUES ('10875947432016041820505656', 'CREDIT_BANK_PAYED', '8c12e82b835f4e699062ad5f0ff15fa0', 'Db30e2dc60053', '1000001', null, '30', 'BANK_DIRECT', '1.00', 'ICBC', null, null, null, '2016-04-18 20:50:56', '2016-05-25 20:50:56', null, 'F', null, '2016-04-18 20:50:57', 'ICBC', null, null, '4000020829200148508', '银企直联提现');
INSERT INTO `CIFPAY_TRD_BUSINESS` VALUES ('10962079392016040111000133', 'CREDIT_BANK_PAYED', '47a7cb4694f24ef8abe06db908ab8f5f', 'W1459477307963', '1000001', null, '30', 'BANK_DIRECT', '1.00', 'ICBC', null, null, null, '2016-04-01 11:00:01', '2016-04-01 11:00:01', null, 'F', null, '2016-04-01 11:00:04', 'PAB', null, null, '4000020829200148508', 'CMM594086891');
INSERT INTO `CIFPAY_TRD_BUSINESS` VALUES ('109791574920160421162950940', 'CREDIT_BANK_PAYED', '4e50dc1f9f584937b2c10a2562b53785', 'C74403e528d35', '1000001', null, '50', 'THIRD_PAY', '1.00', 'ALIPAY', null, null, '13888888888', '2016-04-21 16:29:50', '2016-04-21 16:29:50', null, 'C', '0', '2016-04-21 16:29:50', 'ALIPAY', null, null, 'admin@et2t.com', '支付宝充值');
INSERT INTO `CIFPAY_TRD_BUSINESS` VALUES ('109852817620160415161323571', 'CREDIT_BANK_PAYED', 'c326b80f37ff4fedb3034d35f816b46b', 'W20160328112789498739', '1000001', null, '50', 'THIRD_PAY', '1.00', 'ALIPAY', null, null, '13800138001', '2016-04-15 16:13:23', '2016-04-15 16:13:23', null, 'C', '0', '2016-04-15 16:13:23', 'ALIPAY', null, null, 'admin@et2t.com', '支付宝充值');
INSERT INTO `CIFPAY_TRD_BUSINESS` VALUES ('11038930852016040111033490', 'CREDIT_BANK_PAYED', 'a9ebc3b1b8ad46a2ac30767300e3ca90', 'W1459477307963', '1000001', null, '30', 'BANK_DIRECT', '1.00', 'ICBC', null, null, null, '2016-04-01 11:03:34', '2016-04-01 11:03:34', null, 'F', null, '2016-04-01 11:03:45', 'PAB', null, null, '4000020829200148508', 'CMM594086894');
INSERT INTO `CIFPAY_TRD_BUSINESS` VALUES ('11114515602016040111055060', 'CREDIT_BANK_PAYED', '502cf28ebab545c490f6ed007b1de4fb', 'W1459477307963', '1000001', null, '30', 'BANK_DIRECT', '1.00', 'ICBC', null, null, null, '2016-04-01 11:05:50', '2016-04-01 11:05:50', null, 'E', null, '2016-04-01 11:06:00', 'PAB', null, null, '4000020829200148508', 'CMM594086895');
INSERT INTO `CIFPAY_TRD_BUSINESS` VALUES ('11166244052016041811031934', 'CREDIT_BANK_PAYED', 'ea29f80dc6b2412b852dabfa12b04150', 'W1460947479570', '1000001', null, '30', 'BANK_DIRECT', '1.00', 'ICBC', null, null, null, '2016-04-18 11:03:19', null, null, 'F', null, '2016-04-18 11:03:19', 'ICBC', null, null, '4000020829200148508', '银企直联提现');
INSERT INTO `CIFPAY_TRD_BUSINESS` VALUES ('11367978022016041815442332', 'CREDIT_BANK_PAYED', 'bbe3b36539d64346aab781c9a0c9a810', 'W1460964401779', '1000001', null, '30', 'BANK_DIRECT', '1.00', 'ICBC', null, null, null, '2016-04-18 15:44:23', '2016-05-25 15:44:23', null, 'S', null, '2016-04-18 15:44:38', 'ICBC', null, null, '4000020829200148508', 'CMM595136885');
INSERT INTO `CIFPAY_TRD_BUSINESS` VALUES ('11385979720160420141011339', 'CREDIT_BANK_PAYED', '24ad0695cc5941f3aaf6afa9f4037054', 'D11ce0424c44e', '1000001', null, '30', 'BANK_DIRECT', '1.00', 'ICBC', null, null, null, '2016-04-20 14:10:11', '2016-05-25 14:03:08', null, 'S', null, '2016-04-20 14:10:16', 'ICBC', null, null, '4000020829200148508', 'CMM595446886');
INSERT INTO `CIFPAY_TRD_BUSINESS` VALUES ('11465712722016041813442482', 'CREDIT_BANK_PAYED', 'f2b05b8afe7d493c96ed1d40c25b1cc1', 'W1460958240840', '1000001', null, '30', 'BANK_DIRECT', '1.00', 'ICBC', null, null, null, '2016-04-18 13:44:24', null, null, 'C', null, '2016-04-18 13:44:24', 'ICBC', null, null, '4000020829200148508', '银企直联提现');
INSERT INTO `CIFPAY_TRD_BUSINESS` VALUES ('11488119702016040116344458', 'CREDIT_BANK_PAYED', '04b6bd2c65ae42c88b2985a7608db845', 'W1459498238178', '1000001', null, '30', 'BANK_DIRECT', '1.00', 'ICBC', null, null, null, '2016-04-01 16:34:44', '2016-03-31 16:34:44', null, 'F', null, '2016-04-01 16:34:47', 'PAB', null, null, '4000020829200148508', '银企直联提现');
INSERT INTO `CIFPAY_TRD_BUSINESS` VALUES ('11504931732016042011512844', 'CREDIT_BANK_PAYED', '0ce2581fe8eb4462b8879c9ee132d39e', 'D41f79ec4b4cd', '1000001', null, '30', 'BANK_DIRECT', '1.00', 'ICBC', null, null, null, '2016-04-20 11:51:28', '2016-05-25 11:44:25', null, 'S', null, '2016-04-20 11:51:33', 'ICBC', null, null, '4000020829200148508', 'CMM595406887');
INSERT INTO `CIFPAY_TRD_BUSINESS` VALUES ('11601052812016032909504168', 'CREDIT_BANK_PAYED', '3bfb489315df45ccb5dc51fca082dc64', 'Wcd9d13822fd6', '1000001', null, '30', 'BANK_DIRECT', '100088.00', 'ICBC', null, null, null, '2016-03-29 09:50:41', null, null, 'C', null, '2016-03-29 09:50:41', 'ICBC', null, null, '4000020829200148508', '银企直联提现');
INSERT INTO `CIFPAY_TRD_BUSINESS` VALUES ('116053031620160421143325297', 'CREDIT_BANK_PAYED', 'e1df96853346452fb8811f3bad1be245', '1461220358999', '1000001', null, '50', 'THIRD_PAY', '1.00', 'ALIPAY', null, null, '18812341234', '2016-04-21 14:33:25', '2016-04-21 14:33:25', null, 'C', '0', '2016-04-21 14:33:25', 'ALIPAY', null, null, 'admin@et2t.com', '支付宝充值');
INSERT INTO `CIFPAY_TRD_BUSINESS` VALUES ('11630522172016041514382459', 'CREDIT_BANK_PAYED', '4ebc41083e59464b84d2293be483d127', 'W1460702282427', '1000001', null, '30', 'BANK_DIRECT', '1.00', 'ICBC', null, null, null, '2016-04-15 14:38:24', null, null, 'C', null, '2016-04-15 14:38:24', 'ICBC', null, null, '4000020829200148508', '银企直联提现');
INSERT INTO `CIFPAY_TRD_BUSINESS` VALUES ('11669376702016032615592625', 'CREDIT_BANK_PAYED', '8ade2e1401534baf938060978982642c', 'b028e477cd7d4ceb8c4c1eef0c36d54d', '1000001', null, '30', 'BANK_DIRECT', '1.00', 'test', null, null, null, '2016-03-26 15:59:26', '2016-03-25 15:59:26', null, 'F', null, '2016-03-26 15:59:28', 'test', null, null, '4000020829200148508', '银企直联提现');
INSERT INTO `CIFPAY_TRD_BUSINESS` VALUES ('11851310072016032415425345', 'CREDIT_BANK_PAYED', '2e99b14eeabf4de5b413e119a21de6c2', 'W1458549208140', '1000001', null, '30', 'BANK_DIRECT', '1.00', 'ICBC', null, null, null, '2016-03-24 15:42:53', '2016-03-25 15:42:53', null, 'F', null, '2016-03-24 15:42:56', 'ICBC', null, null, '4000020829200148508', 'CMM593266893');
INSERT INTO `CIFPAY_TRD_BUSINESS` VALUES ('118547982220160416173959700', 'CREDIT_BANK_PAYED', '0670be7b6ab24a1987d2ea483b6aac8d', 'C79a1cc08df00', '1000001', null, '50', 'THIRD_PAY', '99900.00', 'ALIPAY', null, null, '13888888888', '2016-04-16 17:39:59', '2016-04-16 17:39:59', null, 'C', '0', '2016-04-16 17:39:59', 'ALIPAY', null, null, 'admin@et2t.com', '支付宝充值');
INSERT INTO `CIFPAY_TRD_BUSINESS` VALUES ('11863814020160416162035952', 'CREDIT_BANK_PAYED', 'bfa6172ff6f449178a5f9c42b554b1eb', 'C55ea8d29d796', '1000001', null, '50', 'THIRD_PAY', '99900.00', 'ALIPAY', null, null, '13888888888', '2016-04-16 16:20:36', '2016-04-16 16:20:36', null, 'C', '0', '2016-04-16 16:20:36', 'ALIPAY', null, null, 'admin@et2t.com', '支付宝充值');
INSERT INTO `CIFPAY_TRD_BUSINESS` VALUES ('11952773182016032813280016', 'CREDIT_BANK_PAYED', '866fc856fa024ad092866d7797144ca8', 'W20160328112841', '1000001', null, '30', 'BANK_DIRECT', '100088.00', 'ICBC', null, null, null, '2016-03-28 13:28:00', '2016-03-25 13:28:00', null, 'F', null, '2016-03-28 13:28:02', 'ICBC', null, null, '4000020829200148508', '银企直联提现');
INSERT INTO `CIFPAY_TRD_BUSINESS` VALUES ('1210147165201604011821271', 'ICBC', 'ICBC_201604011821274', 'orderId', 'thirdId', 'CREDIT_TO_OPEN', '1', 'tradeChnId', '20.00', 'ICBC', '4412xxxxx12315xxx', '4412xxxxx12315xxx', '13012341234', '2016-04-01 18:21:27', '2016-03-15 00:00:00', '2016-03-16 00:00:00', 'S', '1', '2016-04-01 00:00:00', 'ICBC', 'recvBankCardNo', null, 'recvBankAccno', 'remark');
INSERT INTO `CIFPAY_TRD_BUSINESS` VALUES ('12212281422016042009510416', 'CREDIT_BANK_PAYED', 'e2ef41e7f67f4dd7be27c840e92fec3c', 'Db75a60f72bdb', '1000001', null, '30', 'BANK_DIRECT', '1.00', 'ICBC', null, null, null, '2016-04-20 09:51:04', '2016-04-20 09:51:04', null, 'F', null, '2016-04-20 09:51:05', 'ICBC', null, null, '4000020829200148508', '银企直联提现');
INSERT INTO `CIFPAY_TRD_BUSINESS` VALUES ('123805405820160416173347427', 'CREDIT_BANK_PAYED', '092e5bcde3654e8bba1afdfd95ef3bcd', 'C39fb9af62582', '1000001', null, '50', 'THIRD_PAY', '99900.00', 'ALIPAY', null, null, '13888888888', '2016-04-16 17:33:47', '2016-04-16 17:33:47', null, 'C', '0', '2016-04-16 17:33:47', 'ALIPAY', null, null, 'admin@et2t.com', '支付宝充值');
INSERT INTO `CIFPAY_TRD_BUSINESS` VALUES ('124047698320160421142442566', 'CREDIT_BANK_PAYED', '04d8dc68187548d88a48b3205efc95c1', '20160421142419760855', '1000001', null, '50', 'THIRD_PAY', '1000.00', 'ALIPAY', null, null, null, '2016-04-21 14:24:42', '2016-04-21 14:24:42', null, 'C', '0', '2016-04-21 14:24:42', 'ALIPAY', null, null, 'admin@et2t.com', '支付宝充值');
INSERT INTO `CIFPAY_TRD_BUSINESS` VALUES ('12405599052016041513043316', 'CREDIT_BANK_PAYED', '395bb6f12e844d4a9dee9cffd7f7d097', 'W1460691409301', '1000001', null, '30', 'BANK_DIRECT', '1.00', 'ICBC', null, null, null, '2016-04-15 13:04:33', null, null, 'F', null, '2016-04-15 13:09:33', 'ICBC', null, null, '4000020829200148508', '银企直联提现');
INSERT INTO `CIFPAY_TRD_BUSINESS` VALUES ('12409646122016033016353078', 'CREDIT_BANK_PAYED', 'dc1ccc7c25c84b24b31b1689e7fdeaf1', 'W1459326895990', '1000001', null, '30', 'BANK_DIRECT', '1.00', 'ICBC', null, null, null, '2016-03-30 16:35:30', '2016-03-31 16:35:30', null, 'F', null, '2016-03-30 16:35:35', 'ICBC', null, null, '4000020829200148508', 'CMM593806883');
INSERT INTO `CIFPAY_TRD_BUSINESS` VALUES ('12414178572016032909365685', 'CREDIT_BANK_PAYED', '98ce4c61b72345e298b01bb8538fa0be', 'Wd96be489d10b', '1000001', null, '30', 'BANK_DIRECT', '100088.00', 'ICBC', null, null, null, '2016-03-29 09:36:56', '2016-03-31 09:36:56', null, 'S', null, '2016-03-29 09:37:05', 'ICBC', null, null, '4000020829200148508', 'CMM593566884');
INSERT INTO `CIFPAY_TRD_BUSINESS` VALUES ('12485708322016032810014328', 'CREDIT_BANK_PAYED', '674dd1fcff3a4d0893f0b9efe183e089', 'W1458549208140', '1000001', null, '30', 'BANK_DIRECT', '1.00', 'ICBC', null, null, null, '2016-03-28 10:01:43', '2016-03-31 10:01:44', null, 'S', null, '2016-03-28 10:02:21', 'ICBC', null, null, '4000020829200148508', 'CMM593386882');
INSERT INTO `CIFPAY_TRD_BUSINESS` VALUES ('12543811372016041811395625', 'CREDIT_BANK_PAYED', 'ca597e95f3c64447a11d6b64032067b3', 'W1460949160276', '1000001', null, '30', 'BANK_DIRECT', '1.00', 'ICBC', null, null, null, '2016-04-18 11:39:56', null, null, 'F', null, '2016-04-18 11:41:16', 'ICBC', null, null, '4000020829200148508', '银企直联提现');
INSERT INTO `CIFPAY_TRD_BUSINESS` VALUES ('12599342242016032916521975', 'CREDIT_BANK_PAYED', '225f4f76e6af4df680aa6376225c594f', 'W1459215483249', '1000001', null, '30', 'BANK_DIRECT', '1.00', 'ICBC', null, null, null, '2016-03-29 16:52:19', null, null, 'C', null, '2016-03-29 16:52:19', 'ICBC', null, null, '4000020829200148508', '银企直联提现');
INSERT INTO `CIFPAY_TRD_BUSINESS` VALUES ('12751933362016033110384889', 'CREDIT_BANK_PAYED', 'b406d2c2314e4740b29902961823d89c', 'W1459391727662', '1000001', null, '30', 'BANK_DIRECT', '1.00', 'ICBC', null, null, null, '2016-03-31 10:38:48', '2016-03-31 10:38:48', null, 'F', null, '2016-03-31 10:38:54', 'PAB', null, null, '4000020829200148508', 'CMM593866882');
INSERT INTO `CIFPAY_TRD_BUSINESS` VALUES ('1279313382201604221331201', 'CREDIT_BANK_PAYED', '3986224704389120', 'W1461293895444', '1000001', null, '30', 'BANK_DIRECT', '1.00', 'ICBC', null, null, null, '2016-04-22 13:31:20', '2016-04-22 13:31:20', null, 'F', null, '2016-04-22 13:31:21', 'ICBC', null, null, '4000020829200148508', '银企直联提现');
INSERT INTO `CIFPAY_TRD_BUSINESS` VALUES ('12822904892016041816022299', 'CREDIT_BANK_PAYED', '03d60986b84b41edbad2cf9b374c42e8', 'W1460958039313', '1000001', null, '30', 'BANK_DIRECT', '1.00', 'ICBC', null, null, null, '2016-04-18 16:02:22', '2016-05-25 16:02:23', null, 'F', null, '2016-04-18 16:02:27', 'ICBC', null, null, '4000020829200148508', '银企直联提现');
INSERT INTO `CIFPAY_TRD_BUSINESS` VALUES ('12828837842016040110084415', 'CREDIT_BANK_PAYED', 'a0fe347c51464b1a8336353920341b6a', 'W1459475995432', '1000001', null, '30', 'BANK_DIRECT', '1.00', 'ICBC', null, null, null, '2016-04-01 10:08:44', '2016-04-01 10:08:44', null, 'E', null, '2016-04-01 10:08:53', 'PAB', null, null, '4000020829200148508', 'CMM594076897');
INSERT INTO `CIFPAY_TRD_BUSINESS` VALUES ('128602463720160421162931321', 'CREDIT_BANK_PAYED', 'a095dab7cc6c41cf95967e216a144d4c', 'Cdc0f6856ac0f', '1000001', null, '50', 'THIRD_PAY', '1.00', 'ALIPAY', null, null, '13888888888', '2016-04-21 16:29:31', '2016-04-21 16:29:31', null, 'C', '0', '2016-04-21 16:29:31', 'ALIPAY', null, null, 'admin@et2t.com', '支付宝充值');
INSERT INTO `CIFPAY_TRD_BUSINESS` VALUES ('12867133752016032415442724', 'CREDIT_BANK_PAYED', '7cc730d651894cceb340b3eb7862eab2', 'W1458549208140', '1000001', null, '30', 'BANK_DIRECT', '1.00', 'ICBC', null, null, null, '2016-03-24 15:44:27', '2016-03-25 15:44:27', null, 'F', null, '2016-03-24 15:44:30', 'ICBC', null, null, '4000020829200148508', 'CMM593266894');
INSERT INTO `CIFPAY_TRD_BUSINESS` VALUES ('128776231820160421162951829', 'CREDIT_BANK_PAYED', '7457d407f19148aaab7e4a034faeba56', 'Cbb0257249a0a', '1000001', null, '50', 'THIRD_PAY', '1.00', 'ALIPAY', null, null, '13888888888', '2016-04-21 16:29:51', '2016-04-21 16:29:51', null, 'C', '0', '2016-04-21 16:29:51', 'ALIPAY', null, null, 'admin@et2t.com', '支付宝充值');
INSERT INTO `CIFPAY_TRD_BUSINESS` VALUES ('12905600752016040111130179', 'CREDIT_BANK_PAYED', '7ad8e1ad909f41199ce86a06f497cf46', 'W1459477307963', '1000001', null, '30', 'BANK_DIRECT', '1.00', 'ICBC', null, null, null, '2016-04-01 11:13:01', '2016-04-01 11:13:01', null, 'E', null, '2016-04-01 11:13:14', 'PAB', null, null, '4000020829200148508', 'CMM594086897');
INSERT INTO `CIFPAY_TRD_BUSINESS` VALUES ('129204961820160421145345115', 'CREDIT_BANK_PAYED', '8a0d149c95f245e9aa7433f9110cce06', 'C9a630f7e5b79', '1000001', null, '50', 'THIRD_PAY', '1.00', 'ALIPAY', null, null, '18812341234', '2016-04-21 14:53:45', '2016-04-21 14:53:45', null, 'C', '0', '2016-04-21 14:53:45', 'ALIPAY', null, null, 'admin@et2t.com', '支付宝充值');
INSERT INTO `CIFPAY_TRD_BUSINESS` VALUES ('12921443620160329171128659', 'CREDIT_BANK_PAYED', 'c73073fa2ccb4ff8876bc9c5822848b3', 'Wab2a80a4c062', '1000001', null, '30', 'BANK_DIRECT', '100088.00', 'ICBC', null, null, null, '2016-03-29 17:11:28', '2016-03-31 17:11:28', null, 'S', null, '2016-03-29 17:11:35', 'ICBC', null, null, '4000020829200148508', 'CMM593666887');
INSERT INTO `CIFPAY_TRD_BUSINESS` VALUES ('12be76682f1f54a20160322184334392', 'CREDIT_BANK_PAYED', 'e9586d84e23d45c3912be76682f1f54a', 'orderId48588604-651f-4297-943c-469e01c8115c', '2223334455567', null, '50', '3RD_ALIPAY', '1.00', 'ALIPAY', null, null, '13800138001', '2016-03-22 18:43:34', '2016-03-22 18:43:34', null, 'C', null, '2016-03-22 18:43:34', 'ALIPAY', null, null, 'admin@et2t.com', '支付宝充值');
INSERT INTO `CIFPAY_TRD_BUSINESS` VALUES ('130387975720160419105008278', 'CREDIT_BANK_PAYED', '716ec1aedbb04a8aacdc34069cc32f22', 'C452c85056240', '1000001', null, '50', 'THIRD_PAY', '1.00', 'ALIPAY', null, null, '13888888888', '2016-04-19 10:50:08', '2016-04-19 10:50:08', null, 'C', '0', '2016-04-19 10:50:08', 'ALIPAY', null, null, 'admin@et2t.com', '支付宝充值');
INSERT INTO `CIFPAY_TRD_BUSINESS` VALUES ('13054086642016041816051711', 'CREDIT_BANK_PAYED', 'f9384cfd8ed34213bb1987bc42255bab', 'W1460958039313', '1000001', null, '30', 'BANK_DIRECT', '1.00', 'ICBC', null, null, null, '2016-04-18 16:05:17', '2016-05-25 16:05:17', null, 'F', null, '2016-04-18 16:05:17', 'ICBC', null, null, '4000020829200148508', '银企直联提现');
INSERT INTO `CIFPAY_TRD_BUSINESS` VALUES ('13061055972016032811382336', 'CREDIT_BANK_PAYED', 'da6fc964e66b4254b8fa7f7a657eea1f', 'W20160328112841', '1000001', null, '30', 'BANK_DIRECT', '100088.00', 'ICBC', null, null, null, '2016-03-28 11:38:23', '2016-03-25 11:38:23', null, 'F', null, '2016-03-28 11:38:25', 'ICBC', null, null, '4000020829200148508', '银企直联提现');
INSERT INTO `CIFPAY_TRD_BUSINESS` VALUES ('13102748682016032909483094', 'CREDIT_BANK_PAYED', '434f65b1d5444ea594c717c2ba6d44e3', 'W398489e62725', '1000001', null, '30', 'BANK_DIRECT', '100088.00', 'ICBC', null, null, null, '2016-03-29 09:48:30', null, null, 'F', null, '2016-03-29 09:48:34', 'ICBC', null, null, '4000020829200148508', '银企直联提现');
INSERT INTO `CIFPAY_TRD_BUSINESS` VALUES ('13127254212016032415252527', 'CREDIT_BANK_PAYED', 'd726ae46763a48a3b0d13a9e8d7b8856', 'W1458549208140', '1000001', null, '30', 'BANK_DIRECT', '1.00', 'ICBC', null, null, null, '2016-03-24 15:25:25', '2016-03-25 15:25:25', null, 'F', null, '2016-03-24 15:25:28', 'ICBC', null, null, '4000020829200148508', 'CMM593266887');
INSERT INTO `CIFPAY_TRD_BUSINESS` VALUES ('13168493682016032916520144', 'CREDIT_BANK_PAYED', '0099c28320f145eeae20b346ea91fd9f', 'W0e39210cbb67', '1000001', null, '30', 'BANK_DIRECT', '100088.00', 'ICBC', null, null, null, '2016-03-29 16:52:01', '2016-03-25 16:52:01', null, 'F', null, '2016-03-29 16:52:03', 'ICBC', null, null, '4000020829200148508', '银企直联提现');
INSERT INTO `CIFPAY_TRD_BUSINESS` VALUES ('13271746882016041814191415', 'CREDIT_BANK_PAYED', 'ea381fe375b24049b05da9009b1bc3d2', 'W1460958039313', '1000001', null, '30', 'BANK_DIRECT', '1.00', 'ICBC', null, null, null, '2016-04-18 14:19:14', null, null, 'F', null, '2016-04-18 14:19:14', 'ICBC', null, null, '4000020829200148508', '银企直联提现');
INSERT INTO `CIFPAY_TRD_BUSINESS` VALUES ('132873832820160328182331395', 'CREDIT_BANK_PAYED', '7bc3234c94ff4a758cb5655ba1f88344', 'W3007e810ba4a', '1000001', null, '50', 'THIRD_PAY', '100.00', 'ALIPAY', null, null, '13800138001', '2016-03-28 18:23:31', '2016-03-28 18:23:31', null, 'C', '0', '2016-03-28 18:23:31', 'ALIPAY', null, null, 'admin@et2t.com', '支付宝充值');
INSERT INTO `CIFPAY_TRD_BUSINESS` VALUES ('13307812112016032811454738', 'CREDIT_BANK_PAYED', '490bb41abf2b48ecbde52f302289bc2c', 'W20160328112841', '1000001', null, '30', 'BANK_DIRECT', '100088.00', 'ICBC', null, null, null, '2016-03-28 11:45:47', '2016-03-25 11:45:47', null, 'F', null, '2016-03-28 11:45:50', 'ICBC', null, null, '4000020829200148508', '银企直联提现');
INSERT INTO `CIFPAY_TRD_BUSINESS` VALUES ('13327283732016032916540680', 'CREDIT_BANK_PAYED', '0abdccc4066043728c44b8bb1e520a7a', 'W49c6dbf682be', '1000001', null, '30', 'BANK_DIRECT', '100088.00', 'ICBC', null, null, null, '2016-03-29 16:54:06', '2016-03-25 16:54:06', null, 'F', null, '2016-03-29 16:56:05', 'ICBC', null, null, '4000020829200148508', '银企直联提现');
INSERT INTO `CIFPAY_TRD_BUSINESS` VALUES ('13328037422016041816305738', 'CREDIT_BANK_PAYED', 'f6844839aa794570be89416e44cd0340', 'W1460966983141', '1000001', null, '30', 'BANK_DIRECT', '1.00', 'ICBC', null, null, null, '2016-04-18 16:30:57', '2016-05-25 16:30:57', null, 'F', null, '2016-04-18 16:30:57', 'ICBC', null, null, '4000020829200148508', '银企直联提现');
INSERT INTO `CIFPAY_TRD_BUSINESS` VALUES ('13372355422016041616153375', 'CREDIT_BANK_PAYED', '6a70e3794c8b46eca4b465d8754fdf2e', 'W1460713097001', '1000001', null, '30', 'BANK_DIRECT', '1.00', 'ICBC', null, null, null, '2016-04-16 16:15:33', null, null, 'F', null, '2016-04-16 16:15:36', 'ICBC', null, null, '4000020829200148508', '银企直联提现');
INSERT INTO `CIFPAY_TRD_BUSINESS` VALUES ('133918559320160415180145727', 'CREDIT_BANK_PAYED', '0d7a61952d3e4663835d641c6040a211', 'W2016045622889', '1000001', null, '50', 'THIRD_PAY', '1.00', 'ALIPAY', null, null, '13800138001', '2016-04-15 18:01:45', '2016-04-15 18:01:45', null, 'C', '0', '2016-04-15 18:01:45', 'ALIPAY', null, null, 'admin@et2t.com', '支付宝充值');
INSERT INTO `CIFPAY_TRD_BUSINESS` VALUES ('13474327722016040116465410', 'CREDIT_BANK_PAYED', 'ee5d8d0a41574a988de060ea4fb47025', 'W1459498238178', '1000001', null, '30', 'BANK_DIRECT', '1.00', 'ICBC', null, null, null, '2016-04-01 16:46:54', '2016-04-01 16:46:54', null, 'F', null, '2016-04-01 16:46:56', 'PAB', null, null, '4000020829200148508', '银企直联提现');
INSERT INTO `CIFPAY_TRD_BUSINESS` VALUES ('134760129520160420145315700', 'CREDIT_BANK_PAYED', 'efd6368646094afeaf77de2bb806d6ee', '201604200002', '1000001', null, '50', 'THIRD_PAY', '1.00', 'ALIPAY', null, null, '18635545958', '2016-04-20 14:53:15', '2016-04-20 14:53:15', null, 'C', '0', '2016-04-20 14:53:15', 'ALIPAY', null, null, 'admin@et2t.com', '支付宝充值');
INSERT INTO `CIFPAY_TRD_BUSINESS` VALUES ('13478861422016041513143994', 'CREDIT_BANK_PAYED', 'a7da74efa213440380f5c3b636dae452', 'W1460697192587', '1000001', null, '30', 'BANK_DIRECT', '1.00', 'ICBC', null, null, null, '2016-04-15 13:14:39', null, null, 'C', null, '2016-04-15 13:14:39', 'ICBC', null, null, '4000020829200148508', '银企直联提现');
INSERT INTO `CIFPAY_TRD_BUSINESS` VALUES ('135189035520160415192241329', 'CREDIT_BANK_PAYED', '66ee969b339644a78ee35a40600e4468', 'Wba301422e06f', '1000001', null, '50', 'THIRD_PAY', '1.00', 'ALIPAY', null, null, '13800138001', '2016-04-15 19:22:41', '2016-04-15 19:22:41', null, 'C', '0', '2016-04-15 19:22:41', 'ALIPAY', null, null, 'admin@et2t.com', '支付宝充值');
INSERT INTO `CIFPAY_TRD_BUSINESS` VALUES ('135511751520160418193359331', 'CREDIT_BANK_PAYED', '8b887671bca649dd946101b8363ae411', 'Cc0f3e1de49b0', '1000001', null, '50', 'THIRD_PAY', '1.00', 'ALIPAY', null, null, '13888888888', '2016-04-18 19:33:59', '2016-04-18 19:33:59', null, 'C', '0', '2016-04-18 19:33:59', 'ALIPAY', null, null, 'admin@et2t.com', '支付宝充值');
INSERT INTO `CIFPAY_TRD_BUSINESS` VALUES ('13625060552016041614273573', 'CREDIT_BANK_PAYED', 'c0446963b62b4c79a6a32b99d5027e76', 'W1460788020694', '1000001', null, '30', 'BANK_DIRECT', '1.00', 'ICBC', null, null, null, '2016-04-16 14:27:35', '2016-05-01 14:27:35', null, 'S', null, '2016-04-16 14:27:49', 'ICBC', null, null, '4000020829200148508', 'CMM595096883');
INSERT INTO `CIFPAY_TRD_BUSINESS` VALUES ('13846416212016041616342363', 'CREDIT_BANK_PAYED', '84e643e39ae248beae4cda003b6c71a0', 'C7d01e3572566', '1000001', null, '50', 'THIRD_PAY', '99900.00', 'ALIPAY', null, null, '13888888888', '2016-04-16 16:34:23', '2016-04-16 16:34:23', null, 'C', '0', '2016-04-16 16:34:23', 'ALIPAY', null, null, 'admin@et2t.com', '支付宝充值');
INSERT INTO `CIFPAY_TRD_BUSINESS` VALUES ('138653812120160420150211374', 'CREDIT_BANK_PAYED', 'b8cd7eef02d8476c98108c53a5477f42', '201604200003', '1000001', null, '50', 'THIRD_PAY', '1.00', 'ALIPAY', null, null, '18635545958', '2016-04-20 15:02:11', '2016-04-20 15:02:11', null, 'C', '0', '2016-04-20 15:02:11', 'ALIPAY', null, null, 'admin@et2t.com', '支付宝充值');
INSERT INTO `CIFPAY_TRD_BUSINESS` VALUES ('138734547620160420134809734', 'CREDIT_BANK_PAYED', 'b9a031732da1445ab0a0b14c2dd6c4ca', '201604200001', '1000001', null, '50', 'THIRD_PAY', '1.00', 'ALIPAY', null, null, '18635545958', '2016-04-20 13:48:09', '2016-04-20 13:48:09', null, 'C', '0', '2016-04-20 13:48:09', 'ALIPAY', null, null, 'admin@et2t.com', '支付宝充值');
INSERT INTO `CIFPAY_TRD_BUSINESS` VALUES ('139590069320160421171841721', 'CREDIT_BANK_PAYED', '440c6b6c4e6f475a941e95276e517f27', '20160421171843508873', '1000001', null, '50', 'THIRD_PAY', '1000.00', 'ALIPAY', null, null, null, '2016-04-21 17:18:41', '2016-04-21 17:18:41', null, 'C', '0', '2016-04-21 17:18:41', 'ALIPAY', null, null, 'admin@et2t.com', '支付宝充值');
INSERT INTO `CIFPAY_TRD_BUSINESS` VALUES ('14023874252016042011101141', 'CREDIT_BANK_PAYED', '5070bb7f5c7c4eaa87a328d56a3970de', 'D0ee09425ddee', '1000001', null, '30', 'BANK_DIRECT', '1.00', 'ICBC', null, null, null, '2016-04-20 11:10:11', '2016-05-25 11:03:08', null, 'S', null, '2016-04-20 11:10:21', 'ICBC', null, null, '4000020829200148508', 'CMM595396887');
INSERT INTO `CIFPAY_TRD_BUSINESS` VALUES ('14059536402016042009260312', 'CREDIT_BANK_PAYED', 'afac26e4bb014ad595320a4bb4c89216', 'D3046da9ac81d', '1000001', null, '30', 'BANK_DIRECT', '1.00', 'ICBC', null, null, null, '2016-04-20 09:26:03', '2016-04-20 09:26:03', null, 'F', null, '2016-04-20 09:26:05', 'ICBC', null, null, '4000020829200148508', '银企直联提现');
INSERT INTO `CIFPAY_TRD_BUSINESS` VALUES ('14124729702016041516182410', 'CREDIT_BANK_PAYED', '6c74ba0d8931440bad24c5260b594a7a', 'W201603281123243235', '1000001', null, '50', 'THIRD_PAY', '1.00', 'ALIPAY', null, null, '13800138001', '2016-04-15 16:18:24', '2016-04-15 16:18:24', null, 'C', '0', '2016-04-15 16:18:24', 'ALIPAY', null, null, 'admin@et2t.com', '支付宝充值');
INSERT INTO `CIFPAY_TRD_BUSINESS` VALUES ('142624086920160418103437312', 'CREDIT_BANK_PAYED', 'cf69d01b972e4a3e9629c155057cdd3b', 'C54189f1cb020', '1000001', null, '50', 'THIRD_PAY', '1.00', 'ALIPAY', null, '18664556639', '13888888888', '2016-04-18 10:34:37', '2016-04-18 10:36:33', '2016-04-18 14:01:30', 'S', '1', '2016-04-18 14:01:30', 'ALIPAY', null, null, 'admin@et2t.com', '支付宝充值');
INSERT INTO `CIFPAY_TRD_BUSINESS` VALUES ('14300052472016032909594557', 'CREDIT_BANK_PAYED', '8ff757b92cc94837809016634e53d1e0', 'W8eb1a5b09c20', '1000001', null, '30', 'BANK_DIRECT', '100088.00', 'ICBC', null, null, null, '2016-03-29 09:59:45', null, null, 'C', null, '2016-03-29 09:59:45', 'ICBC', null, null, '4000020829200148508', '银企直联提现');
INSERT INTO `CIFPAY_TRD_BUSINESS` VALUES ('14386136622016032909373247', 'CREDIT_BANK_PAYED', '4d056e05b93f410c9463786629f80988', 'W1459215483249', '1000001', null, '30', 'BANK_DIRECT', '1.00', 'ICBC', null, null, null, '2016-03-29 09:37:32', null, null, 'F', null, '2016-03-29 09:44:42', 'ICBC', null, null, '4000020829200148508', '银企直联提现');
INSERT INTO `CIFPAY_TRD_BUSINESS` VALUES ('14415948572016042213314336', 'CREDIT_BANK_PAYED', '3986322637193216', 'W1461293895444', '1000001', null, '30', 'BANK_DIRECT', '1.00', 'ICBC', null, null, null, '2016-04-22 13:31:43', '2016-04-22 13:31:43', null, 'F', null, '2016-04-22 13:31:44', 'ICBC', null, null, '4000020829200148508', '银企直联提现');
INSERT INTO `CIFPAY_TRD_BUSINESS` VALUES ('14534564042016032909584773', 'CREDIT_BANK_PAYED', '69f0ed9fa25d4bf79490f5ca04339093', 'W166c01659a33', '1000001', null, '30', 'BANK_DIRECT', '100088.00', 'ICBC', null, null, null, '2016-03-29 09:58:47', '2016-03-31 09:58:47', null, 'S', null, '2016-03-29 10:08:45', 'ICBC', null, null, '4000020829200148508', 'CMM593576892');
INSERT INTO `CIFPAY_TRD_BUSINESS` VALUES ('14598395102016050410313789', 'CREDIT_BANK_PAYED', '8289656818892800', 'W1462329078429', '1000001', null, '30', 'BANK_DIRECT', '1.00', 'ICBC', null, null, null, '2016-05-04 10:31:37', '2016-05-04 10:31:38', null, 'F', null, '2016-05-04 10:31:39', 'ICBC', null, null, '123456', '银企直联提现');
INSERT INTO `CIFPAY_TRD_BUSINESS` VALUES ('14610726632016032913435792', 'CREDIT_BANK_PAYED', 'ba7459a2c1d943c6a9ee9ec81b3fb556', 'We83d54b32049', '1000001', null, '30', 'BANK_DIRECT', '100088.00', 'ICBC', null, null, null, '2016-03-29 13:43:57', '2016-03-25 13:43:57', null, 'F', null, '2016-03-29 13:47:39', 'ICBC', null, null, '4000020829200148508', '银企直联提现');
INSERT INTO `CIFPAY_TRD_BUSINESS` VALUES ('146252443201603290937150', 'CREDIT_BANK_PAYED', '56049871fadd4310b05c371a7558a477', 'W1ba48ca549e7', '1000001', null, '30', 'BANK_DIRECT', '100088.00', 'ICBC', null, null, null, '2016-03-29 09:37:15', null, null, 'F', null, '2016-03-29 09:44:17', 'ICBC', null, null, '4000020829200148508', '银企直联提现');
INSERT INTO `CIFPAY_TRD_BUSINESS` VALUES ('14628149262016042213362618', 'CREDIT_BANK_PAYED', '3987508496957440', 'W1461293895444', '1000001', null, '30', 'BANK_DIRECT', '1.00', 'ICBC', null, null, null, '2016-04-22 13:36:26', '2016-04-22 13:36:26', null, 'F', null, '2016-04-22 13:36:28', 'ICBC', null, null, '4000020829200148508', '银企直联提现');
INSERT INTO `CIFPAY_TRD_BUSINESS` VALUES ('14732268192016041611575430', 'CREDIT_BANK_PAYED', 'c95dc5a904934825963a7170ed6c30ac', 'W1460713097001', '1000001', null, '30', 'BANK_DIRECT', '1.00', 'ICBC', null, null, null, '2016-04-16 11:57:54', null, null, 'F', null, '2016-04-16 11:57:57', 'ICBC', null, null, '4000020829200148508', '银企直联提现');
INSERT INTO `CIFPAY_TRD_BUSINESS` VALUES ('14758447182016040111280782', 'CREDIT_BANK_PAYED', '30a86b77f9ca49618d33f8a8fdb27687', 'W1459477307963', '1000001', null, '30', 'BANK_DIRECT', '1.00', 'ICBC', null, null, null, '2016-04-01 11:28:07', '2016-04-01 11:28:07', null, 'E', null, '2016-04-01 11:28:11', 'PAB', null, null, '4000020829200148508', 'CMM594086904');
INSERT INTO `CIFPAY_TRD_BUSINESS` VALUES ('14763964092016041815042026', 'CREDIT_BANK_PAYED', 'e41b8a7010dc431b898ef38dc5e31872', 'W1460963040136', '1000001', null, '30', 'BANK_DIRECT', '1.00', 'ICBC', null, null, null, '2016-04-18 15:04:20', '2016-05-01 15:04:20', null, 'F', null, '2016-04-18 15:05:29', 'ICBC', null, null, '4000020829200148508', '银企直联提现');
INSERT INTO `CIFPAY_TRD_BUSINESS` VALUES ('14981040122016042014034062', 'CREDIT_BANK_PAYED', '03371645a4664d3495a3cbcb85e81965', 'Daa5b06bd68be', '1000001', null, '30', 'BANK_DIRECT', '1.00', 'ICBC', null, null, null, '2016-04-20 14:03:40', '2016-05-25 13:56:37', null, 'S', null, '2016-04-20 14:04:01', 'ICBC', null, null, '4000020829200148508', 'CMM595446884');
INSERT INTO `CIFPAY_TRD_BUSINESS` VALUES ('15019276482016041515084080', 'CREDIT_BANK_PAYED', '0d550696e0494a91ab5c416839fa0ba4', 'W850a050beed2', '1000001', null, '30', 'BANK_DIRECT', '100088.00', 'ICBC', null, null, null, '2016-04-15 15:08:40', '2016-04-01 15:08:40', null, 'F', null, '2016-04-15 15:13:08', 'ICBC', null, null, '4000020829200148508', '银企直联提现');
INSERT INTO `CIFPAY_TRD_BUSINESS` VALUES ('150275054520160326173317949', 'CREDIT_BANK_PAYED', '3379f337c172485fb88275202a2dfda6', 'orderIdd8398f5efd2640c5a912811d6e07b838', '111111', null, '50', 'THIRD_PAY', '1.00', 'ALIPAY', null, null, '13800138001', '2016-03-26 17:33:17', '2016-03-26 17:33:17', null, 'C', '0', '2016-03-26 17:33:17', 'ALIPAY', null, null, 'admin@et2t.com', '支付宝充值');
INSERT INTO `CIFPAY_TRD_BUSINESS` VALUES ('15050344382016042014150122', 'CREDIT_BANK_PAYED', '2f20f18fba6f4c75ab8166a65d861dae', 'Df68ab73e0a95', '1000001', null, '30', 'BANK_DIRECT', '1.00', 'ICBC', null, null, null, '2016-04-20 14:15:01', '2016-05-25 14:07:58', null, 'S', null, '2016-04-20 14:15:05', 'ICBC', null, null, '4000020829200148508', 'CMM595446888');
INSERT INTO `CIFPAY_TRD_BUSINESS` VALUES ('15114356192016041811182579', 'CREDIT_BANK_PAYED', 'cd26cc577e2e466598b9d750509320eb', 'Cb0a4ba1c1a34', '1000001', null, '50', 'THIRD_PAY', '1.00', 'ALIPAY', null, '18664556639', '13888888888', '2016-04-18 11:18:25', '2016-04-18 11:19:03', '2016-04-18 14:42:55', 'S', '1', '2016-04-18 14:42:55', 'ALIPAY', null, null, 'admin@et2t.com', '支付宝充值');
INSERT INTO `CIFPAY_TRD_BUSINESS` VALUES ('151581838920160420152632638', 'CREDIT_BANK_PAYED', 'afdaa4a6524541b795ef6880fbdadf43', 'Cf086849e919b', '1000001', null, '50', 'THIRD_PAY', '1.00', 'ALIPAY', null, null, '13888888888', '2016-04-20 15:26:32', '2016-04-20 15:26:32', null, 'C', '0', '2016-04-20 15:26:32', 'ALIPAY', null, null, 'admin@et2t.com', '支付宝充值');
INSERT INTO `CIFPAY_TRD_BUSINESS` VALUES ('152181273201604151808323', 'CREDIT_BANK_PAYED', '303af17f04f0499587fd2ea46347465c', 'W2016041234578899889', '1000001', null, '50', 'THIRD_PAY', '1.00', 'ALIPAY', null, null, '13800138001', '2016-04-15 18:08:32', '2016-04-15 18:08:32', null, 'C', '0', '2016-04-15 18:08:32', 'ALIPAY', null, null, 'admin@et2t.com', '支付宝充值');
INSERT INTO `CIFPAY_TRD_BUSINESS` VALUES ('152561793620160421162727865', 'CREDIT_BANK_PAYED', '781fb504fe20436083da04df5623b2da', 'Cb4599acdb7e7', '1000001', null, '50', 'THIRD_PAY', '1.00', 'ALIPAY', null, null, '13888888888', '2016-04-21 16:27:27', '2016-04-21 16:27:27', null, 'C', '0', '2016-04-21 16:27:27', 'ALIPAY', null, null, 'admin@et2t.com', '支付宝充值');
INSERT INTO `CIFPAY_TRD_BUSINESS` VALUES ('153546479620160416174155466', 'CREDIT_BANK_PAYED', '88cfad6ddd4f44cfaf2fd59b4dee774d', 'Caa10c2617e37', '1000001', null, '50', 'THIRD_PAY', '99900.00', 'ALIPAY', null, null, '13888888888', '2016-04-16 17:41:55', '2016-04-16 17:41:55', null, 'C', '0', '2016-04-16 17:41:55', 'ALIPAY', null, null, 'admin@et2t.com', '支付宝充值');
INSERT INTO `CIFPAY_TRD_BUSINESS` VALUES ('154140322820160416174646361', 'CREDIT_BANK_PAYED', 'b49e8e1574584869884966b3c8ff6fc6', 'C29535be48c7d', '1000001', null, '50', 'THIRD_PAY', '99900.00', 'ALIPAY', null, null, '13888888888', '2016-04-16 17:46:46', '2016-04-16 17:46:46', null, 'C', '0', '2016-04-16 17:46:46', 'ALIPAY', null, null, 'admin@et2t.com', '支付宝充值');
INSERT INTO `CIFPAY_TRD_BUSINESS` VALUES ('15452896362016042011494518', 'CREDIT_BANK_PAYED', 'c3a75658c1f14fa1b9a6543c66e590b7', 'D22d8125c4a6c', '1000001', null, '30', 'BANK_DIRECT', '1.00', 'ICBC', null, null, null, '2016-04-20 11:49:45', '2016-05-25 11:42:43', null, 'S', null, '2016-04-20 11:50:13', 'ICBC', null, null, '4000020829200148508', 'CMM595406886');
INSERT INTO `CIFPAY_TRD_BUSINESS` VALUES ('15504428132016041816251823', 'CREDIT_BANK_PAYED', '76845628d3094d69ac080bd2dad14ff0', 'W1460966983141', '1000001', null, '30', 'BANK_DIRECT', '1.00', 'ICBC', null, null, null, '2016-04-18 16:25:18', '2016-05-25 16:25:18', null, 'F', null, '2016-04-18 16:25:18', 'ICBC', null, null, '4000020829200148508', '银企直联提现');
INSERT INTO `CIFPAY_TRD_BUSINESS` VALUES ('15586713452016050410351719', 'CREDIT_BANK_PAYED', '8290576873029632', 'W1462329267916', '1000001', null, '30', 'BANK_DIRECT', '1.00', 'ICBC', null, null, null, '2016-05-04 10:35:17', '2016-06-02 10:01:51', null, 'F', null, '2016-05-04 10:35:20', 'BOC', null, null, '123457', 'CMM596196884');
INSERT INTO `CIFPAY_TRD_BUSINESS` VALUES ('15593732420160418105551547', 'CREDIT_BANK_PAYED', '5bcdb0747fcc4c7e958c5361d752ab53', 'W1460947479570', '1000001', null, '30', 'BANK_DIRECT', '1.00', 'ICBC', null, null, null, '2016-04-18 10:55:51', null, null, 'F', null, '2016-04-18 10:55:51', 'ICBC', null, null, '4000020829200148508', '银企直联提现');
INSERT INTO `CIFPAY_TRD_BUSINESS` VALUES ('15635704022016041811272277', 'CREDIT_BANK_PAYED', '6ddfb6b681a8446096170d24fe079347', 'W1460949160276', '1000001', null, '30', 'BANK_DIRECT', '1.00', 'ICBC', null, null, null, '2016-04-18 11:27:22', null, null, 'F', null, '2016-04-18 11:27:24', 'ICBC', null, null, '4000020829200148508', '银企直联提现');
INSERT INTO `CIFPAY_TRD_BUSINESS` VALUES ('15640322132016041911135658', 'CREDIT_BANK_PAYED', '4e8d49ec50274841885052beab7ae1ac', 'Cb5a8dcd4bf4c', '1000001', null, '50', 'THIRD_PAY', '1.00', 'ALIPAY', null, '18664556639', '13888888888', '2016-04-19 11:13:56', '2016-04-19 11:14:07', '2016-04-19 11:18:08', 'S', '1', '2016-04-19 11:18:08', 'ALIPAY', null, null, 'admin@et2t.com', '支付宝充值');
INSERT INTO `CIFPAY_TRD_BUSINESS` VALUES ('156588322620160421142629707', 'CREDIT_BANK_PAYED', '33b244feb71e410f974e342d5572e326', '1461219403290', '1000001', null, '50', 'THIRD_PAY', '1.00', 'ALIPAY', null, null, '18812341234', '2016-04-21 14:26:29', '2016-04-21 14:26:29', null, 'C', '0', '2016-04-21 14:26:29', 'ALIPAY', null, null, 'admin@et2t.com', '支付宝充值');
INSERT INTO `CIFPAY_TRD_BUSINESS` VALUES ('15701380720160418100706697', 'CREDIT_BANK_PAYED', 'a794ac9ed4c24b6b8fc4a030ed24c660', 'W1460945206001', '1000001', null, '30', 'BANK_DIRECT', '1.00', 'ICBC', null, null, null, '2016-04-18 10:07:06', '2016-05-01 10:07:06', null, 'S', null, '2016-04-18 10:07:12', 'ICBC', null, null, '4000020829200148508', 'CMM595106887');
INSERT INTO `CIFPAY_TRD_BUSINESS` VALUES ('15984890122016032811321193', 'CREDIT_BANK_PAYED', 'b68fcbe8b51a4e888aa8bbafa12dd2a0', 'W20160328112841', '1000001', null, '30', 'BANK_DIRECT', '100088.00', 'ICBC', null, null, null, '2016-03-28 11:32:11', '2016-03-25 11:32:12', null, 'F', null, '2016-03-28 11:32:14', 'ICBC', null, null, '4000020829200148508', '银企直联提现');
INSERT INTO `CIFPAY_TRD_BUSINESS` VALUES ('160910409220160421164119461', 'CREDIT_BANK_PAYED', '9978f90f8ed048fcb06ba927c21108f0', 'C7fcf8dbdcb01', '1000001', null, '50', 'THIRD_PAY', '1.00', 'ALIPAY', null, null, '13888888888', '2016-04-21 16:41:19', '2016-04-21 16:41:19', null, 'C', '0', '2016-04-21 16:41:19', 'ALIPAY', null, null, 'admin@et2t.com', '支付宝充值');
INSERT INTO `CIFPAY_TRD_BUSINESS` VALUES ('16111289220160418154304626', 'CREDIT_BANK_PAYED', '740c2710576947609fe05c8beeb1d4dc', 'W1460964401779', '1000001', null, '30', 'BANK_DIRECT', '1.00', 'ICBC', null, null, null, '2016-04-18 15:43:04', '2016-04-18 15:43:04', null, 'F', null, '2016-04-18 15:43:15', 'ICBC', null, null, '4000020829200148508', '银企直联提现');
INSERT INTO `CIFPAY_TRD_BUSINESS` VALUES ('16128790862016040117093282', 'CREDIT_BANK_PAYED', '962dec95760442079cbde634a14c3964', 'W1459501464444', '1000001', null, '30', 'BANK_DIRECT', '1.00', 'ICBC', null, null, null, '2016-04-01 17:09:32', '2016-04-01 17:09:32', null, 'F', null, '2016-04-01 17:13:23', 'PAB', null, null, '4000020829200148508', 'CMM594156901');
INSERT INTO `CIFPAY_TRD_BUSINESS` VALUES ('161636183320160416180503779', 'CREDIT_BANK_PAYED', 'c760298c0df94ae89158ca44ead68d6e', 'C75484523844e', '1000001', null, '50', 'THIRD_PAY', '1.00', 'ALIPAY', null, null, '13888888888', '2016-04-16 18:05:03', '2016-04-16 18:05:03', null, 'C', '0', '2016-04-16 18:05:03', 'ALIPAY', null, null, 'admin@et2t.com', '支付宝充值');
INSERT INTO `CIFPAY_TRD_BUSINESS` VALUES ('16226338992016041511514023', 'CREDIT_BANK_PAYED', 'b21c570674b8496b9171d9301493d72e', 'W1460691409301', '1000001', null, '30', 'BANK_DIRECT', '1.00', 'ICBC', null, null, null, '2016-04-15 11:51:40', null, null, 'F', null, '2016-04-15 11:56:40', 'ICBC', null, null, '4000020829200148508', '银企直联提现');
INSERT INTO `CIFPAY_TRD_BUSINESS` VALUES ('162802185220160421210345860', 'CREDIT_BANK_PAYED', '5419b0b11efb4a4099fe1bc53061ffd1', 'C7ed63d6ff2f7', '1000001', null, '50', 'THIRD_PAY', '1.00', 'ALIPAY', null, null, '13888888888', '2016-04-21 21:03:45', '2016-04-21 21:03:45', null, 'C', '0', '2016-04-21 21:03:45', 'ALIPAY', null, null, 'admin@et2t.com', '支付宝充值');
INSERT INTO `CIFPAY_TRD_BUSINESS` VALUES ('163180753120160416162433327', 'CREDIT_BANK_PAYED', 'ebc5362b35bf43b29deb238643bd3081', 'Ce35dc28c43bf', '1000001', null, '50', 'THIRD_PAY', '99900.00', 'ALIPAY', null, null, '13888888888', '2016-04-16 16:24:33', '2016-04-16 16:24:33', null, 'C', '0', '2016-04-16 16:24:33', 'ALIPAY', null, null, 'admin@et2t.com', '支付宝充值');
INSERT INTO `CIFPAY_TRD_BUSINESS` VALUES ('163211234820160416163428476', 'CREDIT_BANK_PAYED', '0356651c4c5a466aafcfa7f780131f89', 'Cbda266802073', '1000001', null, '50', 'THIRD_PAY', '1.00', 'ALIPAY', null, null, '13888888888', '2016-04-16 16:34:28', '2016-04-16 16:34:28', null, 'C', '0', '2016-04-16 16:34:28', 'ALIPAY', null, null, 'admin@et2t.com', '支付宝充值');
INSERT INTO `CIFPAY_TRD_BUSINESS` VALUES ('16503245222016041513103835', 'CREDIT_BANK_PAYED', '3efba7d77e5845a68cb7bcc52095c76a', 'W1460691409301', '1000001', null, '30', 'BANK_DIRECT', '1.00', 'ICBC', null, null, null, '2016-04-15 13:10:38', null, null, 'C', null, '2016-04-15 13:10:38', 'ICBC', null, null, '4000020829200148508', '银企直联提现');
INSERT INTO `CIFPAY_TRD_BUSINESS` VALUES ('165358480320160415175913231', 'CREDIT_BANK_PAYED', 'e50d4f859a0f461ba5d3ab9667df99d9', 'W20160456618889', '1000001', null, '50', 'THIRD_PAY', '1.00', 'ALIPAY', null, null, '13800138001', '2016-04-15 17:59:13', '2016-04-15 17:59:13', null, 'C', '0', '2016-04-15 17:59:13', 'ALIPAY', null, null, 'admin@et2t.com', '支付宝充值');
INSERT INTO `CIFPAY_TRD_BUSINESS` VALUES ('16661157712016041913565616', 'CREDIT_BANK_PAYED', 'e6f4235d0de64d1eaa8315c42bc324fa', 'D4101285a5924', '1000001', null, '30', 'BANK_DIRECT', '1.00', 'ICBC', null, null, null, '2016-04-19 13:56:56', '2016-05-25 13:56:56', null, 'S', null, '2016-04-19 13:57:02', 'ICBC', null, null, '4000020829200148508', 'CMM595206882');
INSERT INTO `CIFPAY_TRD_BUSINESS` VALUES ('16705381832016032909550857', 'CREDIT_BANK_PAYED', 'e1c4b77140a24c25ba9a6763f111f596', 'Wfd74c96b491f', '1000001', null, '30', 'BANK_DIRECT', '100088.00', 'ICBC', null, null, null, '2016-03-29 09:55:08', '2016-03-31 09:55:08', null, 'S', null, '2016-03-29 10:03:43', 'ICBC', null, null, '4000020829200148508', 'CMM593576890');
INSERT INTO `CIFPAY_TRD_BUSINESS` VALUES ('16779629642016040117015572', 'CREDIT_BANK_PAYED', '06ccf3fbce2f4d19b0ab6a0ee08d62e2', 'W1459501041244', '1000001', null, '30', 'BANK_DIRECT', '1.00', 'ICBC', null, null, null, '2016-04-01 17:01:55', '2016-04-01 17:01:55', null, 'F', null, '2016-04-01 17:06:34', 'PAB', null, null, '4000020829200148508', 'CMM594156900');
INSERT INTO `CIFPAY_TRD_BUSINESS` VALUES ('169902064320160416175436502', 'CREDIT_BANK_PAYED', 'e45a5e3f5341410c8f164922d193d9aa', 'C9bd92375ee6a', '1000001', null, '50', 'THIRD_PAY', '99900.00', 'ALIPAY', null, null, '13888888888', '2016-04-16 17:54:36', '2016-04-16 17:54:36', null, 'C', '0', '2016-04-16 17:54:36', 'ALIPAY', null, null, 'admin@et2t.com', '支付宝充值');
INSERT INTO `CIFPAY_TRD_BUSINESS` VALUES ('170309921620160415174345260', 'CREDIT_BANK_PAYED', '15de04597d5d48f69df4d32ea78ca822', 'W201603281122133', '1000001', null, '50', 'THIRD_PAY', '1.00', 'ALIPAY', null, null, '13800138001', '2016-04-15 17:43:45', '2016-04-15 17:43:45', null, 'C', '0', '2016-04-15 17:43:45', 'ALIPAY', null, null, 'admin@et2t.com', '支付宝充值');
INSERT INTO `CIFPAY_TRD_BUSINESS` VALUES ('17079797122016050410322047', 'CREDIT_BANK_PAYED', '8289835613683712', 'W1462329078429', '1000001', null, '30', 'BANK_DIRECT', '1.00', 'ICBC', null, null, null, '2016-05-04 10:32:20', '2016-06-02 09:58:54', null, 'F', null, '2016-05-04 10:32:21', 'ICBC', null, null, '123456', 'CMM596196883');
INSERT INTO `CIFPAY_TRD_BUSINESS` VALUES ('17086680472016042014122715', 'CREDIT_BANK_PAYED', '7c8f92dc87b94d5da7c651bc5cded955', 'D83e490005c88', '1000001', null, '30', 'BANK_DIRECT', '1.00', 'ICBC', null, null, null, '2016-04-20 14:12:27', '2016-05-25 14:05:24', null, 'S', null, '2016-04-20 14:12:29', 'ICBC', null, null, '4000020829200148508', 'CMM595446887');
INSERT INTO `CIFPAY_TRD_BUSINESS` VALUES ('173434337320160418193515786', 'CREDIT_BANK_PAYED', 'aa12e2d33d344e4481cca98467247ef5', 'C8bd91d19a25b', '1000001', null, '50', 'THIRD_PAY', '1.00', 'ALIPAY', null, null, '13888888888', '2016-04-18 19:35:15', '2016-04-18 19:35:15', null, 'C', '0', '2016-04-18 19:35:15', 'ALIPAY', null, null, 'admin@et2t.com', '支付宝充值');
INSERT INTO `CIFPAY_TRD_BUSINESS` VALUES ('17437668342016042121102624', 'CREDIT_BANK_PAYED', 'd75f9476ed8d463285bb9e02f49b8e92', 'C1604980d1389', '1000001', null, '50', 'THIRD_PAY', '1.00', 'ALIPAY', null, null, '13888888888', '2016-04-21 21:10:26', '2016-04-21 21:10:26', null, 'C', '0', '2016-04-21 21:10:26', 'ALIPAY', null, null, 'admin@et2t.com', '支付宝充值');
INSERT INTO `CIFPAY_TRD_BUSINESS` VALUES ('17442081412016032817553476', 'CREDIT_BANK_PAYED', '2cb835396fe642f485ec1f835c700f9b', 'W92aefb57f734', '1000001', null, '30', 'BANK_DIRECT', '100088.00', 'ICBC', null, null, null, '2016-03-28 17:55:34', '2016-03-31 17:55:34', null, 'S', null, '2016-03-28 18:00:41', 'ICBC', null, null, '4000020829200148508', 'CMM593526902');
INSERT INTO `CIFPAY_TRD_BUSINESS` VALUES ('17450758592016041816180315', 'CREDIT_BANK_PAYED', '850a71efea6746b0ad9d39a9c24b3b54', 'W1460966983141', '1000001', null, '30', 'BANK_DIRECT', '1.00', 'ICBC', null, null, null, '2016-04-18 16:18:03', '2016-05-25 16:18:03', null, 'F', null, '2016-04-18 16:18:03', 'ICBC', null, null, '4000020829200148508', '银企直联提现');
INSERT INTO `CIFPAY_TRD_BUSINESS` VALUES ('17478953242016041815382748', 'CREDIT_BANK_PAYED', 'b3bbdd3b2d3845ada7a89823d0b4990f', 'W1460964401779', '1000001', null, '30', 'BANK_DIRECT', '1.00', 'ICBC', null, null, null, '2016-04-18 15:38:27', null, null, 'F', null, '2016-04-18 15:38:31', 'ICBC', null, null, '4000020829200148508', '银企直联提现');
INSERT INTO `CIFPAY_TRD_BUSINESS` VALUES ('17506224072016041816150267', 'CREDIT_BANK_PAYED', 'adb1a7b14b3a4f9a99c42d821b5cc883', 'W1460966983141', '1000001', null, '30', 'BANK_DIRECT', '1.00', 'ICBC', null, null, null, '2016-04-18 16:15:02', '2016-05-25 16:15:02', null, 'F', null, '2016-04-18 16:15:07', 'ICBC', null, null, '4000020829200148508', '银企直联提现');
INSERT INTO `CIFPAY_TRD_BUSINESS` VALUES ('17531413982016041815272795', 'CREDIT_BANK_PAYED', 'ed595b9319334984877415d346729f86', 'W1460964401779', '1000001', null, '30', 'BANK_DIRECT', '1.00', 'ICBC', null, null, null, '2016-04-18 15:27:27', null, null, 'F', null, '2016-04-18 15:27:55', 'ICBC', null, null, '4000020829200148508', '银企直联提现');
INSERT INTO `CIFPAY_TRD_BUSINESS` VALUES ('17550944072016041909511761', 'CREDIT_BANK_PAYED', 'a8ec003c14474a689b59b8d916f577ab', 'Dc5efe2c9a6dd', '1000001', null, '30', 'BANK_DIRECT', '1.00', 'ICBC', null, null, null, '2016-04-19 09:51:17', '2016-05-25 09:51:17', null, 'F', null, '2016-04-19 09:51:28', 'ICBC', null, null, '4000020829200148508', '银企直联提现');
INSERT INTO `CIFPAY_TRD_BUSINESS` VALUES ('17611253562016041515074545', 'CREDIT_BANK_PAYED', '3812a587f7c94239825f2b6e197565bc', 'Wee47b782fab1', '1000001', null, '30', 'BANK_DIRECT', '100088.00', 'ICBC', null, null, null, '2016-04-15 15:07:45', '2016-04-01 15:07:45', null, 'F', null, '2016-04-15 15:07:51', 'ICBC', null, null, '4000020829200148508', '银企直联提现');
INSERT INTO `CIFPAY_TRD_BUSINESS` VALUES ('17668053112016032909351544', 'CREDIT_BANK_PAYED', '5196587016b740ef804367fba359ec9f', 'W1e3d96dc3781', '1000001', null, '30', 'BANK_DIRECT', '100088.00', 'ICBC', null, null, null, '2016-03-29 09:35:15', '2016-03-31 09:35:15', null, 'S', null, '2016-03-29 09:35:20', 'ICBC', null, null, '4000020829200148508', 'CMM593566883');
INSERT INTO `CIFPAY_TRD_BUSINESS` VALUES ('17752036542016041612562834', 'CREDIT_BANK_PAYED', '145c6f8ca2604d628a42488bfbd2cd36', 'W1460782174682', '1000001', null, '30', 'BANK_DIRECT', '1.00', 'ICBC', null, null, null, '2016-04-16 12:56:28', '2016-05-01 12:56:28', null, 'F', null, '2016-04-16 12:56:34', 'ICBC', null, null, '4000020829200148508', '银企直联提现');
INSERT INTO `CIFPAY_TRD_BUSINESS` VALUES ('17852376532016032817555762', 'CREDIT_BANK_PAYED', '93f1676b5ecc4f8bbcda4e08db44f94c', 'Wb1d128987460', '1000001', null, '30', 'BANK_DIRECT', '100088.00', 'ICBC', null, null, null, '2016-03-28 17:55:57', null, null, 'C', null, '2016-03-28 17:55:57', 'ICBC', null, null, '4000020829200148508', '银企直联提现');
INSERT INTO `CIFPAY_TRD_BUSINESS` VALUES ('179786276920160420152246557', 'CREDIT_BANK_PAYED', '1e0901e950de40e9b9b14de69bf6de1a', 'C0fb7c2ddf403', '1000001', null, '50', 'THIRD_PAY', '1.00', 'ALIPAY', null, null, '13888888888', '2016-04-20 15:22:46', '2016-04-20 15:22:46', null, 'C', '0', '2016-04-20 15:22:46', 'ALIPAY', null, null, 'admin@et2t.com', '支付宝充值');
INSERT INTO `CIFPAY_TRD_BUSINESS` VALUES ('179967343220160421210107573', 'CREDIT_BANK_PAYED', '3628517fa2204f14a7c89c0bdb76659f', 'Cb6ba55cbb8c3', '1000001', null, '50', 'THIRD_PAY', '1.00', 'ALIPAY', null, null, '13888888888', '2016-04-21 21:01:07', '2016-04-21 21:01:07', null, 'C', '0', '2016-04-21 21:01:07', 'ALIPAY', null, null, 'admin@et2t.com', '支付宝充值');
INSERT INTO `CIFPAY_TRD_BUSINESS` VALUES ('18035764222016032909395142', 'CREDIT_BANK_PAYED', '40a78f5a59694be4bac165ba82dfd3c7', 'Wccd729a711ef', '1000001', null, '30', 'BANK_DIRECT', '100088.00', 'ICBC', null, null, null, '2016-03-29 09:39:51', null, null, 'F', null, '2016-03-29 09:42:32', 'ICBC', null, null, '4000020829200148508', '银企直联提现');
INSERT INTO `CIFPAY_TRD_BUSINESS` VALUES ('18045281052016041911355320', 'CREDIT_BANK_PAYED', '4b85f0cd2e3b4a6e90fceb104b703d5b', 'Dc34c23b8cfa4', '1000001', null, '30', 'BANK_DIRECT', '1.00', 'ICBC', null, null, null, '2016-04-19 11:35:53', '2016-05-25 11:35:53', null, 'S', null, '2016-04-19 11:36:04', 'ICBC', null, null, '4000020829200148508', 'CMM595176883');
INSERT INTO `CIFPAY_TRD_BUSINESS` VALUES ('18168668652016041919152930', 'CREDIT_BANK_PAYED', 'd555c80ca194449ea05380a94b04b565', 'D9c23acb8f74a', '1000001', null, '30', 'BANK_DIRECT', '1.00', 'ICBC', null, null, null, '2016-04-19 19:15:29', '2016-04-19 19:15:29', null, 'F', null, '2016-04-19 19:15:31', 'ICBC', null, null, '4000020829200148508', '银企直联提现');
INSERT INTO `CIFPAY_TRD_BUSINESS` VALUES ('18191358020160331184859533', 'CREDIT_BANK_PAYED', '4a1bf06261214e1cbc552228b6a0a6f2', 'W1459391727662', '1000001', null, '30', 'BANK_DIRECT', '1.00', 'ICBC', null, null, null, '2016-03-31 18:48:59', '2016-04-01 18:48:59', null, 'F', null, '2016-03-31 18:49:05', 'PAB', null, null, '4000020829200148508', 'CMM594026885');
INSERT INTO `CIFPAY_TRD_BUSINESS` VALUES ('18235111522016032814411217', 'CREDIT_BANK_PAYED', 'f9daabad3c7644148df3e7eb218d47a5', 'W20160325112845', '1000001', null, '30', 'BANK_DIRECT', '100088.00', 'ICBC', null, null, null, '2016-03-28 14:41:12', '2016-03-31 14:41:12', null, 'S', null, '2016-03-28 14:41:19', 'ICBC', null, null, '4000020829200148508', 'CMM593456889');
INSERT INTO `CIFPAY_TRD_BUSINESS` VALUES ('18245585982016041816051386', 'CREDIT_BANK_PAYED', '5a09174e9a8e40a4833917cb0f2a6dfc', 'W1460958039313', '1000001', null, '30', 'BANK_DIRECT', '1.00', 'ICBC', null, null, null, '2016-04-18 16:05:13', '2016-05-25 16:05:13', null, 'F', null, '2016-04-18 16:05:14', 'ICBC', null, null, '4000020829200148508', '银企直联提现');
INSERT INTO `CIFPAY_TRD_BUSINESS` VALUES ('18270020872016040114445134', 'CREDIT_BANK_PAYED', '5b0ea7df55904bfbb1c627c285522adc', 'W1459493072471', '1000001', null, '30', 'BANK_DIRECT', '1.00', 'ICBC', null, null, null, '2016-04-01 14:44:51', '2016-04-01 14:44:51', null, 'E', null, '2016-04-01 14:44:58', 'PAB', null, null, '4000020829200148508', 'CMM594116883');
INSERT INTO `CIFPAY_TRD_BUSINESS` VALUES ('18284166852016041816195933', 'CREDIT_BANK_PAYED', 'dc364973e39c465f8eccd1a9868a0408', 'W1460966983141', '1000001', null, '30', 'BANK_DIRECT', '1.00', 'ICBC', null, null, null, '2016-04-18 16:19:59', '2016-05-25 16:19:59', null, 'F', null, '2016-04-18 16:19:59', 'ICBC', null, null, '4000020829200148508', '银企直联提现');
INSERT INTO `CIFPAY_TRD_BUSINESS` VALUES ('18329044772016040110504562', 'CREDIT_BANK_PAYED', '6b17ec90caeb49fda611124404489ed2', 'W1459477307963', '1000001', null, '30', 'BANK_DIRECT', '1.00', 'ICBC', null, null, null, '2016-04-01 10:50:45', '2016-04-01 10:50:45', null, 'E', null, '2016-04-01 10:50:59', 'PAB', null, null, '4000020829200148508', 'CMM594086883');
INSERT INTO `CIFPAY_TRD_BUSINESS` VALUES ('18589741320160329095023918', 'CREDIT_BANK_PAYED', '8dceb5ec58d2426281b9b9314db3dbf3', 'W0b29cb2e4314', '1000001', null, '30', 'BANK_DIRECT', '100088.00', 'ICBC', null, null, null, '2016-03-29 09:50:23', '2016-03-31 09:50:23', null, 'S', null, '2016-03-29 09:58:40', 'ICBC', null, null, '4000020829200148508', 'CMM593576887');
INSERT INTO `CIFPAY_TRD_BUSINESS` VALUES ('186094666820160418105611350', 'CREDIT_BANK_PAYED', '474487dc9aa846959e20a40f3c3f292c', 'Cfd45d490e6ce', '1000001', null, '50', 'THIRD_PAY', '1.00', 'ALIPAY', null, '18664556639', '13888888888', '2016-04-18 10:56:11', '2016-04-18 10:56:47', '2016-04-19 11:20:31', 'S', '1', '2016-04-19 11:20:31', 'ALIPAY', null, null, 'admin@et2t.com', '支付宝充值');
INSERT INTO `CIFPAY_TRD_BUSINESS` VALUES ('18650913912016032910133395', 'CREDIT_BANK_PAYED', '8a605f85ef58415083f1e0a745413b22', 'W7b1b367dcf2f', '1000001', null, '30', 'BANK_DIRECT', '100088.00', 'ICBC', null, null, null, '2016-03-29 10:13:33', null, null, 'C', null, '2016-03-29 10:13:33', 'ICBC', null, null, '4000020829200148508', '银企直联提现');
INSERT INTO `CIFPAY_TRD_BUSINESS` VALUES ('18672672742016032817434214', 'CREDIT_BANK_PAYED', 'b0fc6888105f4ab5a44e19c81ecc05fe', 'W1459158249763', '1000001', null, '30', 'BANK_DIRECT', '1.00', 'ICBC', null, null, null, '2016-03-28 17:43:42', '2016-03-31 17:43:42', null, 'S', null, '2016-03-28 17:43:48', 'ICBC', null, null, '4000020829200148508', 'CMM593526893');
INSERT INTO `CIFPAY_TRD_BUSINESS` VALUES ('1874945422016041811230017', 'CREDIT_BANK_PAYED', 'e699f7ef772a465c819838da961ddf37', 'C0fbf97d0a9a0', '1000001', null, '50', 'THIRD_PAY', '1.00', 'ALIPAY', null, '18664556639', '13888888888', '2016-04-18 11:23:00', '2016-04-18 11:23:37', '2016-04-18 11:23:09', 'S', '1', '2016-04-18 11:23:09', 'ALIPAY', null, null, 'admin@et2t.com', '支付宝充值');
INSERT INTO `CIFPAY_TRD_BUSINESS` VALUES ('18779163182016032415515763', 'CREDIT_BANK_PAYED', '2893009207d44f56b58c58105bc752eb', 'W1458549208140', '1000001', null, '30', 'BANK_DIRECT', '1.00', 'ICBC', null, null, null, '2016-03-24 15:51:57', '2016-03-25 15:51:57', null, 'F', null, '2016-03-24 15:52:00', 'ICBC', null, null, '4000020829200148508', 'CMM593266900');
INSERT INTO `CIFPAY_TRD_BUSINESS` VALUES ('18874455462016040116432716', 'CREDIT_BANK_PAYED', '12d092bf0145498dbfe3288da3523768', 'W1459498238178', '1000001', null, '30', 'BANK_DIRECT', '1.00', 'ICBC', null, null, null, '2016-04-01 16:43:27', '2016-04-01 16:43:27', null, 'F', null, '2016-04-01 16:43:29', 'PAB', null, null, '4000020829200148508', '银企直联提现');
INSERT INTO `CIFPAY_TRD_BUSINESS` VALUES ('18891753102016032810030650', 'CREDIT_BANK_PAYED', '78c79210ec8a49be95304a1fc77c9011', '30a45ef4eaf74cfead6700a24edf7481', '1000001', null, '30', 'BANK_DIRECT', '1000.00', 'test', null, null, null, '2016-03-28 10:03:06', '2016-03-25 10:03:06', null, 'F', null, '2016-03-28 10:03:09', 'test', null, null, '4000020829200148508', '银企直联提现');
INSERT INTO `CIFPAY_TRD_BUSINESS` VALUES ('19033173820160415151920784', 'CREDIT_BANK_PAYED', '3ceea56019df4e1b9bdd7ebd3da69633', 'Webc74f3bfae8', '1000001', null, '30', 'BANK_DIRECT', '100088.00', 'ICBC', null, null, null, '2016-04-15 15:19:20', null, null, 'C', null, '2016-04-15 15:19:20', 'ICBC', null, null, '4000020829200148508', '银企直联提现');
INSERT INTO `CIFPAY_TRD_BUSINESS` VALUES ('19061088532016041811154577', 'CREDIT_BANK_PAYED', '82a0dc074dda401f8bb07c4511248ef0', 'W1460949160276', '1000001', null, '30', 'BANK_DIRECT', '1.00', 'ICBC', null, null, null, '2016-04-18 11:15:45', null, null, 'F', null, '2016-04-18 11:15:45', 'ICBC', null, null, '4000020829200148508', '银企直联提现');
INSERT INTO `CIFPAY_TRD_BUSINESS` VALUES ('192082838920160421145612385', 'CREDIT_BANK_PAYED', '95c091c1157b4374bf439de0544f1aa2', '20160421145614835140', '1000001', null, '50', 'THIRD_PAY', '1000.00', 'ALIPAY', null, null, null, '2016-04-21 14:56:12', '2016-04-21 14:56:12', null, 'C', '0', '2016-04-21 14:56:12', 'ALIPAY', null, null, 'admin@et2t.com', '支付宝充值');
INSERT INTO `CIFPAY_TRD_BUSINESS` VALUES ('19209935042016041514341939', 'CREDIT_BANK_PAYED', '0b38d749a3f042148e6d4a285c966bc2', 'W1460702033305', '1000001', null, '30', 'BANK_DIRECT', '1.00', 'ICBC', null, null, null, '2016-04-15 14:34:19', null, null, 'C', null, '2016-04-15 14:34:19', 'ICBC', null, null, '4000020829200148508', '银企直联提现');
INSERT INTO `CIFPAY_TRD_BUSINESS` VALUES ('19211531442016041816463631', 'CREDIT_BANK_PAYED', '64a18965d95a4b45ba1fd8e5ec550a2e', 'W1460968590499', '1000001', null, '30', 'BANK_DIRECT', '1.00', 'ICBC', null, null, null, '2016-04-18 16:46:36', '2016-05-25 16:46:36', null, 'F', null, '2016-04-18 16:46:36', 'ICBC', null, null, '4000020829200148508', '银企直联提现');
INSERT INTO `CIFPAY_TRD_BUSINESS` VALUES ('193012711020160416173543196', 'CREDIT_BANK_PAYED', 'd7501a30646b41618b8dee01bca30be2', 'Cdafe733a60b0', '1000001', null, '50', 'THIRD_PAY', '99900.00', 'ALIPAY', null, null, '13888888888', '2016-04-16 17:35:43', '2016-04-16 17:35:43', null, 'C', '0', '2016-04-16 17:35:43', 'ALIPAY', null, null, 'admin@et2t.com', '支付宝充值');
INSERT INTO `CIFPAY_TRD_BUSINESS` VALUES ('19460794542016041611274466', 'CREDIT_BANK_PAYED', 'b3f03d0856f54136992219f21cfe27a1', 'W1460713097001', '1000001', null, '30', 'BANK_DIRECT', '1.00', 'ICBC', null, null, null, '2016-04-16 11:27:44', null, null, 'F', null, '2016-04-16 11:32:44', 'ICBC', null, null, '4000020829200148508', '银企直联提现');
INSERT INTO `CIFPAY_TRD_BUSINESS` VALUES ('19510246662016040111273037', 'CREDIT_BANK_PAYED', '6a730264cc1f46219ddcd242c923ec64', 'W1459477307963', '1000001', null, '30', 'BANK_DIRECT', '1.00', 'ICBC', null, null, null, '2016-04-01 11:27:30', '2016-04-01 11:27:30', null, 'F', null, '2016-04-01 11:27:34', 'PAB', null, null, '4000020829200148508', 'CMM594086901');
INSERT INTO `CIFPAY_TRD_BUSINESS` VALUES ('195950334820160416105518980', 'CREDIT_BANK_PAYED', 'ed6c9e95bc5e43c89a30b3f91bcfb1c2', 'W61a741a16ea8', '1000001', null, '50', 'THIRD_PAY', '1.00', 'ALIPAY', null, null, '13800138001', '2016-04-16 10:55:19', '2016-04-16 10:55:19', null, 'C', '0', '2016-04-16 10:55:19', 'ALIPAY', null, null, 'admin@et2t.com', '支付宝充值');
INSERT INTO `CIFPAY_TRD_BUSINESS` VALUES ('19829323682016032814400694', 'CREDIT_BANK_PAYED', '961c2e686d714c90aab81e2b0a5ea7e2', 'W20160328112845', '1000001', null, '30', 'BANK_DIRECT', '100088.00', 'ICBC', null, null, null, '2016-03-28 14:40:06', '2016-03-31 14:40:07', null, 'S', null, '2016-03-28 14:40:20', 'ICBC', null, null, '4000020829200148508', 'CMM593456887');
INSERT INTO `CIFPAY_TRD_BUSINESS` VALUES ('19832018182016032817534763', 'CREDIT_BANK_PAYED', 'b4d4023554c540beb43699dd95a73c92', 'W0ec252571904', '1000001', null, '30', 'BANK_DIRECT', '100088.00', 'ICBC', null, null, null, '2016-03-28 17:53:47', '2016-03-31 17:53:47', null, 'S', null, '2016-03-28 17:53:51', 'ICBC', null, null, '4000020829200148508', 'CMM593526897');
INSERT INTO `CIFPAY_TRD_BUSINESS` VALUES ('19897410812016041917150563', 'CREDIT_BANK_PAYED', 'eea6d8c3e2e748c5953863cd8413da21', 'D6d217cf57afc', '1000001', null, '30', 'BANK_DIRECT', '1.00', 'ICBC', null, null, null, '2016-04-19 17:15:05', '2016-04-19 17:15:05', null, 'F', null, '2016-04-19 17:15:06', 'ICBC', null, null, '4000020829200148508', '银企直联提现');
INSERT INTO `CIFPAY_TRD_BUSINESS` VALUES ('199439235120160421143151166', 'CREDIT_BANK_PAYED', 'f13cd95b60d04f42b07bf083f8b4b392', '1461220196308', '1000001', null, '50', 'THIRD_PAY', '1.00', 'ALIPAY', null, null, '18812341234', '2016-04-21 14:31:51', '2016-04-21 14:31:51', null, 'C', '0', '2016-04-21 14:31:51', 'ALIPAY', null, null, 'admin@et2t.com', '支付宝充值');
INSERT INTO `CIFPAY_TRD_BUSINESS` VALUES ('20025432862016041511054280', 'CREDIT_BANK_PAYED', 'd92c3b4948254aa39249130d8225bb92', 'W0856a2e4fe55', '1000001', null, '30', 'BANK_DIRECT', '100088.00', 'ICBC', null, null, null, '2016-04-15 11:05:42', '2016-04-01 11:05:42', null, 'F', null, '2016-04-15 14:04:37', 'ICBC', null, null, '4000020829200148508', '银企直联提现');
INSERT INTO `CIFPAY_TRD_BUSINESS` VALUES ('20037245882016032913422782', 'CREDIT_BANK_PAYED', '9b0ca832ed4c408eb0acd01a9418a2d0', 'W7e1e753bed27', '1000001', null, '30', 'BANK_DIRECT', '100088.00', 'ICBC', null, null, null, '2016-03-29 13:42:27', '2016-03-31 13:42:27', null, 'S', null, '2016-03-29 13:47:08', 'ICBC', null, null, '4000020829200148508', 'CMM593616885');
INSERT INTO `CIFPAY_TRD_BUSINESS` VALUES ('20154029020160504113249843', 'CREDIT_BANK_PAYED', '8305058101854208', 'W1462332705395', '1000001', null, '30', 'BANK_DIRECT', '1.00', 'ICBC', null, null, null, '2016-05-04 11:32:49', '2016-06-02 10:59:23', null, 'S', null, '2016-05-04 11:32:54', 'ICBC', null, null, '4000020829200148508', 'CMM596206887');
INSERT INTO `CIFPAY_TRD_BUSINESS` VALUES ('202973101620160421162324577', 'CREDIT_BANK_PAYED', '6a6eff9a5b724f0a97f7e8f4be149790', 'C7d7f5666775f', '1000001', null, '50', 'THIRD_PAY', '1.00', 'ALIPAY', null, null, '13888888888', '2016-04-21 16:23:24', '2016-04-21 16:23:24', null, 'C', '0', '2016-04-21 16:23:24', 'ALIPAY', null, null, 'admin@et2t.com', '支付宝充值');
INSERT INTO `CIFPAY_TRD_BUSINESS` VALUES ('20468044632016041909561772', 'CREDIT_BANK_PAYED', '27e02b8cca2a4258b50ec8fcaac3765b', 'Dc6aae8e54885', '1000001', null, '30', 'BANK_DIRECT', '1.00', 'ICBC', null, null, null, '2016-04-19 09:56:17', '2016-05-25 09:56:17', null, 'F', null, '2016-04-19 09:56:23', 'ICBC', null, null, '4000020829200148508', 'CMM595156886');
INSERT INTO `CIFPAY_TRD_BUSINESS` VALUES ('20525767712016042014240332', 'CREDIT_BANK_PAYED', '96b65a81eacf4ec9a1e87f26a16e0749', 'D4708c5dcd31c', '1000001', null, '30', 'BANK_DIRECT', '1.00', 'ICBC', null, null, null, '2016-04-20 14:24:03', '2016-05-25 14:17:00', null, 'S', null, '2016-04-20 14:24:10', 'ICBC', null, null, '4000020829200148508', 'CMM595456882');
INSERT INTO `CIFPAY_TRD_BUSINESS` VALUES ('205419778520160420124621584', 'CREDIT_BANK_PAYED', 'f8d94c5133874dc99e620317ccd931ca', '204604200001', '1000001', null, '50', 'THIRD_PAY', '1.00', 'ALIPAY', null, null, '18635545958', '2016-04-20 12:46:21', '2016-04-20 12:46:21', null, 'C', '0', '2016-04-20 12:46:21', 'ALIPAY', null, null, 'admin@et2t.com', '支付宝充值');
INSERT INTO `CIFPAY_TRD_BUSINESS` VALUES ('20608971292016032913473894', 'CREDIT_BANK_PAYED', '2d140736cdaf40abb12944e2db4dac57', 'W1459215483249', '1000001', null, '30', 'BANK_DIRECT', '1.00', 'ICBC', null, null, null, '2016-03-29 13:47:38', '2016-03-25 13:47:39', null, 'F', null, '2016-03-29 14:18:18', 'ICBC', null, null, '4000020829200148508', '银企直联提现');
INSERT INTO `CIFPAY_TRD_BUSINESS` VALUES ('20636791632016032817471736', 'CREDIT_BANK_PAYED', '812300e468ee4260b3b694ec09dbc36c', 'Wd5e5e234f637', '1000001', null, '30', 'BANK_DIRECT', '100088.00', 'ICBC', null, null, null, '2016-03-28 17:47:17', '2016-03-31 17:47:17', null, 'S', null, '2016-03-28 17:47:20', 'ICBC', null, null, '4000020829200148508', 'CMM593526895');
INSERT INTO `CIFPAY_TRD_BUSINESS` VALUES ('20658658902016041613004573', 'CREDIT_BANK_PAYED', '38d6b3de591b4a2784c802c9942b9898', 'W1460782174682', '1000001', null, '30', 'BANK_DIRECT', '1.00', 'ICBC', null, null, null, '2016-04-16 13:00:45', '2016-08-01 13:00:45', null, 'F', null, '2016-04-16 13:01:06', 'ICBC', null, null, '4000020829200148508', '银企直联提现');
INSERT INTO `CIFPAY_TRD_BUSINESS` VALUES ('206701644820160328182807649', 'CREDIT_BANK_PAYED', 'f41e60d4ca48423e8af786c69d2be33a', 'Wab71eb8c0a5a', '1000001', null, '50', 'THIRD_PAY', '1.00', 'ALIPAY', null, null, '13800138001', '2016-03-28 18:28:07', '2016-03-28 18:28:07', null, 'C', '0', '2016-03-28 18:28:07', 'ALIPAY', null, null, 'admin@et2t.com', '支付宝充值');
INSERT INTO `CIFPAY_TRD_BUSINESS` VALUES ('20766744302016040110575057', 'CREDIT_BANK_PAYED', 'b51a6532930e4f529b7d22d6991d1995', 'W1459477307963', '1000001', null, '30', 'BANK_DIRECT', '1.00', 'ICBC', null, null, null, '2016-04-01 10:57:50', '2016-04-01 10:57:50', null, 'F', null, '2016-04-01 10:58:17', 'PAB', null, null, '4000020829200148508', 'CMM594086890');
INSERT INTO `CIFPAY_TRD_BUSINESS` VALUES ('20768759212016042213584897', 'CREDIT_BANK_PAYED', '3993141313011712', 'W1461304710608', '1000001', null, '30', 'BANK_DIRECT', '1.00', 'ICBC', null, null, null, '2016-04-22 13:58:48', '2016-05-25 13:58:44', null, 'S', null, '2016-04-22 13:58:58', 'ICBC', null, null, '4000020829200148508', 'CMM595616886');
INSERT INTO `CIFPAY_TRD_BUSINESS` VALUES ('20806227782016041816501379', 'CREDIT_BANK_PAYED', '6314510cb06f4d45af77f1d1b1ce02f2', 'W1460968590499', '1000001', null, '30', 'BANK_DIRECT', '1.00', 'ICBC', null, null, null, '2016-04-18 16:50:13', '2016-05-25 16:50:13', null, 'S', null, '2016-04-18 16:50:18', 'ICBC', null, null, '4000020829200148508', 'CMM595136914');
INSERT INTO `CIFPAY_TRD_BUSINESS` VALUES ('20890172462016042213371623', 'CREDIT_BANK_PAYED', '3987719457865728', 'W1461293895444', '1000001', null, '30', 'BANK_DIRECT', '1.00', 'ICBC', null, null, null, '2016-04-22 13:37:16', '2016-05-25 13:37:06', null, 'S', null, '2016-04-22 13:37:26', 'ICBC', null, null, '4000020829200148508', 'CMM595616882');
INSERT INTO `CIFPAY_TRD_BUSINESS` VALUES ('209579595220160421162627158', 'CREDIT_BANK_PAYED', '3313fff6794548f482f94b72bda1e44f', 'Cd808d90acb6d', '1000001', null, '50', 'THIRD_PAY', '1.00', 'ALIPAY', null, null, '13888888888', '2016-04-21 16:26:27', '2016-04-21 16:26:27', null, 'C', '0', '2016-04-21 16:26:27', 'ALIPAY', null, null, 'admin@et2t.com', '支付宝充值');
INSERT INTO `CIFPAY_TRD_BUSINESS` VALUES ('209832419720160328150309612', 'CREDIT_BANK_PAYED', '8031b99e56b64cc498a8d699cb9f8a6f', 'orderId5a4d73157ce64a8182e84d8cc8b3f14a', '111111', null, '50', 'THIRD_PAY', '1.00', 'ALIPAY', null, null, '13800138001', '2016-03-28 15:03:09', '2016-03-28 15:03:09', null, 'C', '0', '2016-03-28 15:03:09', 'ALIPAY', null, null, 'admin@et2t.com', '支付宝充值');
INSERT INTO `CIFPAY_TRD_BUSINESS` VALUES ('21023454802016032917120340', 'CREDIT_BANK_PAYED', '7255db0569054c17a63f780ef5501501', 'W2dbf9828ffae', '1000001', null, '30', 'BANK_DIRECT', '100088.00', 'ICBC', null, null, null, '2016-03-29 17:12:03', '2016-03-31 17:12:03', null, 'S', null, '2016-03-29 17:12:09', 'ICBC', null, null, '4000020829200148508', 'CMM593666888');
INSERT INTO `CIFPAY_TRD_BUSINESS` VALUES ('210317829920160325101854948', 'CREDIT_BANK_PAYED', '98b0fba2e39a4c8c8f13621e3bf65ad4', 'orderId57939a074cf04b989b6186bf7c452c80', '111111', null, '50', 'THIRD_PAY', '1.00', 'ALIPAY', null, 'zyem126@126.com', '13800138001', '2016-03-25 10:18:55', '2016-03-25 10:19:04', '2016-03-25 10:19:15', 'S', '1', '2016-03-25 10:19:15', 'ALIPAY', null, null, 'admin@et2t.com', '支付宝充值');
INSERT INTO `CIFPAY_TRD_BUSINESS` VALUES ('211057409820160415160933558', 'CREDIT_BANK_PAYED', '161305dbdd0846898cf53200b7fa69f7', 'W2016032811284TY5687687', '1000001', null, '50', 'THIRD_PAY', '100.00', 'ALIPAY', null, null, '13800138001', '2016-04-15 16:09:36', '2016-04-15 16:09:36', null, 'C', '0', '2016-04-15 16:09:36', 'ALIPAY', null, null, 'admin@et2t.com', '支付宝充值');
INSERT INTO `CIFPAY_TRD_BUSINESS` VALUES ('21147299382016032817542141', 'CREDIT_BANK_PAYED', '4f52dff4652b4c098ff355e245036497', 'W291e17f4af55', '1000001', null, '30', 'BANK_DIRECT', '100088.00', 'ICBC', null, null, null, '2016-03-28 17:54:21', '2016-03-31 17:54:21', null, 'S', null, '2016-03-28 17:54:24', 'ICBC', null, null, '4000020829200148508', 'CMM593526898');
INSERT INTO `CIFPAY_TRD_BUSINESS` VALUES ('212250272320160421210407198', 'CREDIT_BANK_PAYED', 'cd17ab99dac04958a730880d357a262d', 'C7d954d77a7b0', '1000001', null, '50', 'THIRD_PAY', '1.00', 'ALIPAY', null, null, '13888888888', '2016-04-21 21:04:07', '2016-04-21 21:04:07', null, 'C', '0', '2016-04-21 21:04:07', 'ALIPAY', null, null, 'admin@et2t.com', '支付宝充值');
INSERT INTO `CIFPAY_TRD_BUSINESS` VALUES ('21303977292016042213310265', 'CREDIT_BANK_PAYED', '3986150381322240', 'W1461293895444', '1000001', null, '30', 'BANK_DIRECT', '1.00', 'ICBC', null, null, null, '2016-04-22 13:31:02', '2016-04-22 13:31:02', null, 'F', null, '2016-04-22 13:31:04', 'ICBC', null, null, '4000020829200148508', '银企直联提现');
INSERT INTO `CIFPAY_TRD_BUSINESS` VALUES ('21340468102016032913455790', 'CREDIT_BANK_PAYED', '4fe4a7ee257a475a827bc412ed0efd97', 'W031430045a5a', '1000001', null, '30', 'BANK_DIRECT', '100088.00', 'ICBC', null, null, null, '2016-03-29 13:45:57', '2016-03-31 13:45:57', null, 'F', null, '2016-03-29 14:04:36', 'ICBC', null, null, '4000020829200148508', '银企直联提现');
INSERT INTO `CIFPAY_TRD_BUSINESS` VALUES ('2136601625201604011642363', 'CREDIT_BANK_PAYED', 'bd3839df1ae84b1b849bf09ceebb1c41', 'W1459498238178', '1000001', null, '30', 'BANK_DIRECT', '1.00', 'ICBC', null, null, null, '2016-04-01 16:42:36', '2016-04-01 16:42:36', null, 'F', null, '2016-04-01 16:42:39', 'PAB', null, null, '4000020829200148508', '银企直联提现');
INSERT INTO `CIFPAY_TRD_BUSINESS` VALUES ('2171663252016041813294249', 'CREDIT_BANK_PAYED', 'e2c773d369f14d28a1c65769bf72a258', 'W1460957360159', '1000001', null, '30', 'BANK_DIRECT', '1.00', 'ICBC', null, null, null, '2016-04-18 13:29:42', '2016-05-01 13:29:42', null, 'F', null, '2016-04-18 13:32:51', 'ICBC', null, null, '4000020829200148508', 'CMM595126886');
INSERT INTO `CIFPAY_TRD_BUSINESS` VALUES ('22223461320160329092705599', 'CREDIT_BANK_PAYED', 'fb5b933594bf46e583e608038bd4597a', 'W08fa69130a9d', '1000001', null, '50', 'THIRD_PAY', '1.00', 'ALIPAY', null, null, '13800138001', '2016-03-29 09:27:05', '2016-03-29 09:27:05', null, 'C', '0', '2016-03-29 09:27:05', 'ALIPAY', null, null, 'admin@et2t.com', '支付宝充值');
INSERT INTO `CIFPAY_TRD_BUSINESS` VALUES ('22494631520160326173334104', 'CREDIT_BANK_PAYED', '2471c379e740437894e6884a79c79b56', 'orderIdff7d668c406645e2abddd7b5f8d11ff6', '111111', null, '50', 'THIRD_PAY', '1.00', 'ALIPAY', null, null, '13800138001', '2016-03-26 17:33:34', '2016-03-26 17:33:34', null, 'C', '0', '2016-03-26 17:33:34', 'ALIPAY', null, null, 'admin@et2t.com', '支付宝充值');
INSERT INTO `CIFPAY_TRD_BUSINESS` VALUES ('22739253020160418105223899', 'CREDIT_BANK_PAYED', '6335382a49ca42309dc0cffbf571919b', 'W1460947479570', '1000001', null, '30', 'BANK_DIRECT', '1.00', 'ICBC', null, null, null, '2016-04-18 10:52:23', null, null, 'F', null, '2016-04-18 10:52:24', 'ICBC', null, null, '4000020829200148508', '银企直联提现');
INSERT INTO `CIFPAY_TRD_BUSINESS` VALUES ('23158338020160416183144731', 'CREDIT_BANK_PAYED', '56f2caf1fe00436baffdbac879f108aa', 'C807cb94cfb8f', '1000001', null, '50', 'THIRD_PAY', '1.00', 'ALIPAY', null, null, '13888888888', '2016-04-16 18:31:44', '2016-04-16 18:31:44', null, 'C', '0', '2016-04-16 18:31:44', 'ALIPAY', null, null, 'admin@et2t.com', '支付宝充值');
INSERT INTO `CIFPAY_TRD_BUSINESS` VALUES ('23224705020160418095503313', 'CREDIT_BANK_PAYED', '349fbc1c1e3d487895186c16e5dc6bf5', 'Cf5e50c00419a', '1000001', null, '50', 'THIRD_PAY', '1.00', 'ALIPAY', null, '18664556639', '13888888888', '2016-04-18 09:55:03', '2016-04-18 09:55:41', '2016-04-19 10:19:39', 'S', '1', '2016-04-19 10:19:39', 'ALIPAY', null, null, 'admin@et2t.com', '支付宝充值');
INSERT INTO `CIFPAY_TRD_BUSINESS` VALUES ('2339641652016041613235224', 'CREDIT_BANK_PAYED', '14eadfee2c554f97bad897c22e4c064e', 'W1460782174682', '1000001', null, '30', 'BANK_DIRECT', '1.00', 'ICBC', null, null, null, '2016-04-16 13:23:52', '2016-05-01 13:23:52', null, 'S', null, '2016-04-16 13:24:08', 'ICBC', null, null, '4000020829200148508', 'CMM595096882');
INSERT INTO `CIFPAY_TRD_BUSINESS` VALUES ('2368695072016041515200160', 'ICBC', 'ICBC_20160415152001175', 'orderId', 'thirdId', 'CREDIT_TO_OPEN', '1', 'tradeChnId', '20.00', 'ICBC', '4412xxxxx12315xxx', '4412xxxxx12315xxx', '13012341234', '2016-04-15 15:20:01', '2016-03-15 00:00:00', '2016-03-16 00:00:00', 'S', '1', '2016-04-15 00:00:00', 'ICBC', 'recvBankCardNo', null, 'recvBankAccno', 'remark');
INSERT INTO `CIFPAY_TRD_BUSINESS` VALUES ('240148752016041517595986', 'CREDIT_BANK_PAYED', '43ff0de5a4044a8781a10d0337779390', 'W1460713097001', '1000001', null, '30', 'BANK_DIRECT', '1.00', 'ICBC', null, null, null, '2016-04-15 17:59:59', null, null, 'F', null, '2016-04-15 18:04:59', 'ICBC', null, null, '4000020829200148508', '银企直联提现');
INSERT INTO `CIFPAY_TRD_BUSINESS` VALUES ('24494915020160416124303582', 'CREDIT_BANK_PAYED', '57683d97662443879e73cdbb132fb497', 'W1460781733655', '1000001', null, '30', 'BANK_DIRECT', '1.00', 'ICBC', null, null, null, '2016-04-16 12:43:03', '2016-05-01 12:43:03', null, 'F', null, '2016-04-16 12:43:04', 'ICBC', null, null, '4000020829200148508', '银企直联提现');
INSERT INTO `CIFPAY_TRD_BUSINESS` VALUES ('24712213420160415193150716', 'CREDIT_BANK_PAYED', '49aeb8e53bf84cff8a555ab7d788eb1b', 'Wfeb825daae91', '1000001', null, '50', 'THIRD_PAY', '1.00', 'ALIPAY', null, null, '13800138001', '2016-04-15 19:31:50', '2016-04-15 19:31:50', null, 'C', '0', '2016-04-15 19:31:50', 'ALIPAY', null, null, 'admin@et2t.com', '支付宝充值');
INSERT INTO `CIFPAY_TRD_BUSINESS` VALUES ('24914831820160418102034643', 'CREDIT_BANK_PAYED', '8bce708453f2455aa99bc16ed811220d', 'Cbd2a42a40793', '1000001', null, '50', 'THIRD_PAY', '1.00', 'ALIPAY', null, null, '13888888888', '2016-04-18 10:20:34', '2016-04-18 10:20:34', null, 'C', '0', '2016-04-18 10:20:34', 'ALIPAY', null, null, 'admin@et2t.com', '支付宝充值');
INSERT INTO `CIFPAY_TRD_BUSINESS` VALUES ('25436046720160415194502704', 'CREDIT_BANK_PAYED', '3f76210281ab49d6ab92b4660b14cd8e', 'W9970bebd3383', '1000001', null, '50', 'THIRD_PAY', '1.00', 'ALIPAY', null, null, '13800138001', '2016-04-15 19:45:02', '2016-04-15 19:45:02', null, 'C', '0', '2016-04-15 19:45:02', 'ALIPAY', null, null, 'admin@et2t.com', '支付宝充值');
INSERT INTO `CIFPAY_TRD_BUSINESS` VALUES ('25558179720160415181453571', 'CREDIT_BANK_PAYED', 'e829162611634012a50f44b0b5893890', 'Wfe693ac4a236', '1000001', null, '50', 'THIRD_PAY', '1.00', 'ALIPAY', null, null, '13800138001', '2016-04-15 18:14:53', '2016-04-15 18:14:53', null, 'C', '0', '2016-04-15 18:14:53', 'ALIPAY', null, null, 'admin@et2t.com', '支付宝充值');
INSERT INTO `CIFPAY_TRD_BUSINESS` VALUES ('257670232016041516093715', 'CREDIT_BANK_PAYED', 'e2c93d5013c9444db1a4bbb83839acd7', 'W2016032811284TY5687687', '1000001', null, '50', 'THIRD_PAY', '100.00', 'ALIPAY', null, null, '13800138001', '2016-04-15 16:09:37', '2016-04-15 16:09:37', null, 'C', '0', '2016-04-15 16:09:37', 'ALIPAY', null, null, 'admin@et2t.com', '支付宝充值');
INSERT INTO `CIFPAY_TRD_BUSINESS` VALUES ('26403525820160419094003582', 'CREDIT_BANK_PAYED', 'c5d4e6b7441943e780ba176ec20b8a5d', 'W1461030013934', '1000001', null, '30', 'BANK_DIRECT', '1.00', 'ICBC', null, null, null, '2016-04-19 09:40:03', '2016-05-25 09:40:03', null, 'S', null, '2016-04-19 09:40:10', 'ICBC', null, null, '4000020829200148508', 'CMM595156884');
INSERT INTO `CIFPAY_TRD_BUSINESS` VALUES ('27052813220160328145630700', 'CREDIT_BANK_PAYED', '1a32496ee6ea4e1fae702b429a319215', 'orderId9187c8ca9e9248c2b8b6f1c9824337bb', '111111', null, '50', 'THIRD_PAY', '1.00', 'ALIPAY', null, null, '13800138001', '2016-03-28 14:56:30', '2016-03-28 14:56:30', null, 'C', '0', '2016-03-28 14:56:30', 'ALIPAY', null, null, 'admin@et2t.com', '支付宝充值');
INSERT INTO `CIFPAY_TRD_BUSINESS` VALUES ('2789968732016033118325966', 'CREDIT_BANK_PAYED', 'e27a6aa7336949dcabdbea34a6f52c81', 'W1459391727662', '1000001', null, '30', 'BANK_DIRECT', '1.00', 'ICBC', null, null, null, '2016-03-31 18:32:59', '2016-03-31 18:32:59', null, 'F', null, '2016-03-31 18:33:02', 'PAB', null, null, '4000020829200148508', '银企直联提现');
INSERT INTO `CIFPAY_TRD_BUSINESS` VALUES ('27948113020160330164146335', 'CREDIT_BANK_PAYED', '5d8819718ecc4a31bb44adf660602ed7', 'W1459327200396', '1000001', null, '30', 'BANK_DIRECT', '1.00', 'ICBC', null, null, null, '2016-03-30 16:41:46', '2016-03-31 16:41:46', null, 'F', null, '2016-03-30 16:43:01', 'ICBC', null, null, '4000020829200148508', 'CMM593806885');
INSERT INTO `CIFPAY_TRD_BUSINESS` VALUES ('29808048520160418134701732', 'CREDIT_BANK_PAYED', 'b3c1eee8570d49e180521225ca88f5ea', 'W1460958039313', '1000001', null, '30', 'BANK_DIRECT', '1.00', 'ICBC', null, null, null, '2016-04-18 13:47:01', null, null, 'F', null, '2016-04-18 13:47:01', 'ICBC', null, null, '4000020829200148508', '银企直联提现');
INSERT INTO `CIFPAY_TRD_BUSINESS` VALUES ('2992658020160418163230461', 'CREDIT_BANK_PAYED', '7966c99d217a4f09b9f724940d825e13', 'W1460966983141', '1000001', null, '30', 'BANK_DIRECT', '1.00', 'ICBC', null, null, null, '2016-04-18 16:32:30', '2016-05-25 16:32:30', null, 'F', null, '2016-04-18 16:32:30', 'ICBC', null, null, '4000020829200148508', '银企直联提现');
INSERT INTO `CIFPAY_TRD_BUSINESS` VALUES ('30028083920160401101923686', 'CREDIT_BANK_PAYED', 'e9aa507bcca2422f8454da54c5a15c1f', 'W1459477105677', '1000001', null, '30', 'BANK_DIRECT', '1.00', 'ICBC', null, null, null, '2016-04-01 10:19:23', '2016-04-01 10:19:23', null, 'F', null, '2016-04-01 10:19:27', 'PAB', null, null, '4000020829200148508', 'CMM594076902');
INSERT INTO `CIFPAY_TRD_BUSINESS` VALUES ('30441754520160415194618252', 'CREDIT_BANK_PAYED', '04400c05ae4447bdae29e1bcee32c279', 'W8ea1512b2199', '1000001', null, '50', 'THIRD_PAY', '1.00', 'ALIPAY', null, null, '13800138001', '2016-04-15 19:46:18', '2016-04-15 19:46:18', null, 'C', '0', '2016-04-15 19:46:18', 'ALIPAY', null, null, 'admin@et2t.com', '支付宝充值');
INSERT INTO `CIFPAY_TRD_BUSINESS` VALUES ('30968475520160329135428898', 'CREDIT_BANK_PAYED', '0a774db9f0f34f2992056a6ebd6850b6', 'W1f9165c67d7f', '1000001', null, '50', 'THIRD_PAY', '1.00', 'ALIPAY', null, null, '13800138001', '2016-03-29 13:54:28', '2016-03-29 13:54:28', null, 'C', '0', '2016-03-29 13:54:28', 'ALIPAY', null, null, 'admin@et2t.com', '支付宝充值');
INSERT INTO `CIFPAY_TRD_BUSINESS` VALUES ('32549988920160420110954969', 'CREDIT_BANK_PAYED', '83826945ec18417795c1bb86f930c88a', 'Dee7c05bc35e6', '1000001', null, '30', 'BANK_DIRECT', '1.00', 'ICBC', null, null, null, '2016-04-20 11:09:54', '2016-05-25 11:02:52', null, 'S', null, '2016-04-20 11:10:18', 'ICBC', null, null, '4000020829200148508', 'CMM595396886');
INSERT INTO `CIFPAY_TRD_BUSINESS` VALUES ('3258749420160329102551456', 'CREDIT_BANK_PAYED', '8e2bbcf2f7f544faa020662489048d01', 'Wdb60fd090a5b', '1000001', null, '30', 'BANK_DIRECT', '100088.00', 'ICBC', null, null, null, '2016-03-29 10:25:51', '2016-03-25 10:25:51', null, 'F', null, '2016-03-29 13:47:24', 'ICBC', null, null, '4000020829200148508', '银企直联提现');
INSERT INTO `CIFPAY_TRD_BUSINESS` VALUES ('32793145920160401105728125', 'CREDIT_BANK_PAYED', 'e3b99e462e7e4a8abc5b50e4723486de', 'W1459477307963', '1000001', null, '30', 'BANK_DIRECT', '1.00', 'ICBC', null, null, null, '2016-04-01 10:57:28', '2016-04-01 10:57:28', null, 'F', null, '2016-04-01 10:57:31', 'PAB', null, null, '4000020829200148508', 'CMM594086888');
INSERT INTO `CIFPAY_TRD_BUSINESS` VALUES ('33323510920160416173127162', 'CREDIT_BANK_PAYED', '149dafb7ee59423eb7dea61608134c77', 'Cf4889139eb7c', '1000001', null, '50', 'THIRD_PAY', '99900.00', 'ALIPAY', null, null, '13888888888', '2016-04-16 17:31:27', '2016-04-16 17:31:27', null, 'C', '0', '2016-04-16 17:31:27', 'ALIPAY', null, null, 'admin@et2t.com', '支付宝充值');
INSERT INTO `CIFPAY_TRD_BUSINESS` VALUES ('33883262420160418111755923', 'CREDIT_BANK_PAYED', 'cf6796143a064541b84ac5f2827eb102', 'W1460949160276', '1000001', null, '30', 'BANK_DIRECT', '1.00', 'ICBC', null, null, null, '2016-04-18 11:17:55', null, null, 'F', null, '2016-04-18 11:17:56', 'ICBC', null, null, '4000020829200148508', '银企直联提现');
INSERT INTO `CIFPAY_TRD_BUSINESS` VALUES ('34006417620160419175211463', 'CREDIT_BANK_PAYED', '15f444828e154cb4a8b253a7c0021702', 'W1461046630168', '1000001', null, '30', 'BANK_DIRECT', '1.00', 'ICBC', null, null, null, '2016-04-19 17:52:11', '2016-05-25 17:45:08', null, 'S', null, '2016-04-19 17:52:16', 'ICBC', null, null, '4000020829200148508', 'CMM595336883');
INSERT INTO `CIFPAY_TRD_BUSINESS` VALUES ('36241907520160421173823457', 'CREDIT_BANK_PAYED', '5ed125ca84024e4591bc9d7708d818b0', '20160421173827313493', '1000001', null, '50', 'THIRD_PAY', '1000.00', 'ALIPAY', null, null, null, '2016-04-21 17:38:23', '2016-04-21 17:38:23', null, 'C', '0', '2016-04-21 17:38:23', 'ALIPAY', null, null, 'admin@et2t.com', '支付宝充值');
INSERT INTO `CIFPAY_TRD_BUSINESS` VALUES ('37241695920160419192041328', 'CREDIT_BANK_PAYED', '66bf664a9d0646dbbdaffd46d30666be', 'Dd084900c4c00', '1000001', null, '30', 'BANK_DIRECT', '1.00', 'ICBC', null, null, null, '2016-04-19 19:20:41', '2016-04-19 19:20:41', null, 'F', null, '2016-04-19 19:20:42', 'ICBC', null, null, '4000020829200148508', '银企直联提现');
INSERT INTO `CIFPAY_TRD_BUSINESS` VALUES ('37501711720160418111900701', 'CREDIT_BANK_PAYED', 'bfb8defd098d498d9397f92a7ac17cee', 'W1460949160276', '1000001', null, '30', 'BANK_DIRECT', '1.00', 'ICBC', null, null, null, '2016-04-18 11:19:00', null, null, 'F', null, '2016-04-18 11:19:02', 'ICBC', null, null, '4000020829200148508', '银企直联提现');
INSERT INTO `CIFPAY_TRD_BUSINESS` VALUES ('3774864092016040116444620', 'CREDIT_BANK_PAYED', '146151daf62347a0b47a613d43790eba', 'W1459498238178', '1000001', null, '30', 'BANK_DIRECT', '1.00', 'ICBC', null, null, null, '2016-04-01 16:44:46', '2016-04-01 16:44:46', null, 'F', null, '2016-04-01 16:47:45', 'PAB', null, null, '4000020829200148508', 'CMM594156889');
INSERT INTO `CIFPAY_TRD_BUSINESS` VALUES ('39660525020160401112750424', 'CREDIT_BANK_PAYED', 'e070367fbdd5411faa391e2b4e35d240', 'W1459477307963', '1000001', null, '30', 'BANK_DIRECT', '1.00', 'ICBC', null, null, null, '2016-04-01 11:27:50', '2016-04-01 11:27:50', null, 'F', null, '2016-04-01 11:27:54', 'PAB', null, null, '4000020829200148508', 'CMM594086902');
INSERT INTO `CIFPAY_TRD_BUSINESS` VALUES ('40457361120160418111742910', 'CREDIT_BANK_PAYED', '041e0999d32c480e8c3e27ea254ba272', 'W1460949160276', '1000001', null, '30', 'BANK_DIRECT', '1.00', 'ICBC', null, null, null, '2016-04-18 11:17:42', null, null, 'F', null, '2016-04-18 11:17:42', 'ICBC', null, null, '4000020829200148508', '银企直联提现');
INSERT INTO `CIFPAY_TRD_BUSINESS` VALUES ('40848164220160421210419149', 'CREDIT_BANK_PAYED', '12b2920bf54e442b91a7296a04b9b122', 'Cef65630662e1', '1000001', null, '50', 'THIRD_PAY', '1.00', 'ALIPAY', null, null, '13888888888', '2016-04-21 21:04:19', '2016-04-21 21:04:19', null, 'C', '0', '2016-04-21 21:04:19', 'ALIPAY', null, null, 'admin@et2t.com', '支付宝充值');
INSERT INTO `CIFPAY_TRD_BUSINESS` VALUES ('40856551720160418105409909', 'CREDIT_BANK_PAYED', 'ef7205445f0d4b2ea020e5168bbbc1f2', 'W1460947479570', '1000001', null, '30', 'BANK_DIRECT', '1.00', 'ICBC', null, null, null, '2016-04-18 10:54:09', null, null, 'F', null, '2016-04-18 10:54:09', 'ICBC', null, null, '4000020829200148508', '银企直联提现');
INSERT INTO `CIFPAY_TRD_BUSINESS` VALUES ('41163058020160326155745491', 'CREDIT_BANK_PAYED', '38963b0a176f40dd80e13a519ab76b9b', 'dfe6fe44f3ba4d9cb1eabcd8a909dc1d', '1000001', null, '30', 'BANK_DIRECT', '1.00', 'test', null, null, null, '2016-03-26 15:57:45', '2016-03-25 15:57:45', null, 'F', null, '2016-03-26 15:57:48', 'test', null, null, '4000020829200148508', '银企直联提现');
INSERT INTO `CIFPAY_TRD_BUSINESS` VALUES ('41262090020160418163007701', 'CREDIT_BANK_PAYED', '171425887628493fb5933513f6bc2e97', 'W1460966983141', '1000001', null, '30', 'BANK_DIRECT', '1.00', 'ICBC', null, null, null, '2016-04-18 16:30:07', '2016-05-25 16:30:07', null, 'S', null, '2016-04-18 16:30:15', 'ICBC', null, null, '4000020829200148508', 'CMM595136893');
INSERT INTO `CIFPAY_TRD_BUSINESS` VALUES ('41445637820160330163317929', 'CREDIT_BANK_PAYED', '871b8075f59a4cbeaf3f4151d5d7691d', 'W1459326778527', '1000001', null, '30', 'BANK_DIRECT', '1.00', 'ICBC', null, null, null, '2016-03-30 16:33:17', '2016-03-31 16:33:18', null, 'S', null, '2016-03-30 16:33:26', 'ICBC', null, null, '4000020829200148508', 'CMM593806882');
INSERT INTO `CIFPAY_TRD_BUSINESS` VALUES ('41494766720160418154023784', 'CREDIT_BANK_PAYED', 'fc4aec5ad3f94fa5a957c28e3cee8bbc', 'W1460964401779', '1000001', null, '30', 'BANK_DIRECT', '1.00', 'ICBC', null, null, null, '2016-04-18 15:40:23', null, null, 'F', null, '2016-04-18 15:40:26', 'ICBC', null, null, '4000020829200148508', '银企直联提现');
INSERT INTO `CIFPAY_TRD_BUSINESS` VALUES ('41515293420160418111219282', 'CREDIT_BANK_PAYED', 'e76338bdd2734afcbb97aaf306daaab0', 'W1460949117715', '1000001', null, '30', 'BANK_DIRECT', '1.00', 'ICBC', null, null, null, '2016-04-18 11:12:19', '2016-05-01 11:12:19', null, 'S', null, '2016-04-18 11:12:22', 'ICBC', null, null, '4000020829200148508', 'CMM595116894');
INSERT INTO `CIFPAY_TRD_BUSINESS` VALUES ('4159501920160421210639126', 'CREDIT_BANK_PAYED', 'ae381979ecb8415aad707999fc6f100a', 'C10d08ea6b27a', '1000001', null, '50', 'THIRD_PAY', '1.00', 'ALIPAY', null, null, '13888888888', '2016-04-21 21:06:39', '2016-04-21 21:06:39', null, 'C', '0', '2016-04-21 21:06:39', 'ALIPAY', null, null, 'admin@et2t.com', '支付宝充值');
INSERT INTO `CIFPAY_TRD_BUSINESS` VALUES ('4262208772016032817585750', 'CREDIT_BANK_PAYED', '3f5074f23d1445e5a8d55c7e86c36df7', 'W00bf318bab08', '1000001', null, '30', 'BANK_DIRECT', '100088.00', 'ICBC', null, null, null, '2016-03-28 17:58:57', '2016-03-31 17:58:57', null, 'S', null, '2016-03-28 18:04:03', 'ICBC', null, null, '4000020829200148508', 'CMM593526904');
INSERT INTO `CIFPAY_TRD_BUSINESS` VALUES ('43732647420160328100111925', 'CREDIT_BANK_PAYED', '48144d09040d41168db0bfe623418fa6', 'W1458549208140', '1000001', null, '30', 'BANK_DIRECT', '1.00', 'ICBC', null, null, null, '2016-03-28 10:01:11', '2016-03-25 10:01:13', null, 'F', null, '2016-03-28 10:01:17', 'ICBC', null, null, '4000020829200148508', '银企直联提现');
INSERT INTO `CIFPAY_TRD_BUSINESS` VALUES ('44475101520160401112711884', 'CREDIT_BANK_PAYED', 'c0738cbc65f1476d8c760bfac1230124', 'W1459477307963', '1000001', null, '30', 'BANK_DIRECT', '1.00', 'ICBC', null, null, null, '2016-04-01 11:27:11', '2016-04-01 11:27:11', null, 'F', null, '2016-04-01 11:27:20', 'PAB', null, null, '4000020829200148508', 'CMM594086900');
INSERT INTO `CIFPAY_TRD_BUSINESS` VALUES ('44923368320160329095258224', 'CREDIT_BANK_PAYED', '05d911ddc2ac42c4b63168ebef7faeb0', 'W81cdb3e6391c', '1000001', null, '30', 'BANK_DIRECT', '100088.00', 'ICBC', null, null, null, '2016-03-29 09:52:58', '2016-03-31 09:52:58', null, 'S', null, '2016-03-29 09:53:38', 'ICBC', null, null, '4000020829200148508', 'CMM593576884');
INSERT INTO `CIFPAY_TRD_BUSINESS` VALUES ('44924003120160416174732492', 'CREDIT_BANK_PAYED', 'ca10be555bcb482e989c717af0c5eda7', 'C8d14084e12d9', '1000001', null, '50', 'THIRD_PAY', '99900.00', 'ALIPAY', null, null, '13888888888', '2016-04-16 17:47:32', '2016-04-16 17:47:32', null, 'C', '0', '2016-04-16 17:47:32', 'ALIPAY', null, null, 'admin@et2t.com', '支付宝充值');
INSERT INTO `CIFPAY_TRD_BUSINESS` VALUES ('4672702320160420143801506', 'CREDIT_BANK_PAYED', 'a3c4d0e94e604133afc1f06849c53a77', 'D1587c77788f8', '1000001', null, '30', 'BANK_DIRECT', '1.00', 'ICBC', null, null, null, '2016-04-20 14:38:01', '2016-05-25 14:30:58', null, 'F', null, '2016-04-20 14:38:30', 'ICBC', null, null, '4000020829200148508', 'CMM595466882');
INSERT INTO `CIFPAY_TRD_BUSINESS` VALUES ('46727955720160418105939407', 'CREDIT_BANK_PAYED', 'd0c19b3626594778b08d7730e5089366', 'W1460947479570', '1000001', null, '30', 'BANK_DIRECT', '1.00', 'ICBC', null, null, null, '2016-04-18 10:59:39', null, null, 'F', null, '2016-04-18 10:59:39', 'ICBC', null, null, '4000020829200148508', '银企直联提现');
INSERT INTO `CIFPAY_TRD_BUSINESS` VALUES ('46813121820160418110052715', 'CREDIT_BANK_PAYED', '59fc6eae03d7477499ae12122baf614b', 'W1460947479570', '1000001', null, '30', 'BANK_DIRECT', '1.00', 'ICBC', null, null, null, '2016-04-18 11:00:52', '2016-05-01 11:00:52', null, 'S', null, '2016-04-18 11:05:09', 'ICBC', null, null, '4000020829200148508', 'CMM595116890');
INSERT INTO `CIFPAY_TRD_BUSINESS` VALUES ('48013956220160415173829173', 'CREDIT_BANK_PAYED', '17ef90e46f19405ea66d9a21aa7ad346', 'W1460713097001', '1000001', null, '30', 'BANK_DIRECT', '1.00', 'ICBC', null, null, null, '2016-04-15 17:38:29', null, null, 'F', null, '2016-04-15 17:43:29', 'ICBC', null, null, '4000020829200148508', '银企直联提现');
INSERT INTO `CIFPAY_TRD_BUSINESS` VALUES ('49302625920160329094401584', 'CREDIT_BANK_PAYED', '33cf21daedda42f2bd97db8c4a360bad', 'W4cc8867ee755', '1000001', null, '30', 'BANK_DIRECT', '100088.00', 'ICBC', null, null, null, '2016-03-29 09:44:01', null, null, 'F', null, '2016-03-29 09:48:29', 'ICBC', null, null, '4000020829200148508', '银企直联提现');
INSERT INTO `CIFPAY_TRD_BUSINESS` VALUES ('50045043620160329170951718', 'CREDIT_BANK_PAYED', '9491ce25c726455cb1d7eaa13c676059', 'W1459242317014', '1000001', null, '30', 'BANK_DIRECT', '1.00', 'ICBC', null, null, null, '2016-03-29 17:09:51', '2016-03-31 17:09:51', null, 'S', null, '2016-03-29 17:10:01', 'ICBC', null, null, '4000020829200148508', 'CMM593666886');
INSERT INTO `CIFPAY_TRD_BUSINESS` VALUES ('51216711420160416165956335', 'CREDIT_BANK_PAYED', 'baaabad2c5924dcf928239420f1a8fb7', 'W1460713097001', '1000001', null, '30', 'BANK_DIRECT', '1.00', 'ICBC', null, null, null, '2016-04-16 16:59:56', '2016-05-01 16:59:56', null, 'S', null, '2016-04-16 17:03:25', 'ICBC', null, null, '4000020829200148508', 'CMM595096893');
INSERT INTO `CIFPAY_TRD_BUSINESS` VALUES ('520989920160331183548729', 'CREDIT_BANK_PAYED', '51c5d767831c469e8674934faedf2904', 'W1459391727662', '1000001', null, '30', 'BANK_DIRECT', '1.00', 'ICBC', null, null, null, '2016-03-31 18:35:48', '2016-04-01 18:35:48', null, 'F', null, '2016-03-31 18:35:57', 'PAB', null, null, '4000020829200148508', 'CMM594026884');
INSERT INTO `CIFPAY_TRD_BUSINESS` VALUES ('53367074520160328143831880', 'CREDIT_BANK_PAYED', '0962bfce1fb74e41b6fc90b87c7884e4', 'W1459147132418', '1000001', null, '30', 'BANK_DIRECT', '1.00', 'ICBC', null, null, null, '2016-03-28 14:38:31', '2016-03-31 14:38:31', null, 'S', null, '2016-03-28 14:38:37', 'ICBC', null, null, '4000020829200148508', 'CMM593456885');
INSERT INTO `CIFPAY_TRD_BUSINESS` VALUES ('54152565920160421162629362', 'CREDIT_BANK_PAYED', 'd84ca3da4d84494c84e493c857163ea7', 'Ce9dd9ec203c8', '1000001', null, '50', 'THIRD_PAY', '1.00', 'ALIPAY', null, null, '13888888888', '2016-04-21 16:26:29', '2016-04-21 16:26:29', null, 'C', '0', '2016-04-21 16:26:29', 'ALIPAY', null, null, 'admin@et2t.com', '支付宝充值');
INSERT INTO `CIFPAY_TRD_BUSINESS` VALUES ('55067698720160504113601596', 'CREDIT_BANK_PAYED', '8305862590332928', 'W1462332940740', '1000001', null, '30', 'BANK_DIRECT', '1.00', 'ICBC', null, null, null, '2016-05-04 11:36:01', '2016-06-02 11:02:35', null, 'S', null, '2016-05-04 11:36:13', 'ICBC', null, null, '4000020829200148508', 'CMM596206888');
INSERT INTO `CIFPAY_TRD_BUSINESS` VALUES ('55204092820160416173728816', 'CREDIT_BANK_PAYED', 'a323cc048e144c5590c707dba37a6675', 'Cc71bc55a365d', '1000001', null, '50', 'THIRD_PAY', '99900.00', 'ALIPAY', null, null, '13888888888', '2016-04-16 17:37:28', '2016-04-16 17:37:28', null, 'C', '0', '2016-04-16 17:37:28', 'ALIPAY', null, null, 'admin@et2t.com', '支付宝充值');
INSERT INTO `CIFPAY_TRD_BUSINESS` VALUES ('56297499220160401112644106', 'CREDIT_BANK_PAYED', '4d04ae21154943028dad68135ab5cb75', 'W1459477307963', '1000001', null, '30', 'BANK_DIRECT', '1.00', 'ICBC', null, null, null, '2016-04-01 11:26:44', '2016-04-01 11:26:44', null, 'F', null, '2016-04-01 11:26:51', 'PAB', null, null, '4000020829200148508', 'CMM594086899');
INSERT INTO `CIFPAY_TRD_BUSINESS` VALUES ('5760682320160401172709918', 'CREDIT_BANK_PAYED', 'e51859de5ccd4385bfa8cfc30d722d14', 'W1459502811484', '1000001', null, '30', 'BANK_DIRECT', '1.00', 'ICBC', null, null, null, '2016-04-01 17:27:09', null, null, 'C', null, '2016-04-01 17:27:09', 'PAB', null, null, '4000020829200148508', '银企直联提现');
INSERT INTO `CIFPAY_TRD_BUSINESS` VALUES ('58118432620160416174530233', 'CREDIT_BANK_PAYED', '6b8b5ff8141d465b9f8c5da1588c8186', 'Ced5b2a07dd3f', '1000001', null, '50', 'THIRD_PAY', '99900.00', 'ALIPAY', null, null, '13888888888', '2016-04-16 17:45:30', '2016-04-16 17:45:30', null, 'C', '0', '2016-04-16 17:45:30', 'ALIPAY', null, null, 'admin@et2t.com', '支付宝充值');
INSERT INTO `CIFPAY_TRD_BUSINESS` VALUES ('586de73695cb98620160324093034405', 'CREDIT_BANK_PAYED', 'cb4a8c9fda714f9cb586de73695cb986', 'orderIdd5b9f2e6-9420-4519-abd3-e3a928a45dc6', '222333', null, '50', 'THIRD_PAY', '1.00', 'ALIPAY', null, null, '13800138001', '2016-03-24 09:30:34', '2016-03-24 09:30:34', null, 'C', '0', '2016-03-24 09:30:34', 'ALIPAY', null, null, 'admin@et2t.com', '支付宝充值');
INSERT INTO `CIFPAY_TRD_BUSINESS` VALUES ('58769328320160401105719288', 'CREDIT_BANK_PAYED', '0108d1c509944a368535185f703697e5', 'W1459477307963', '1000001', null, '30', 'BANK_DIRECT', '1.00', 'ICBC', null, null, null, '2016-04-01 10:57:19', '2016-04-01 10:57:19', null, 'F', null, '2016-04-01 10:57:23', 'PAB', null, null, '4000020829200148508', 'CMM594086887');
INSERT INTO `CIFPAY_TRD_BUSINESS` VALUES ('59436312920160416173819126', 'CREDIT_BANK_PAYED', '9df10e77fafb4c4da3ecf0f9cf4f04ff', 'C50a3502a3d67', '1000001', null, '50', 'THIRD_PAY', '99900.00', 'ALIPAY', null, null, '13888888888', '2016-04-16 17:38:19', '2016-04-16 17:38:19', null, 'C', '0', '2016-04-16 17:38:19', 'ALIPAY', null, null, 'admin@et2t.com', '支付宝充值');
INSERT INTO `CIFPAY_TRD_BUSINESS` VALUES ('59541081520160418111447164', 'CREDIT_BANK_PAYED', 'c4ae1588a0ac4828bd3d7dcfa9d34ce9', 'W1460949160276', '1000001', null, '30', 'BANK_DIRECT', '1.00', 'ICBC', null, null, null, '2016-04-18 11:14:47', null, null, 'F', null, '2016-04-18 11:14:47', 'ICBC', null, null, '4000020829200148508', '银企直联提现');
INSERT INTO `CIFPAY_TRD_BUSINESS` VALUES ('6071110220160419182554661', 'CREDIT_BANK_PAYED', 'e94bcde3b66e446498598257f0bb9f71', 'D247b7d0e132c', '1000001', null, '30', 'BANK_DIRECT', '1.00', 'ICBC', null, null, null, '2016-04-19 18:25:54', '2016-04-19 18:25:54', null, 'F', null, '2016-04-19 18:25:55', 'ICBC', null, null, '4000020829200148508', '银企直联提现');
INSERT INTO `CIFPAY_TRD_BUSINESS` VALUES ('6118429720160418091848228', 'CREDIT_BANK_PAYED', 'b8c66b6857e84dd0b847b2315092332f', 'C2d639293038d', '1000001', null, '50', 'THIRD_PAY', '1.00', 'ALIPAY', null, '18664556639', '13888888888', '2016-04-18 09:18:48', '2016-04-18 09:19:30', '2016-04-19 09:43:43', 'S', '1', '2016-04-19 09:43:43', 'ALIPAY', null, null, 'admin@et2t.com', '支付宝充值');
INSERT INTO `CIFPAY_TRD_BUSINESS` VALUES ('61607175920160421171402752', 'CREDIT_BANK_PAYED', 'a6b149da34f44467bafc37c3b3ba6de2', '1461229996946', '1000001', null, '50', 'THIRD_PAY', '1.00', 'ALIPAY', null, null, '18812341234', '2016-04-21 17:14:02', '2016-04-21 17:14:02', null, 'C', '0', '2016-04-21 17:14:02', 'ALIPAY', null, null, 'admin@et2t.com', '支付宝充值');
INSERT INTO `CIFPAY_TRD_BUSINESS` VALUES ('61681843620160418112526607', 'CREDIT_BANK_PAYED', '7607f0cbebed4857a6c7cf59d1d25753', 'W1460949160276', '1000001', null, '30', 'BANK_DIRECT', '1.00', 'ICBC', null, null, null, '2016-04-18 11:25:26', null, null, 'F', null, '2016-04-18 11:25:28', 'ICBC', null, null, '4000020829200148508', '银企直联提现');
INSERT INTO `CIFPAY_TRD_BUSINESS` VALUES ('6184183822016041811031424', 'CREDIT_BANK_PAYED', '00d78443c7314837b7dd6b64a24b1306', 'W1460947479570', '1000001', null, '30', 'BANK_DIRECT', '1.00', 'ICBC', null, null, null, '2016-04-18 11:03:14', null, null, 'F', null, '2016-04-18 11:03:14', 'ICBC', null, null, '4000020829200148508', '银企直联提现');
INSERT INTO `CIFPAY_TRD_BUSINESS` VALUES ('62157077720160504103641221', 'CREDIT_BANK_PAYED', '8290929307811840', 'W1462329078429', '1000001', null, '30', 'BANK_DIRECT', '1.00', 'ICBC', null, null, null, '2016-05-04 10:36:41', '2016-06-02 10:03:15', null, 'F', null, '2016-05-04 10:36:41', 'ICBC', null, null, '123456', 'CMM596196886');
INSERT INTO `CIFPAY_TRD_BUSINESS` VALUES ('622b685686c590c20160324094011595', 'CREDIT_BANK_PAYED', '52012e1242cf4266b622b685686c590c', 'orderIddacff47f-f912-4e6e-91c5-d02e7015351a', '9992222', null, '50', 'THIRD_PAY', '1.00', 'ALIPAY', null, 'zyem126@126.com', '13800138001', '2016-03-24 09:40:11', '2016-03-24 09:40:17', '2016-03-24 10:04:43', 'S', '2', '2016-03-24 10:04:43', 'ALIPAY', null, null, 'admin@et2t.com', '支付宝充值');
INSERT INTO `CIFPAY_TRD_BUSINESS` VALUES ('62469196920160328114018184', 'CREDIT_BANK_PAYED', 'b68b28618a254af3b50775842747fd55', 'W20160328112841', '1000001', null, '30', 'BANK_DIRECT', '100088.00', 'ICBC', null, null, null, '2016-03-28 11:40:18', '2016-03-25 11:40:18', null, 'F', null, '2016-03-28 11:40:20', 'ICBC', null, null, '4000020829200148508', '银企直联提现');
INSERT INTO `CIFPAY_TRD_BUSINESS` VALUES ('63050291520160416175827923', 'CREDIT_BANK_PAYED', '9c0f7ebf67be4f39bd46268631533a65', 'Cb4a5f1521ef1', '1000001', null, '50', 'THIRD_PAY', '99900.00', 'ALIPAY', null, null, '13888888888', '2016-04-16 17:58:27', '2016-04-16 17:58:27', null, 'C', '0', '2016-04-16 17:58:27', 'ALIPAY', null, null, 'admin@et2t.com', '支付宝充值');
INSERT INTO `CIFPAY_TRD_BUSINESS` VALUES ('63092011120160419095134397', 'CREDIT_BANK_PAYED', 'fe33f91b77e243fe99bd6af466985e90', 'D78a2c0e7ca97', '1000001', null, '30', 'BANK_DIRECT', '1.00', 'ICBC', null, null, null, '2016-04-19 09:51:34', '2016-05-25 09:51:34', null, 'F', null, '2016-04-19 09:51:37', 'ICBC', null, null, '4000020829200148508', '银企直联提现');
INSERT INTO `CIFPAY_TRD_BUSINESS` VALUES ('63990216620160331103153212', 'CREDIT_BANK_PAYED', 'f71dce86a29241b3bc1cdc71c1a19b18', 'W1459327200396', '1000001', null, '30', 'BANK_DIRECT', '1.00', 'ICBC', null, null, null, '2016-03-31 10:31:53', '2016-03-31 10:31:53', null, 'S', null, '2016-03-31 10:32:58', 'ICBC', null, null, '4000020829200148508', 'CMM593856886');
INSERT INTO `CIFPAY_TRD_BUSINESS` VALUES ('64409452320160421163307152', 'CREDIT_BANK_PAYED', '82366ce3f64740bb8627f736048c37a5', 'Cbf2114a0988f', '1000001', null, '50', 'THIRD_PAY', '1.00', 'ALIPAY', null, null, '13888888888', '2016-04-21 16:33:07', '2016-04-21 16:33:07', null, 'C', '0', '2016-04-21 16:33:07', 'ALIPAY', null, null, 'admin@et2t.com', '支付宝充值');
INSERT INTO `CIFPAY_TRD_BUSINESS` VALUES ('6576057022016041909441276', 'CREDIT_BANK_PAYED', '2ab76207d6d94b3fb16951559f555d5b', 'Df91c5287764d', '1000001', null, '30', 'BANK_DIRECT', '1.00', 'ICBC', null, null, null, '2016-04-19 09:44:12', '2016-05-25 09:44:12', null, 'F', null, '2016-04-19 09:44:12', 'ICBC', null, null, '4000020829200148508', '银企直联提现');
INSERT INTO `CIFPAY_TRD_BUSINESS` VALUES ('66270142720160420093433174', 'CREDIT_BANK_PAYED', 'eff5502af6eb4c2e909cc76bd295aea6', 'W1461115699357', '1000001', null, '30', 'BANK_DIRECT', '1.00', 'ICBC', null, null, null, '2016-04-20 09:34:33', '2016-05-25 09:32:33', null, 'S', null, '2016-04-20 09:34:58', 'ICBC', null, null, '4000020829200148508', 'CMM595366885');
INSERT INTO `CIFPAY_TRD_BUSINESS` VALUES ('66605177620160329093659199', 'CREDIT_BANK_PAYED', '2eac86407aa64e0f8230beaded1196a3', 'Wca94135292b4', '1000001', null, '30', 'BANK_DIRECT', '100088.00', 'ICBC', null, null, null, '2016-03-29 09:36:59', '2016-03-31 09:36:59', null, 'S', null, '2016-03-29 09:37:06', 'ICBC', null, null, '4000020829200148508', 'CMM593566885');
INSERT INTO `CIFPAY_TRD_BUSINESS` VALUES ('66621643820160329100232561', 'CREDIT_BANK_PAYED', '915d7ea8a6d6495ba442b2d0a2871757', 'W1e1ac00d441b', '1000001', null, '30', 'BANK_DIRECT', '100088.00', 'ICBC', null, null, null, '2016-03-29 10:02:32', null, null, 'C', null, '2016-03-29 10:02:32', 'ICBC', null, null, '4000020829200148508', '银企直联提现');
INSERT INTO `CIFPAY_TRD_BUSINESS` VALUES ('66811030120160326165631797', 'CREDIT_BANK_PAYED', 'e488720bd007416c8a112370726c47c9', 'orderIddd73f71f0d374edd96e3ddad86ef4a8b', '111111', null, '50', 'THIRD_PAY', '1.00', 'ALIPAY', null, null, '13800138001', '2016-03-26 16:56:31', '2016-03-26 16:56:31', null, 'C', '0', '2016-03-26 16:56:31', 'ALIPAY', null, null, 'admin@et2t.com', '支付宝充值');
INSERT INTO `CIFPAY_TRD_BUSINESS` VALUES ('67017479320160326154256893', 'CREDIT_BANK_PAYED', '643a7974786a4e458dfaaaa99f6a09dd', 'orderIdad238a77653a40c59f9c066e16a7e557', '111111', null, '50', 'THIRD_PAY', '1.00', 'ALIPAY', null, 'zyem126@126.com', '13800138001', '2016-03-26 15:42:56', '2016-03-26 15:43:05', '2016-03-26 15:47:04', 'S', '1', '2016-03-26 15:47:04', 'ALIPAY', null, null, 'admin@et2t.com', '支付宝充值');
INSERT INTO `CIFPAY_TRD_BUSINESS` VALUES ('6728798402016040110573354', 'CREDIT_BANK_PAYED', '599ae3a1f33648b3a9c905326d2a2de5', 'W1459477307963', '1000001', null, '30', 'BANK_DIRECT', '1.00', 'ICBC', null, null, null, '2016-04-01 10:57:33', '2016-04-01 10:57:33', null, 'F', null, '2016-04-01 10:57:36', 'PAB', null, null, '4000020829200148508', 'CMM594086889');
INSERT INTO `CIFPAY_TRD_BUSINESS` VALUES ('6817119620160326154905908', 'CREDIT_BANK_PAYED', '85c9136fcffd4a54a94e0f86a84cb881', 'f013b90b21f64debbe129faf341fe518', '1000001', null, '30', 'BANK_DIRECT', '1.00', 'test', null, null, null, '2016-03-26 15:49:05', '2016-03-25 15:49:05', null, 'F', null, '2016-03-26 15:49:08', 'test', null, null, '4000020829200148508', '银企直联提现');
INSERT INTO `CIFPAY_TRD_BUSINESS` VALUES ('68459854920160416182003621', 'CREDIT_BANK_PAYED', '91c20a008d1241ff9580ac846a28155a', 'C72077e3e3c6e', '1000001', null, '50', 'THIRD_PAY', '1.00', 'ALIPAY', null, null, '13888888888', '2016-04-16 18:20:03', '2016-04-16 18:20:03', null, 'C', '0', '2016-04-16 18:20:03', 'ALIPAY', null, null, 'admin@et2t.com', '支付宝充值');
INSERT INTO `CIFPAY_TRD_BUSINESS` VALUES ('696621295201604151615324', 'CREDIT_BANK_PAYED', '396e9653af49422e8c6f67bbb94eb76c', 'W20160328112786555', '1000001', null, '50', 'THIRD_PAY', '1.00', 'ALIPAY', null, null, '13800138001', '2016-04-15 16:15:32', '2016-04-15 16:15:32', null, 'C', '0', '2016-04-15 16:15:32', 'ALIPAY', null, null, 'admin@et2t.com', '支付宝充值');
INSERT INTO `CIFPAY_TRD_BUSINESS` VALUES ('6a2e85da273291220160323145308505', 'CREDIT_BANK_PAYED', 'dfed992864cb48a2b6a2e85da2732912', '34242342001', '5556660', null, '50', 'THIRD_PAY', '1.00', 'ALIPAY', null, null, '15889630962', '2016-03-23 14:53:08', '2016-03-23 14:53:08', null, 'C', '0', '2016-03-23 14:53:08', 'ALIPAY', null, null, 'admin@et2t.com', '支付宝充值');
INSERT INTO `CIFPAY_TRD_BUSINESS` VALUES ('6a51d142c8f9e2e20160322185116246', 'CREDIT_BANK_PAYED', 'a6158d34df3e4b9f86a51d142c8f9e2e', 'orderIdfb9a234a-5790-4e76-b898-2b5f635cf047', '8885222522', null, '50', '3RD_ALIPAY', '1.00', 'ALIPAY', null, null, '13800138001', '2016-03-22 18:51:16', '2016-03-22 18:51:16', null, 'C', null, '2016-03-22 18:51:16', 'ALIPAY', null, null, 'admin@et2t.com', '支付宝充值');
INSERT INTO `CIFPAY_TRD_BUSINESS` VALUES ('70420417620160418095710233', 'CREDIT_BANK_PAYED', 'a5f006edb443436aad023ac9f19f8d16', 'C94aae20451f6', '1000001', null, '50', 'THIRD_PAY', '1.00', 'ALIPAY', null, null, '13888888888', '2016-04-18 09:57:10', '2016-04-18 09:57:10', null, 'C', '0', '2016-04-18 09:57:10', 'ALIPAY', null, null, 'admin@et2t.com', '支付宝充值');
INSERT INTO `CIFPAY_TRD_BUSINESS` VALUES ('70616075020160416182439435', 'CREDIT_BANK_PAYED', '177b9c25ae2f485a8399dce29fcc9375', 'C67d4ec3c5892', '1000001', null, '50', 'THIRD_PAY', '1.00', 'ALIPAY', null, null, '13888888888', '2016-04-16 18:24:39', '2016-04-16 18:24:39', null, 'C', '0', '2016-04-16 18:24:39', 'ALIPAY', null, null, 'admin@et2t.com', '支付宝充值');
INSERT INTO `CIFPAY_TRD_BUSINESS` VALUES ('70749903820160326165751450', 'CREDIT_BANK_PAYED', '1d7320d922b44d59b69c809c5c3296f6', 'orderIda39b0b50f50e4d23a576cead38f6131d', '111111', null, '50', 'THIRD_PAY', '1.00', 'ALIPAY', null, null, '13800138001', '2016-03-26 16:57:51', '2016-03-26 16:57:51', null, 'C', '0', '2016-03-26 16:57:51', 'ALIPAY', null, null, 'admin@et2t.com', '支付宝充值');
INSERT INTO `CIFPAY_TRD_BUSINESS` VALUES ('70920861520160421162821156', 'CREDIT_BANK_PAYED', 'c1f0d2d430064d9fa4672d04db066889', 'C9a7808657e06', '1000001', null, '50', 'THIRD_PAY', '1.00', 'ALIPAY', null, null, '13888888888', '2016-04-21 16:28:21', '2016-04-21 16:28:21', null, 'C', '0', '2016-04-21 16:28:21', 'ALIPAY', null, null, 'admin@et2t.com', '支付宝充值');
INSERT INTO `CIFPAY_TRD_BUSINESS` VALUES ('70959096920160325102207472', 'CREDIT_BANK_PAYED', '0c67f749e1ee4ef3aca0914ee7c46d9a', 'orderId3d37f22e07754884ad5dd25ab70bfa59', '111111', null, '50', 'THIRD_PAY', '1.00', 'ALIPAY', null, 'zyem126@126.com', '13800138001', '2016-03-25 10:22:07', '2016-03-25 10:22:15', '2016-03-25 10:26:42', 'S', '1', '2016-03-25 10:26:42', 'ALIPAY', null, null, 'admin@et2t.com', '支付宝充值');
INSERT INTO `CIFPAY_TRD_BUSINESS` VALUES ('71157822820160329165224529', 'CREDIT_BANK_PAYED', '802d0ea5392c43dd8bba73f4185004c5', 'W47c6df84f19a', '1000001', null, '30', 'BANK_DIRECT', '100088.00', 'ICBC', null, null, null, '2016-03-29 16:52:24', null, null, 'C', null, '2016-03-29 16:52:24', 'ICBC', null, null, '4000020829200148508', '银企直联提现');
INSERT INTO `CIFPAY_TRD_BUSINESS` VALUES ('7168166920160415175247552', 'CREDIT_BANK_PAYED', '9b82d2711b36461696b98bc5c66f4842', 'W20160328118889', '1000001', null, '50', 'THIRD_PAY', '1.00', 'ALIPAY', null, null, '13800138001', '2016-04-15 17:52:47', '2016-04-15 17:52:47', null, 'C', '0', '2016-04-15 17:52:47', 'ALIPAY', null, null, 'admin@et2t.com', '支付宝充值');
INSERT INTO `CIFPAY_TRD_BUSINESS` VALUES ('71709210620160415101307459', 'CREDIT_BANK_PAYED', '927738513a3b44ceb754911733d3f1d5', 'W213a06f954f0', '1000001', null, '30', 'BANK_DIRECT', '100088.00', 'ICBC', null, null, null, '2016-04-15 10:13:07', null, null, 'F', null, '2016-04-15 14:18:38', 'ICBC', null, null, '4000020829200148508', '银企直联提现');
INSERT INTO `CIFPAY_TRD_BUSINESS` VALUES ('72539055520160418101610327', 'CREDIT_BANK_PAYED', '931c9d95b9234ea99d0f7ccce543e901', 'C5f855c8cfaf6', '1000001', null, '50', 'THIRD_PAY', '99900.00', 'ALIPAY', null, null, '13888888888', '2016-04-18 10:16:10', '2016-04-18 10:16:10', null, 'C', '0', '2016-04-18 10:16:10', 'ALIPAY', null, null, 'admin@et2t.com', '支付宝充值');
INSERT INTO `CIFPAY_TRD_BUSINESS` VALUES ('72611150720160401112800114', 'CREDIT_BANK_PAYED', '29ed9c16269d4b2eac435cac82b9ae79', 'W1459477307963', '1000001', null, '30', 'BANK_DIRECT', '1.00', 'ICBC', null, null, null, '2016-04-01 11:28:00', '2016-04-01 11:28:00', null, 'F', null, '2016-04-01 11:28:03', 'PAB', null, null, '4000020829200148508', 'CMM594086903');
INSERT INTO `CIFPAY_TRD_BUSINESS` VALUES ('7340064712016040110564341', 'CREDIT_BANK_PAYED', '659de5db436145df9d2337b358511ec3', 'W1459477307963', '1000001', null, '30', 'BANK_DIRECT', '1.00', 'ICBC', null, null, null, '2016-04-01 10:56:43', '2016-04-01 10:56:43', null, 'F', null, '2016-04-01 10:56:47', 'PAB', null, null, '4000020829200148508', 'CMM594086886');
INSERT INTO `CIFPAY_TRD_BUSINESS` VALUES ('7353439972016041612552972', 'CREDIT_BANK_PAYED', '37f9ee3d90174dbe92c4dfa34a6141df', 'W1460782174682', '1000001', null, '30', 'BANK_DIRECT', '1.00', 'ICBC', null, null, null, '2016-04-16 12:55:29', '2016-05-01 12:55:29', null, 'F', null, '2016-04-16 12:55:37', 'ICBC', null, null, '4000020829200148508', '银企直联提现');
INSERT INTO `CIFPAY_TRD_BUSINESS` VALUES ('73599629420160416114737911', 'CREDIT_BANK_PAYED', 'e24b2c0c6ce04374aa799f0f66d233cc', 'W1460713097001', '1000001', null, '30', 'BANK_DIRECT', '1.00', 'ICBC', null, null, null, '2016-04-16 11:47:37', null, null, 'F', null, '2016-04-16 11:47:37', 'ICBC', null, null, '4000020829200148508', '银企直联提现');
INSERT INTO `CIFPAY_TRD_BUSINESS` VALUES ('73658795920160418160429620', 'CREDIT_BANK_PAYED', '0d2bde385f6440679a0db775d2b4ecc7', 'W1460958039313', '1000001', null, '30', 'BANK_DIRECT', '1.00', 'ICBC', null, null, null, '2016-04-18 16:04:29', '2016-05-25 16:04:29', null, 'F', null, '2016-04-18 16:04:30', 'ICBC', null, null, '4000020829200148508', '银企直联提现');
INSERT INTO `CIFPAY_TRD_BUSINESS` VALUES ('74227886020160416174253955', 'CREDIT_BANK_PAYED', '4116e8bb4b0f477eac500d98b4f296ed', 'Ce977421c70fd', '1000001', null, '50', 'THIRD_PAY', '99900.00', 'ALIPAY', null, null, '13888888888', '2016-04-16 17:42:54', '2016-04-16 17:42:54', null, 'C', '0', '2016-04-16 17:42:54', 'ALIPAY', null, null, 'admin@et2t.com', '支付宝充值');
INSERT INTO `CIFPAY_TRD_BUSINESS` VALUES ('74269479220160418133812108', 'CREDIT_BANK_PAYED', '5c1c6c90fe9c45999e516a12bcedb2b8', 'W1460951089205', '1000001', null, '30', 'BANK_DIRECT', '1.00', 'ICBC', null, null, null, '2016-04-18 13:38:12', null, null, 'F', null, '2016-04-18 13:38:12', 'ICBC', null, null, '4000020829200148508', '银企直联提现');
INSERT INTO `CIFPAY_TRD_BUSINESS` VALUES ('749d3812910e8c820160322111557363', 'CREDIT_BANK_PAYED', '52323a2bbeb0484cb749d3812910e8c8', 'orderId4122eb9d-32e8-4dc1-af50-dd41ca248c46', 'null', null, '50', '3RD_ALIPAY', '1.00', 'ALIPAY', null, null, '13800138001', '2016-03-22 11:15:57', '2016-03-22 11:15:57', null, 'C', null, '2016-03-22 11:15:57', 'ALIPAY', null, null, 'admin@et2t.com', '支付宝充值');
INSERT INTO `CIFPAY_TRD_BUSINESS` VALUES ('75756910920160401100533446', 'CREDIT_BANK_PAYED', '3148e9544155453a94a45aa9cd6f4638', 'W1459475995432', '1000001', null, '30', 'BANK_DIRECT', '1.00', 'ICBC', null, null, null, '2016-04-01 10:05:33', '2016-04-01 10:05:33', null, 'F', null, '2016-04-01 10:05:43', 'PAB', null, null, '4000020829200148508', 'CMM594076896');
INSERT INTO `CIFPAY_TRD_BUSINESS` VALUES ('763387420160419134528414', 'CREDIT_BANK_PAYED', 'e46cf78bd5634e588e6e2408cac640df', 'Cd5aea630c53c', '1000001', null, '50', 'THIRD_PAY', '1.00', 'ALIPAY', null, '18664556639', '13888888888', '2016-04-19 13:45:28', '2016-04-19 13:45:49', '2016-04-19 14:10:48', 'S', '2', '2016-04-19 14:10:48', 'ALIPAY', null, null, 'admin@et2t.com', '支付宝充值');
INSERT INTO `CIFPAY_TRD_BUSINESS` VALUES ('76366540620160418111322144', 'CREDIT_BANK_PAYED', '528c539ae95543bb8232921537b4c785', 'W1460949160276', '1000001', null, '30', 'BANK_DIRECT', '1.00', 'ICBC', null, null, null, '2016-04-18 11:13:22', null, null, 'F', null, '2016-04-18 11:13:22', 'ICBC', null, null, '4000020829200148508', '银企直联提现');
INSERT INTO `CIFPAY_TRD_BUSINESS` VALUES ('76639909620160421162821567', 'CREDIT_BANK_PAYED', 'bcca71a4626e4381a85347a69d83c4a6', 'C4557af0bd5ad', '1000001', null, '50', 'THIRD_PAY', '1.00', 'ALIPAY', null, null, '13888888888', '2016-04-21 16:28:21', '2016-04-21 16:28:21', null, 'C', '0', '2016-04-21 16:28:21', 'ALIPAY', null, null, 'admin@et2t.com', '支付宝充值');
INSERT INTO `CIFPAY_TRD_BUSINESS` VALUES ('76649122320160328175531483', 'CREDIT_BANK_PAYED', '55bb7b345b6c4632b8a1d6f7edb72cc7', 'W76dbd2e8ad0f', '1000001', null, '30', 'BANK_DIRECT', '100088.00', 'ICBC', null, null, null, '2016-03-28 17:55:31', '2016-03-31 17:55:31', null, 'S', null, '2016-03-28 17:55:34', 'ICBC', null, null, '4000020829200148508', 'CMM593526900');
INSERT INTO `CIFPAY_TRD_BUSINESS` VALUES ('7707823212016032615564266', 'CREDIT_BANK_PAYED', 'f92666b327e842d29fdff88d667c30b1', 'orderId45938e1a25994164a946cdea769ed7c4', '111111', null, '50', 'THIRD_PAY', '1.00', 'ALIPAY', null, null, '13800138001', '2016-03-26 15:56:42', '2016-03-26 15:56:42', null, 'C', '0', '2016-03-26 15:56:42', 'ALIPAY', null, null, 'admin@et2t.com', '支付宝充值');
INSERT INTO `CIFPAY_TRD_BUSINESS` VALUES ('77647626020160331104342574', 'CREDIT_BANK_PAYED', 'e03f1646d10c42508c78273bed46df14', 'W1459391727662', '1000001', null, '30', 'BANK_DIRECT', '1.00', 'ICBC', null, null, null, '2016-03-31 10:43:42', '2016-03-31 10:43:42', null, 'E', null, '2016-03-31 10:43:51', 'PAB', null, null, '4000020829200148508', 'CMM593866884');
INSERT INTO `CIFPAY_TRD_BUSINESS` VALUES ('77834473220160329094519399', 'CREDIT_BANK_PAYED', '2a117cda567d43cfb1019fb00dbb8de6', 'W117a4157b789', '1000001', null, '30', 'BANK_DIRECT', '100088.00', 'ICBC', null, null, null, '2016-03-29 09:45:19', '2016-03-31 09:45:19', null, 'S', null, '2016-03-29 09:49:34', 'ICBC', null, null, '4000020829200148508', 'CMM593576882');
INSERT INTO `CIFPAY_TRD_BUSINESS` VALUES ('7871735520160324154507864', 'CREDIT_BANK_PAYED', '21cf0822e2934d019713aa2655c2bb88', 'W1458549208140', '1000001', null, '30', 'BANK_DIRECT', '1.00', 'ICBC', null, null, null, '2016-03-24 15:45:07', '2016-03-25 15:45:07', null, 'F', null, '2016-03-24 15:45:10', 'ICBC', null, null, '4000020829200148508', 'CMM593266895');
INSERT INTO `CIFPAY_TRD_BUSINESS` VALUES ('79079141820160418104949972', 'CREDIT_BANK_PAYED', 'fa1175277c71462ea8d5c41145a04095', 'W1460947479570', '1000001', null, '30', 'BANK_DIRECT', '1.00', 'ICBC', null, null, null, '2016-04-18 10:49:49', null, null, 'F', null, '2016-04-18 10:52:07', 'ICBC', null, null, '4000020829200148508', '银企直联提现');
INSERT INTO `CIFPAY_TRD_BUSINESS` VALUES ('7cfd07b896adb7620160323105956176', 'CREDIT_BANK_PAYED', '2af69f5c6a7a4c5297cfd07b896adb76', 'orderIdbebdfdbc-d56a-4eef-b891-88378bec10c1', '222334445566', null, '50', 'THIRD_PAY', '1.00', 'ALIPAY', null, 'zyem126@126.com', '13800138001', '2016-03-23 10:59:56', '2016-03-23 11:00:43', '2016-03-23 12:24:22', 'F', '4', '2016-03-23 12:24:22', 'ALIPAY', null, null, 'admin@et2t.com', '支付宝充值');
INSERT INTO `CIFPAY_TRD_BUSINESS` VALUES ('80104397720160429182503665', 'CREDIT_BANK_PAYED', '6596859351007232', 'W1461925486587', '1000001', null, '30', 'BANK_DIRECT', '1.00', 'ICBC', null, null, null, '2016-04-29 18:25:03', null, null, 'C', null, '2016-04-29 18:25:03', 'ICBC', null, null, '4000020829200148508', '银企直联提现');
INSERT INTO `CIFPAY_TRD_BUSINESS` VALUES ('8010724182016041612061949', 'CREDIT_BANK_PAYED', 'c2931e91c7b54af1a71b4a3b9ed99e20', 'W1460713097001', '1000001', null, '30', 'BANK_DIRECT', '1.00', 'ICBC', null, null, null, '2016-04-16 12:06:19', null, null, 'F', null, '2016-04-16 12:06:22', 'ICBC', null, null, '4000020829200148508', '银企直联提现');
INSERT INTO `CIFPAY_TRD_BUSINESS` VALUES ('801611b043f58ed42016032409324489', 'CREDIT_BANK_PAYED', '334aaa84d2384c5b801611b043f58ed4', 'orderId191327cb-2ca0-4c8f-9308-adb3dc951425', '55555', null, '50', 'THIRD_PAY', '1.00', 'ALIPAY', null, 'zyem126@126.com', '13800138001', '2016-03-24 09:32:44', '2016-03-24 09:32:50', '2016-03-24 09:49:00', 'S', '2', '2016-03-24 09:49:00', 'ALIPAY', null, null, 'admin@et2t.com', '支付宝充值');
INSERT INTO `CIFPAY_TRD_BUSINESS` VALUES ('80323901420160415173118444', 'CREDIT_BANK_PAYED', 'dc6704ce448f441989004209f6be641b', 'W2016032811231233', '1000001', null, '50', 'THIRD_PAY', '1.00', 'ALIPAY', null, null, '13800138001', '2016-04-15 17:31:18', '2016-04-15 17:31:18', null, 'C', '0', '2016-04-15 17:31:18', 'ALIPAY', null, null, 'admin@et2t.com', '支付宝充值');
INSERT INTO `CIFPAY_TRD_BUSINESS` VALUES ('8092563220160401180925959', 'ICBC', 'ICBC_20160401180925632', 'orderId', 'thirdId', 'CREDIT_TO_OPEN', '1', 'tradeChnId', '20.00', 'ICBC', '4412xxxxx12315xxx', '4412xxxxx12315xxx', '13012341234', '2016-04-01 18:09:25', '2016-03-15 00:00:00', '2016-03-16 00:00:00', 'S', '1', '2016-04-01 00:00:00', 'ICBC', 'recvBankCardNo', null, 'recvBankAccno', 'remark');
INSERT INTO `CIFPAY_TRD_BUSINESS` VALUES ('81031433620160416175844522', 'CREDIT_BANK_PAYED', '5743af826a8b42d4841317c591f8ca65', 'Ce6a8b2b7d2df', '1000001', null, '50', 'THIRD_PAY', '1.00', 'ALIPAY', null, null, '13888888888', '2016-04-16 17:58:44', '2016-04-16 17:58:44', null, 'C', '0', '2016-04-16 17:58:44', 'ALIPAY', null, null, 'admin@et2t.com', '支付宝充值');
INSERT INTO `CIFPAY_TRD_BUSINESS` VALUES ('81168572620160420110611373', 'CREDIT_BANK_PAYED', 'cbdaa153337245fb8336d4fd8582ad82', 'Da3b669c8beb5', '1000001', null, '30', 'BANK_DIRECT', '1.00', 'ICBC', null, null, null, '2016-04-20 11:06:11', '2016-05-25 10:59:08', null, 'S', null, '2016-04-20 11:06:20', 'ICBC', null, null, '4000020829200148508', 'CMM595396884');
INSERT INTO `CIFPAY_TRD_BUSINESS` VALUES ('8145378120160421162854438', 'CREDIT_BANK_PAYED', '946a3d3b56294e93b69ce5e85dc378c4', 'C02e62cf49325', '1000001', null, '50', 'THIRD_PAY', '1.00', 'ALIPAY', null, null, '13888888888', '2016-04-21 16:28:54', '2016-04-21 16:28:54', null, 'C', '0', '2016-04-21 16:28:54', 'ALIPAY', null, null, 'admin@et2t.com', '支付宝充值');
INSERT INTO `CIFPAY_TRD_BUSINESS` VALUES ('81743265920160416165755162', 'CREDIT_BANK_PAYED', '5480bbd2aa694571a7f86e50b5fba396', 'W1460713097001', '1000001', null, '30', 'BANK_DIRECT', '1.00', 'ICBC', null, null, null, '2016-04-16 16:57:55', '2016-05-01 16:57:55', null, 'F', null, '2016-04-16 16:57:56', 'ICBC', null, null, '4000020829200148508', '银企直联提现');
INSERT INTO `CIFPAY_TRD_BUSINESS` VALUES ('81ecda7bfdb72f692016032417003925', 'CREDIT_BANK_PAYED', 'b2f50b827ce9470b81ecda7bfdb72f69', 'orderId99411bfe757a4503868a13238177c31e', '111111', null, '50', 'THIRD_PAY', '1.00', 'ALIPAY', null, null, '13800138001', '2016-03-24 17:00:39', '2016-03-24 17:00:39', null, 'C', '0', '2016-03-24 17:00:39', 'ALIPAY', null, null, 'admin@et2t.com', '支付宝充值');
INSERT INTO `CIFPAY_TRD_BUSINESS` VALUES ('82557073220160415181057148', 'CREDIT_BANK_PAYED', '78f0a9f82d784439ad7c30d6dc469107', 'W1460713097001', '1000001', null, '30', 'BANK_DIRECT', '1.00', 'ICBC', null, null, null, '2016-04-15 18:10:57', null, null, 'F', null, '2016-04-15 18:15:57', 'ICBC', null, null, '4000020829200148508', '银企直联提现');
INSERT INTO `CIFPAY_TRD_BUSINESS` VALUES ('832529532016040110223326', 'CREDIT_BANK_PAYED', '7cffadac78c8492485ddf89465564137', 'W1459477307963', '1000001', null, '30', 'BANK_DIRECT', '1.00', 'ICBC', null, null, null, '2016-04-01 10:22:33', '2016-04-01 10:22:33', null, 'E', null, '2016-04-01 10:22:48', 'PAB', null, null, '4000020829200148508', 'CMM594076903');
INSERT INTO `CIFPAY_TRD_BUSINESS` VALUES ('8331025872016053016250355', 'ICBC', 'ICBC_20160530162503537', 'orderId', 'thirdId', 'CREDIT_TO_OPEN', '1', 'tradeChnId', '20.00', 'ICBC', '4412xxxxx12315xxx', '4412xxxxx12315xxx', '13012341234', '2016-05-30 16:25:03', '2016-03-15 00:00:00', '2016-03-16 00:00:00', 'S', '1', '2016-05-30 00:00:00', 'ICBC', 'recvBankCardNo', null, 'recvBankAccno', 'remark');
INSERT INTO `CIFPAY_TRD_BUSINESS` VALUES ('8338447520160415174616530', 'CREDIT_BANK_PAYED', '344238123c3f4b9285ae952d09d3d74f', 'W1460713097001', '1000001', null, '30', 'BANK_DIRECT', '1.00', 'ICBC', null, null, null, '2016-04-15 17:46:16', null, null, 'F', null, '2016-04-15 17:51:16', 'ICBC', null, null, '4000020829200148508', '银企直联提现');
INSERT INTO `CIFPAY_TRD_BUSINESS` VALUES ('8354378720160419101820490', 'CREDIT_BANK_PAYED', '05f8f03dce33450998bc777b84f24723', 'D9d0c6b19126c', '1000001', null, '30', 'BANK_DIRECT', '1.00', 'ICBC', null, null, null, '2016-04-19 10:18:20', '2016-05-25 10:18:20', null, 'S', null, '2016-04-19 10:18:24', 'ICBC', null, null, '4000020829200148508', 'CMM595156906');
INSERT INTO `CIFPAY_TRD_BUSINESS` VALUES ('83922798120160419180013603', 'CREDIT_BANK_PAYED', 'eebd3d655ecb44fbb042ade308d12121', 'Ddd5b2051d06c', '1000001', null, '30', 'BANK_DIRECT', '1.00', 'ICBC', null, null, null, '2016-04-19 18:00:13', '2016-04-19 18:00:13', null, 'F', null, '2016-04-19 18:00:15', 'ICBC', null, null, '4000020829200148508', '银企直联提现');
INSERT INTO `CIFPAY_TRD_BUSINESS` VALUES ('84461191720160324155009248', 'CREDIT_BANK_PAYED', '1f4b14fcc2fe4193b5f10765d013b913', 'W1458549208140', '1000001', null, '30', 'BANK_DIRECT', '1.00', 'ICBC', null, null, null, '2016-03-24 15:50:09', '2016-03-25 15:50:09', null, 'F', null, '2016-03-24 15:50:12', 'ICBC', null, null, '4000020829200148508', 'CMM593266899');
INSERT INTO `CIFPAY_TRD_BUSINESS` VALUES ('8566433f1ae2d6652016032310501987', 'CREDIT_BANK_PAYED', 'e240e87c8a524c348566433f1ae2d665', 'orderId19ee13a2-41e2-4e38-8447-bba79f916ca3', '332211223', null, '50', 'THIRD_PAY', '1.00', 'ALIPAY', null, 'zyem126@126.com', '13800138001', '2016-03-23 10:50:19', '2016-03-23 10:50:27', '2016-03-23 12:14:19', 'F', '2', '2016-03-23 12:14:19', 'ALIPAY', null, null, 'admin@et2t.com', '支付宝充值');
INSERT INTO `CIFPAY_TRD_BUSINESS` VALUES ('85692764820160420114943562', 'CREDIT_BANK_PAYED', 'a44e5541f5d6438384e2c556a9591805', 'D53ea84065095', '1000001', null, '30', 'BANK_DIRECT', '1.00', 'ICBC', null, null, null, '2016-04-20 11:49:43', null, null, 'F', null, '2016-04-20 11:49:45', 'ICBC', null, null, '4000020829200148508', '银企直联提现');
INSERT INTO `CIFPAY_TRD_BUSINESS` VALUES ('86127378620160418113252438', 'CREDIT_BANK_PAYED', 'f416382a285e4e258a8d3ccb4bc1b182', 'W1460949160276', '1000001', null, '30', 'BANK_DIRECT', '1.00', 'ICBC', null, null, null, '2016-04-18 11:32:52', null, null, 'F', null, '2016-04-18 11:34:21', 'ICBC', null, null, '4000020829200148508', '银企直联提现');
INSERT INTO `CIFPAY_TRD_BUSINESS` VALUES ('86934899320160418162514807', 'CREDIT_BANK_PAYED', '1723c1813a8f477cbdf4dbe6b5707596', 'W1460966983141', '1000001', null, '30', 'BANK_DIRECT', '1.00', 'ICBC', null, null, null, '2016-04-18 16:25:14', '2016-05-25 16:25:14', null, 'F', null, '2016-04-18 16:25:15', 'ICBC', null, null, '4000020829200148508', '银企直联提现');
INSERT INTO `CIFPAY_TRD_BUSINESS` VALUES ('87287019420160329165824585', 'CREDIT_BANK_PAYED', '0bc9bb1101d040f6a0fac80ffe0912a0', 'W78a4d9373732', '1000001', null, '30', 'BANK_DIRECT', '100088.00', 'ICBC', null, null, null, '2016-03-29 16:58:24', null, null, 'C', null, '2016-03-29 16:58:24', 'ICBC', null, null, '4000020829200148508', '银企直联提现');
INSERT INTO `CIFPAY_TRD_BUSINESS` VALUES ('8731586872016041516122126', 'CREDIT_BANK_PAYED', '09bdd932eb23433e89641633278bdd44', 'W2016032811285', '1000001', null, '50', 'THIRD_PAY', '1.00', 'ALIPAY', null, null, '13800138001', '2016-04-15 16:12:21', '2016-04-15 16:12:21', null, 'C', '0', '2016-04-15 16:12:21', 'ALIPAY', null, null, 'admin@et2t.com', '支付宝充值');
INSERT INTO `CIFPAY_TRD_BUSINESS` VALUES ('87348774420160421210047869', 'CREDIT_BANK_PAYED', '91efba94354c49a6ae6c3bd42abff8c0', 'Cd87eee912c49', '1000001', null, '50', 'THIRD_PAY', '1.00', 'ALIPAY', null, null, '13888888888', '2016-04-21 21:00:47', '2016-04-21 21:00:47', null, 'C', '0', '2016-04-21 21:00:47', 'ALIPAY', null, null, 'admin@et2t.com', '支付宝充值');
INSERT INTO `CIFPAY_TRD_BUSINESS` VALUES ('88700783420160328142913307', 'CREDIT_BANK_PAYED', 'd79540c13a75414e8c86b3c555ca16ae', 'W20160328112841', '1000001', null, '30', 'BANK_DIRECT', '100088.00', 'ICBC', null, null, null, '2016-03-28 14:29:13', '2016-03-31 14:29:13', null, 'S', null, '2016-03-28 14:29:23', 'ICBC', null, null, '4000020829200148508', 'CMM593456882');
INSERT INTO `CIFPAY_TRD_BUSINESS` VALUES ('88712640720160418105426150', 'CREDIT_BANK_PAYED', '314a50d742d44b4d9326730b4b458001', 'C525c76f6a4d6', '1000001', null, '50', 'THIRD_PAY', '1.00', 'ALIPAY', null, '18664556639', '13888888888', '2016-04-18 10:54:26', '2016-04-18 10:55:05', '2016-04-19 11:19:31', 'S', '1', '2016-04-19 11:19:31', 'ALIPAY', null, null, 'admin@et2t.com', '支付宝充值');
INSERT INTO `CIFPAY_TRD_BUSINESS` VALUES ('89112425920160326155932147', 'CREDIT_BANK_PAYED', '2ad98ecbe92e42f888eb2feb8cd43e34', 'orderIda9a4b2784a164d01a5cbd513a84b3eeb', '111111', null, '50', 'THIRD_PAY', '1.00', 'ALIPAY', null, null, '13800138001', '2016-03-26 15:59:32', '2016-03-26 15:59:32', null, 'C', '0', '2016-03-26 15:59:32', 'ALIPAY', null, null, 'admin@et2t.com', '支付宝充值');
INSERT INTO `CIFPAY_TRD_BUSINESS` VALUES ('89133209720160328144834320', 'CREDIT_BANK_PAYED', '915df3d72cd44a769eb4d69383d0bb95', 'Wc4b79bd0844f', '1000001', null, '30', 'BANK_DIRECT', '100088.00', 'ICBC', null, null, null, '2016-03-28 14:48:34', '2016-03-31 14:48:34', null, 'S', null, '2016-03-28 14:48:50', 'ICBC', null, null, '4000020829200148508', 'CMM593466882');
INSERT INTO `CIFPAY_TRD_BUSINESS` VALUES ('89539293520160418113027925', 'CREDIT_BANK_PAYED', '352bbdadf0c14141b0c618df30115f06', 'W1460949160276', '1000001', null, '30', 'BANK_DIRECT', '1.00', 'ICBC', null, null, null, '2016-04-18 11:30:27', null, null, 'F', null, '2016-04-18 11:32:07', 'ICBC', null, null, '4000020829200148508', '银企直联提现');
INSERT INTO `CIFPAY_TRD_BUSINESS` VALUES ('89785941020160415151839514', 'CREDIT_BANK_PAYED', 'b9aa5f23c0b44c9b84107504f2786a92', 'W824b9755c6d5', '1000001', null, '30', 'BANK_DIRECT', '100088.00', 'ICBC', null, null, null, '2016-04-15 15:18:39', '2016-04-01 15:18:39', null, 'F', null, '2016-04-15 15:45:55', 'ICBC', null, null, '4000020829200148508', '银企直联提现');
INSERT INTO `CIFPAY_TRD_BUSINESS` VALUES ('90550402920160418110226223', 'CREDIT_BANK_PAYED', '8e7aa46772544a0e8f6e83be4e325f11', 'W1460947479570', '1000001', null, '30', 'BANK_DIRECT', '1.00', 'ICBC', null, null, null, '2016-04-18 11:02:26', '2016-05-01 11:02:26', null, 'F', null, '2016-04-18 11:02:33', 'ICBC', null, null, '4000020829200148508', '银企直联提现');
INSERT INTO `CIFPAY_TRD_BUSINESS` VALUES ('9092552982016042009284136', 'CREDIT_BANK_PAYED', '65d48637ed4f4de3a0091728059435fb', 'W1461115699357', '1000001', null, '30', 'BANK_DIRECT', '1.00', 'ICBC', null, null, null, '2016-04-20 09:28:41', '2016-04-20 09:28:41', null, 'F', null, '2016-04-20 09:28:55', 'ICBC', null, null, '4000020829200148508', '银企直联提现');
INSERT INTO `CIFPAY_TRD_BUSINESS` VALUES ('91131659420160326174457400', 'CREDIT_BANK_PAYED', 'db101d0acde4417c858051ffeda232d8', '3e3299a6a2974da69817f9df9a10ef21', '1000001', null, '30', 'BANK_DIRECT', '1.00', 'test', null, null, null, '2016-03-26 17:44:57', '2016-03-25 17:44:57', null, 'F', null, '2016-03-26 17:44:59', 'test', null, null, '4000020829200148508', '银企直联提现');
INSERT INTO `CIFPAY_TRD_BUSINESS` VALUES ('91733158920160329165100667', 'CREDIT_BANK_PAYED', '0233a2ed724140d6906a602387c652cd', 'W1459215483249', '1000001', null, '30', 'BANK_DIRECT', '1.00', 'ICBC', null, null, null, '2016-03-29 16:51:00', '2016-03-25 16:51:00', null, 'F', null, '2016-03-29 16:51:03', 'ICBC', null, null, '4000020829200148508', '银企直联提现');
INSERT INTO `CIFPAY_TRD_BUSINESS` VALUES ('92686094220160418111750451', 'CREDIT_BANK_PAYED', '7c052da2938d4bfd9e6f4da44ec814dd', 'W1460949160276', '1000001', null, '30', 'BANK_DIRECT', '1.00', 'ICBC', null, null, null, '2016-04-18 11:17:50', null, null, 'F', null, '2016-04-18 11:17:50', 'ICBC', null, null, '4000020829200148508', '银企直联提现');
INSERT INTO `CIFPAY_TRD_BUSINESS` VALUES ('93097003620160329092827865', 'CREDIT_BANK_PAYED', '6796c57abba2402ea5d7de781a6d1a25', 'Wce7f9b31431b', '1000001', null, '30', 'BANK_DIRECT', '100088.00', 'ICBC', null, null, null, '2016-03-29 09:28:27', '2016-03-31 09:28:27', null, 'S', null, '2016-03-29 09:28:43', 'ICBC', null, null, '4000020829200148508', 'CMM593556885');
INSERT INTO `CIFPAY_TRD_BUSINESS` VALUES ('95038688920160418154115595', 'CREDIT_BANK_PAYED', 'f9e19a8e53244fdb8a620cde261231b9', 'W1460964401779', '1000001', null, '30', 'BANK_DIRECT', '1.00', 'ICBC', null, null, null, '2016-04-18 15:41:15', '2016-05-01 15:41:15', null, 'F', null, '2016-04-18 15:41:18', 'ICBC', null, null, '4000020829200148508', '银企直联提现');
INSERT INTO `CIFPAY_TRD_BUSINESS` VALUES ('95091007820160418114949264', 'CREDIT_BANK_PAYED', 'a0908a8e55564332a06d3cbc3b83e4cc', 'W1460951089205', '1000001', null, '30', 'BANK_DIRECT', '1.00', 'ICBC', null, null, null, '2016-04-18 11:49:49', null, null, 'F', null, '2016-04-18 11:49:49', 'ICBC', null, null, '4000020829200148508', '银企直联提现');
INSERT INTO `CIFPAY_TRD_BUSINESS` VALUES ('95283563820160418114410914', 'CREDIT_BANK_PAYED', 'd6d1c931c00f430e99c8e17f01bfc185', 'W1460949160276', '1000001', null, '30', 'BANK_DIRECT', '1.00', 'ICBC', null, null, null, '2016-04-18 11:44:10', '2016-05-01 11:44:10', null, 'S', null, '2016-04-18 11:44:34', 'ICBC', null, null, '4000020829200148508', 'CMM595116897');
INSERT INTO `CIFPAY_TRD_BUSINESS` VALUES ('95297242620160420141649502', 'CREDIT_BANK_PAYED', '1f4fa244a1fb4268b91a6d17f37aacca', 'D581b61cf6e4e', '1000001', null, '30', 'BANK_DIRECT', '1.00', 'ICBC', null, null, null, '2016-04-20 14:16:49', '2016-05-25 14:09:46', null, 'S', null, '2016-04-20 14:16:52', 'ICBC', null, null, '4000020829200148508', 'CMM595446889');
INSERT INTO `CIFPAY_TRD_BUSINESS` VALUES ('95591610320160421162729316', 'CREDIT_BANK_PAYED', '54fea159245447d7a232e95c581e293a', 'Cc06b86ea6167', '1000001', null, '50', 'THIRD_PAY', '1.00', 'ALIPAY', null, null, '13888888888', '2016-04-21 16:27:29', '2016-04-21 16:27:29', null, 'C', '0', '2016-04-21 16:27:29', 'ALIPAY', null, null, 'admin@et2t.com', '支付宝充值');
INSERT INTO `CIFPAY_TRD_BUSINESS` VALUES ('96579607720160329094957980', 'CREDIT_BANK_PAYED', 'a815d60cd770481d90dd0a3544894971', 'Wc53927682a5e', '1000001', null, '30', 'BANK_DIRECT', '100088.00', 'ICBC', null, null, null, '2016-03-29 09:49:57', '2016-03-31 09:49:58', null, 'S', null, '2016-03-29 09:54:35', 'ICBC', null, null, '4000020829200148508', 'CMM593576885');
INSERT INTO `CIFPAY_TRD_BUSINESS` VALUES ('96745600320160401164201411', 'CREDIT_BANK_PAYED', '30ad2848807247cfa20d0f42422f7e34', 'W1459498238178', '1000001', null, '30', 'BANK_DIRECT', '1.00', 'ICBC', null, null, null, '2016-04-01 16:42:01', '2016-03-31 16:42:01', null, 'F', null, '2016-04-01 16:42:30', 'PAB', null, null, '4000020829200148508', '银企直联提现');
INSERT INTO `CIFPAY_TRD_BUSINESS` VALUES ('97191173820160416165156918', 'CREDIT_BANK_PAYED', 'f293a3267dc84c29883870fce59cf854', 'W1460713097001', '1000001', null, '30', 'BANK_DIRECT', '1.00', 'ICBC', null, null, null, '2016-04-16 16:51:56', '2016-05-01 16:51:56', null, 'F', null, '2016-04-16 16:52:14', 'ICBC', null, null, '4000020829200148508', '银企直联提现');
INSERT INTO `CIFPAY_TRD_BUSINESS` VALUES ('97281738020160416162742504', 'CREDIT_BANK_PAYED', '1c9655928dfd44de96bfb24afc92f803', 'C19cc2420d537', '1000001', null, '50', 'THIRD_PAY', '1.00', 'ALIPAY', null, null, '13888888888', '2016-04-16 16:27:42', '2016-04-16 16:27:42', null, 'C', '0', '2016-04-16 16:27:42', 'ALIPAY', null, null, 'admin@et2t.com', '支付宝充值');
INSERT INTO `CIFPAY_TRD_BUSINESS` VALUES ('97601453220160419100018597', 'CREDIT_BANK_PAYED', '3f72262463354131b1ef5a2a920ea457', 'D5562bd624c10', '1000001', null, '30', 'BANK_DIRECT', '1.00', 'ICBC', null, null, null, '2016-04-19 10:00:18', '2016-05-25 10:00:18', null, 'S', null, '2016-04-19 10:00:22', 'ICBC', null, null, '4000020829200148508', 'CMM595156889');
INSERT INTO `CIFPAY_TRD_BUSINESS` VALUES ('97679210520160419111232545', 'CREDIT_BANK_PAYED', '7e9f3c501bb94ee090d058f281b25911', 'Dcf49550fa478', '1000001', null, '30', 'BANK_DIRECT', '1.00', 'ICBC', null, null, null, '2016-04-19 11:12:32', '2016-05-25 11:12:32', null, 'S', null, '2016-04-19 11:12:48', 'ICBC', null, null, '4000020829200148508', 'CMM595166885');
INSERT INTO `CIFPAY_TRD_BUSINESS` VALUES ('9899588720160418134225806', 'CREDIT_BANK_PAYED', '5d1742127692493e92258ad6943449b8', 'W1460958039313', '1000001', null, '30', 'BANK_DIRECT', '1.00', 'ICBC', null, null, null, '2016-04-18 13:42:25', '2016-05-01 13:42:25', null, 'F', null, '2016-04-18 13:42:33', 'ICBC', null, null, '4000020829200148508', 'CMM595126887');
INSERT INTO `CIFPAY_TRD_BUSINESS` VALUES ('99457743120160401164526201', 'CREDIT_BANK_PAYED', '44d9e19fa4694128877b24c8b271b21f', 'W1459498238178', '1000001', null, '30', 'BANK_DIRECT', '1.00', 'ICBC', null, null, null, '2016-04-01 16:45:26', '2016-04-01 16:45:26', null, 'F', null, '2016-04-01 16:45:28', 'PAB', null, null, '4000020829200148508', '银企直联提现');
INSERT INTO `CIFPAY_TRD_BUSINESS` VALUES ('bb121c99049d5e320160322180830607', 'CREDIT_BANK_PAYED', '51d0dafbe2404225bbb121c99049d5e3', 'orderId829f65ce-fbd0-4647-9ef5-e1eab84beba1', '111222111', null, '50', '3RD_ALIPAY', '1.00', 'ALIPAY', null, null, '13800138001', '2016-03-22 18:08:30', '2016-03-22 18:08:30', null, 'C', null, '2016-03-22 18:08:30', 'ALIPAY', null, null, 'admin@et2t.com', '支付宝充值');
INSERT INTO `CIFPAY_TRD_BUSINESS` VALUES ('c901ff04b6a5a6720160323171521292', 'CREDIT_BANK_PAYED', 'b500004e55e64bb1bc901ff04b6a5a67', '2016323171356534', '5556661', null, '50', 'THIRD_PAY', '1.00', 'ALIPAY', null, 'thhejin@yeah.net', '15889630962', '2016-03-23 17:15:21', '2016-03-23 17:15:31', '2016-03-23 18:40:26', 'S', '1', '2016-03-23 18:40:26', 'ALIPAY', null, null, 'admin@et2t.com', '支付宝充值');
INSERT INTO `CIFPAY_TRD_BUSINESS` VALUES ('cd327042198c39b20160323173646811', 'CREDIT_BANK_PAYED', 'f923bca13c0f46d1bcd327042198c39b', '2016323173638387', '5556661', null, '50', 'THIRD_PAY', '1.00', 'ALIPAY', null, 'thhejin@yeah.net', '15889630962', '2016-03-23 17:36:46', '2016-03-23 17:37:00', '2016-03-23 17:51:25', 'S', '3', '2016-03-23 17:51:25', 'ALIPAY', null, null, 'admin@et2t.com', '支付宝充值');
INSERT INTO `CIFPAY_TRD_BUSINESS` VALUES ('db5ff557be0e21220160324093545383', 'CREDIT_BANK_PAYED', 'c9dbf64922754a62adb5ff557be0e212', 'orderId383df525-f825-4bbb-8799-d71ecaa3426f', '999999', null, '50', 'THIRD_PAY', '1.00', 'ALIPAY', null, 'zyem126@126.com', '13800138001', '2016-03-24 09:35:45', '2016-03-24 09:35:51', '2016-03-24 09:50:49', 'S', '1', '2016-03-24 09:50:49', 'ALIPAY', null, null, 'admin@et2t.com', '支付宝充值');
INSERT INTO `CIFPAY_TRD_BUSINESS` VALUES ('e8a7e3303dbc1b820160322111240681', 'CREDIT_BANK_PAYED', '700c03279b9041b88e8a7e3303dbc1b8', 'orderId2aa8f952-6285-452a-9d3b-972cf06a5e60', 'null', null, '50', '3RD_ALIPAY', '1.00', 'ALIPAY', null, null, '13800138001', '2016-03-22 11:12:40', '2016-03-22 11:12:40', null, 'C', null, '2016-03-22 11:12:40', 'ALIPAY', null, null, 'admin@et2t.com', '支付宝充值');

-- ----------------------------
-- Table structure for CIFPAY_TRD_JOURNAL
-- ----------------------------
DROP TABLE IF EXISTS `CIFPAY_TRD_JOURNAL`;
CREATE TABLE `CIFPAY_TRD_JOURNAL` (
  `JOURNAL_NO` varchar(64) COLLATE utf8_bin NOT NULL COMMENT '银行流水号',
  `LC_ID` varchar(64) COLLATE utf8_bin NOT NULL COMMENT '银信证ID',
  `LC_STATE` varchar(32) COLLATE utf8_bin DEFAULT NULL COMMENT '银信证状态',
  `TRADE_CHN_TYPE` varchar(2) COLLATE utf8_bin NOT NULL COMMENT '交易渠道类型',
  `TRADE_CHN_ID` varchar(15) COLLATE utf8_bin NOT NULL COMMENT '交易渠道ID',
  `THIRD_ID` varchar(128) COLLATE utf8_bin DEFAULT NULL COMMENT '第三方编号',
  `ORDER_ID` varchar(128) COLLATE utf8_bin DEFAULT NULL COMMENT '业务订单编号',
  `CREATE_TIME` datetime DEFAULT NULL COMMENT '创建时间',
  `BANK_RETURN_CODE` varchar(32) COLLATE utf8_bin DEFAULT NULL COMMENT '银行交易返回错误编码',
  `BANK_RETURN_MSG` varchar(1024) COLLATE utf8_bin DEFAULT NULL COMMENT '银行主机返回错误信息',
  `IS_SUCCESS` varchar(2) COLLATE utf8_bin DEFAULT NULL COMMENT '是否成功(S:成功 F:失败 N:无效 C:初始化 E:异常)',
  `BANK_STATE` varchar(32) COLLATE utf8_bin DEFAULT NULL COMMENT '银行交易状态（冻结、解冻、划款）',
  `UPDATE_TIME` datetime DEFAULT NULL COMMENT '更新时间',
  `REMARK` varchar(200) COLLATE utf8_bin DEFAULT NULL COMMENT '备注',
  `FUTURE1` varchar(1024) COLLATE utf8_bin DEFAULT NULL COMMENT '保留字段1',
  `FUTURE2` varchar(1024) COLLATE utf8_bin DEFAULT NULL COMMENT '保留字段2',
  `HOST_JOURNAL_NO` varchar(64) COLLATE utf8_bin DEFAULT NULL COMMENT '主机响应流水',
  `REC_VALIDATE_HASH` varchar(64) COLLATE utf8_bin DEFAULT NULL COMMENT '数据校验码'
) ENGINE=InnoDB DEFAULT CHARSET=utf8 COLLATE=utf8_bin COMMENT='银信证与所有交易渠道的交易流水表(不含同步/查询交易流水)';

-- ----------------------------
-- Records of CIFPAY_TRD_JOURNAL
-- ----------------------------
INSERT INTO `CIFPAY_TRD_JOURNAL` VALUES ('e8a7e3303dbc1b820160322111240681', '700c03279b9041b88e8a7e3303dbc1b8', null, '50', '3RD_ALIPAY', 'null', 'orderId2aa8f952-6285-452a-9d3b-972cf06a5e60', '2016-03-22 11:12:40', null, null, 'C', 'CREDIT_BANK_PAYED', '2016-03-22 11:12:40', '支付宝充值', null, null, null, null);
INSERT INTO `CIFPAY_TRD_JOURNAL` VALUES ('749d3812910e8c820160322111557363', '52323a2bbeb0484cb749d3812910e8c8', null, '50', '3RD_ALIPAY', 'null', 'orderId4122eb9d-32e8-4dc1-af50-dd41ca248c46', '2016-03-22 11:15:57', null, null, 'C', 'CREDIT_BANK_PAYED', '2016-03-22 11:15:57', '支付宝充值', null, null, null, null);
INSERT INTO `CIFPAY_TRD_JOURNAL` VALUES ('bb121c99049d5e320160322180830607', '51d0dafbe2404225bbb121c99049d5e3', null, '50', '3RD_ALIPAY', '111222111', 'orderId829f65ce-fbd0-4647-9ef5-e1eab84beba1', '2016-03-22 18:08:30', null, null, 'C', 'CREDIT_BANK_PAYED', '2016-03-22 18:08:30', '支付宝充值', null, null, null, null);
INSERT INTO `CIFPAY_TRD_JOURNAL` VALUES ('12be76682f1f54a20160322184334392', 'e9586d84e23d45c3912be76682f1f54a', null, '50', '3RD_ALIPAY', '2223334455567', 'orderId48588604-651f-4297-943c-469e01c8115c', '2016-03-22 18:43:34', null, null, 'C', 'CREDIT_BANK_PAYED', '2016-03-22 18:43:34', '支付宝充值', null, null, null, null);
INSERT INTO `CIFPAY_TRD_JOURNAL` VALUES ('6a51d142c8f9e2e20160322185116246', 'a6158d34df3e4b9f86a51d142c8f9e2e', null, '50', '3RD_ALIPAY', '8885222522', 'orderIdfb9a234a-5790-4e76-b898-2b5f635cf047', '2016-03-22 18:51:16', null, null, 'C', 'CREDIT_BANK_PAYED', '2016-03-22 18:51:16', '支付宝充值', null, null, null, null);
INSERT INTO `CIFPAY_TRD_JOURNAL` VALUES ('03ea76cc19e2c3620160323102342636', 'b1d7eb10314a4b34b03ea76cc19e2c36', null, '50', 'THIRD_PAY', '8885222522', 'orderId6e6f55ed-ea2a-4056-a832-a08ddb22e926', '2016-03-23 10:23:42', null, null, 'F', 'CREDIT_BANK_PAYED', '2016-03-23 13:47:50', '支付宝充值', null, null, '2016032321001004990218151818', null);
INSERT INTO `CIFPAY_TRD_JOURNAL` VALUES ('8566433f1ae2d6652016032310501987', 'e240e87c8a524c348566433f1ae2d665', null, '50', 'THIRD_PAY', '332211223', 'orderId19ee13a2-41e2-4e38-8447-bba79f916ca3', '2016-03-23 10:50:19', null, null, 'F', 'CREDIT_BANK_PAYED', '2016-03-23 12:14:19', '支付宝充值', null, null, '2016032321001004990218064658', null);
INSERT INTO `CIFPAY_TRD_JOURNAL` VALUES ('7cfd07b896adb7620160323105956176', '2af69f5c6a7a4c5297cfd07b896adb76', null, '50', 'THIRD_PAY', '222334445566', 'orderIdbebdfdbc-d56a-4eef-b891-88378bec10c1', '2016-03-23 10:59:56', null, null, 'F', 'CREDIT_BANK_PAYED', '2016-03-23 12:24:22', '支付宝充值', null, null, '2016032321001004990216280190', null);
INSERT INTO `CIFPAY_TRD_JOURNAL` VALUES ('01127fab63a102a20160323110542712', '918fa05d7fad4b79801127fab63a102a', null, '50', 'THIRD_PAY', '999001', 'orderId9d45eb37-4026-4c19-8a8d-6eef55b673e1', '2016-03-23 11:05:42', null, null, 'F', 'CREDIT_BANK_PAYED', '2016-03-23 11:30:25', '支付宝充值', null, null, '2016032321001004990214531569', null);
INSERT INTO `CIFPAY_TRD_JOURNAL` VALUES ('6a2e85da273291220160323145308505', 'dfed992864cb48a2b6a2e85da2732912', null, '50', 'THIRD_PAY', '5556660', '34242342001', '2016-03-23 14:53:08', null, null, 'C', 'CREDIT_BANK_PAYED', '2016-03-23 14:53:08', '支付宝充值', null, null, null, null);
INSERT INTO `CIFPAY_TRD_JOURNAL` VALUES ('c901ff04b6a5a6720160323171521292', 'b500004e55e64bb1bc901ff04b6a5a67', null, '50', 'THIRD_PAY', '5556661', '2016323171356534', '2016-03-23 17:15:21', null, null, 'S', 'CREDIT_BANK_PAYED', '2016-03-23 18:40:26', '支付宝充值', null, null, '2016032321001004280211688008', null);
INSERT INTO `CIFPAY_TRD_JOURNAL` VALUES ('0f874943b91073120160323172050240', '3f56e604111043eab0f874943b910731', null, '50', 'THIRD_PAY', '5556661', '2016323172042253', '2016-03-23 17:20:50', null, null, 'C', 'CREDIT_BANK_PAYED', '2016-03-23 17:20:50', '支付宝充值', null, null, null, null);
INSERT INTO `CIFPAY_TRD_JOURNAL` VALUES ('cd327042198c39b20160323173646811', 'f923bca13c0f46d1bcd327042198c39b', null, '50', 'THIRD_PAY', '5556661', '2016323173638387', '2016-03-23 17:36:46', null, null, 'S', 'CREDIT_BANK_PAYED', '2016-03-23 17:51:25', '支付宝充值', null, null, '2016032321001004280212166535', null);
INSERT INTO `CIFPAY_TRD_JOURNAL` VALUES ('586de73695cb98620160324093034405', 'cb4a8c9fda714f9cb586de73695cb986', null, '50', 'THIRD_PAY', '222333', 'orderIdd5b9f2e6-9420-4519-abd3-e3a928a45dc6', '2016-03-24 09:30:34', null, null, 'C', 'CREDIT_BANK_PAYED', '2016-03-24 09:30:34', '支付宝充值', null, null, null, null);
INSERT INTO `CIFPAY_TRD_JOURNAL` VALUES ('801611b043f58ed42016032409324489', '334aaa84d2384c5b801611b043f58ed4', null, '50', 'THIRD_PAY', '55555', 'orderId191327cb-2ca0-4c8f-9308-adb3dc951425', '2016-03-24 09:32:44', null, null, 'S', 'CREDIT_BANK_PAYED', '2016-03-24 09:49:00', '支付宝充值', null, null, '2016032421001004990216057717', null);
INSERT INTO `CIFPAY_TRD_JOURNAL` VALUES ('db5ff557be0e21220160324093545383', 'c9dbf64922754a62adb5ff557be0e212', null, '50', 'THIRD_PAY', '999999', 'orderId383df525-f825-4bbb-8799-d71ecaa3426f', '2016-03-24 09:35:45', null, null, 'S', 'CREDIT_BANK_PAYED', '2016-03-24 09:50:49', '支付宝充值', null, null, '2016032421001004990214012242', null);
INSERT INTO `CIFPAY_TRD_JOURNAL` VALUES ('622b685686c590c20160324094011595', '52012e1242cf4266b622b685686c590c', null, '50', 'THIRD_PAY', '9992222', 'orderIddacff47f-f912-4e6e-91c5-d02e7015351a', '2016-03-24 09:40:11', null, null, 'S', 'CREDIT_BANK_PAYED', '2016-03-24 10:04:43', '支付宝充值', null, null, '2016032421001004990214944667', null);
INSERT INTO `CIFPAY_TRD_JOURNAL` VALUES ('13127254212016032415252527', 'd726ae46763a48a3b0d13a9e8d7b8856', null, '30', 'BANK_DIRECT', '1000001', 'W1458549208140', '2016-03-24 15:25:25', '6', '指令处理失败', 'F', 'CREDIT_BANK_PAYED', '2016-03-24 15:25:28', '银企直联提现', '银行交易流水号:CMM593266887', null, null, null);
INSERT INTO `CIFPAY_TRD_JOURNAL` VALUES ('11851310072016032415425345', '2e99b14eeabf4de5b413e119a21de6c2', null, '30', 'BANK_DIRECT', '1000001', 'W1458549208140', '2016-03-24 15:42:53', '6', '指令处理失败', 'F', 'CREDIT_BANK_PAYED', '2016-03-24 15:42:56', '银企直联提现', '银行交易流水号:CMM593266893', null, null, null);
INSERT INTO `CIFPAY_TRD_JOURNAL` VALUES ('12867133752016032415442724', '7cc730d651894cceb340b3eb7862eab2', null, '30', 'BANK_DIRECT', '1000001', 'W1458549208140', '2016-03-24 15:44:27', '6', '指令处理失败', 'F', 'CREDIT_BANK_PAYED', '2016-03-24 15:44:30', '银企直联提现', '银行交易流水号:CMM593266894', null, null, null);
INSERT INTO `CIFPAY_TRD_JOURNAL` VALUES ('7871735520160324154507864', '21cf0822e2934d019713aa2655c2bb88', null, '30', 'BANK_DIRECT', '1000001', 'W1458549208140', '2016-03-24 15:45:07', '6', '指令处理失败', 'F', 'CREDIT_BANK_PAYED', '2016-03-24 15:45:10', '银企直联提现', '银行交易流水号:CMM593266895', null, null, null);
INSERT INTO `CIFPAY_TRD_JOURNAL` VALUES ('10836936292016032415494534', '7fea2c0d15c74c73b7092bd53f148b3d', null, '30', 'BANK_DIRECT', '1000001', 'W1458549208140', '2016-03-24 15:49:45', '6', '指令处理失败', 'F', 'CREDIT_BANK_PAYED', '2016-03-24 15:49:48', '银企直联提现', '银行交易流水号:CMM593266898', null, null, null);
INSERT INTO `CIFPAY_TRD_JOURNAL` VALUES ('84461191720160324155009248', '1f4b14fcc2fe4193b5f10765d013b913', null, '30', 'BANK_DIRECT', '1000001', 'W1458549208140', '2016-03-24 15:50:09', '6', '指令处理失败', 'F', 'CREDIT_BANK_PAYED', '2016-03-24 15:50:12', '银企直联提现', '银行交易流水号:CMM593266899', null, null, null);
INSERT INTO `CIFPAY_TRD_JOURNAL` VALUES ('18779163182016032415515763', '2893009207d44f56b58c58105bc752eb', null, '30', 'BANK_DIRECT', '1000001', 'W1458549208140', '2016-03-24 15:51:57', '6', '指令处理失败', 'F', 'CREDIT_BANK_PAYED', '2016-03-24 15:52:00', '银企直联提现', '银行交易流水号:CMM593266900', null, null, null);
INSERT INTO `CIFPAY_TRD_JOURNAL` VALUES ('81ecda7bfdb72f692016032417003925', 'b2f50b827ce9470b81ecda7bfdb72f69', null, '50', 'THIRD_PAY', '111111', 'orderId99411bfe757a4503868a13238177c31e', '2016-03-24 17:00:39', null, null, 'C', 'CREDIT_BANK_PAYED', '2016-03-24 17:00:39', '支付宝充值', null, null, null, null);
INSERT INTO `CIFPAY_TRD_JOURNAL` VALUES ('210317829920160325101854948', '98b0fba2e39a4c8c8f13621e3bf65ad4', null, '50', 'THIRD_PAY', '111111', 'orderId57939a074cf04b989b6186bf7c452c80', '2016-03-25 10:18:55', null, null, 'S', 'CREDIT_BANK_PAYED', '2016-03-25 10:19:16', '支付宝充值', null, null, '2016032521001004990216313344', null);
INSERT INTO `CIFPAY_TRD_JOURNAL` VALUES ('70959096920160325102207472', '0c67f749e1ee4ef3aca0914ee7c46d9a', null, '50', 'THIRD_PAY', '111111', 'orderId3d37f22e07754884ad5dd25ab70bfa59', '2016-03-25 10:22:07', null, null, 'S', 'CREDIT_BANK_PAYED', '2016-03-25 10:26:42', '支付宝充值', null, null, '2016032521001004990218198011', null);
INSERT INTO `CIFPAY_TRD_JOURNAL` VALUES ('67017479320160326154256893', '643a7974786a4e458dfaaaa99f6a09dd', null, '50', 'THIRD_PAY', '111111', 'orderIdad238a77653a40c59f9c066e16a7e557', '2016-03-26 15:42:57', null, null, 'S', 'CREDIT_BANK_PAYED', '2016-03-26 15:47:04', '支付宝充值', null, null, '2016032621001004990223399109', null);
INSERT INTO `CIFPAY_TRD_JOURNAL` VALUES ('6817119620160326154905908', '85c9136fcffd4a54a94e0f86a84cb881', null, '30', 'BANK_DIRECT', '1000001', 'f013b90b21f64debbe129faf341fe518', '2016-03-26 15:49:05', 'ICBC_ERROR', '企业签名时间与工行服务器时间间隔过长!', 'F', 'CREDIT_BANK_PAYED', '2016-03-26 15:49:08', '银企直联提现', '银行交易流水号:', null, null, null);
INSERT INTO `CIFPAY_TRD_JOURNAL` VALUES ('7707823212016032615564266', 'f92666b327e842d29fdff88d667c30b1', null, '50', 'THIRD_PAY', '111111', 'orderId45938e1a25994164a946cdea769ed7c4', '2016-03-26 15:56:42', null, null, 'C', 'CREDIT_BANK_PAYED', '2016-03-26 15:56:42', '支付宝充值', null, null, null, null);
INSERT INTO `CIFPAY_TRD_JOURNAL` VALUES ('41163058020160326155745491', '38963b0a176f40dd80e13a519ab76b9b', null, '30', 'BANK_DIRECT', '1000001', 'dfe6fe44f3ba4d9cb1eabcd8a909dc1d', '2016-03-26 15:57:45', 'ICBC_ERROR', '企业签名时间与工行服务器时间间隔过长!', 'F', 'CREDIT_BANK_PAYED', '2016-03-26 15:57:48', '银企直联提现', '银行交易流水号:', null, null, null);
INSERT INTO `CIFPAY_TRD_JOURNAL` VALUES ('101333932620160326155804155', 'ca2de84f9e3c4421984e44a4e7781f47', null, '50', 'THIRD_PAY', '111111', 'orderId73ed2364f9c5471aa8ce0b0c8321406b', '2016-03-26 15:58:04', null, null, 'C', 'CREDIT_BANK_PAYED', '2016-03-26 15:58:04', '支付宝充值', null, null, null, null);
INSERT INTO `CIFPAY_TRD_JOURNAL` VALUES ('11669376702016032615592625', '8ade2e1401534baf938060978982642c', null, '30', 'BANK_DIRECT', '1000001', 'b028e477cd7d4ceb8c4c1eef0c36d54d', '2016-03-26 15:59:26', 'ICBC_ERROR', '企业签名时间与工行服务器时间间隔过长!', 'F', 'CREDIT_BANK_PAYED', '2016-03-26 15:59:28', '银企直联提现', '银行交易流水号:', null, null, null);
INSERT INTO `CIFPAY_TRD_JOURNAL` VALUES ('89112425920160326155932147', '2ad98ecbe92e42f888eb2feb8cd43e34', null, '50', 'THIRD_PAY', '111111', 'orderIda9a4b2784a164d01a5cbd513a84b3eeb', '2016-03-26 15:59:32', null, null, 'C', 'CREDIT_BANK_PAYED', '2016-03-26 15:59:32', '支付宝充值', null, null, null, null);
INSERT INTO `CIFPAY_TRD_JOURNAL` VALUES ('66811030120160326165631797', 'e488720bd007416c8a112370726c47c9', null, '50', 'THIRD_PAY', '111111', 'orderIddd73f71f0d374edd96e3ddad86ef4a8b', '2016-03-26 16:56:31', null, null, 'C', 'CREDIT_BANK_PAYED', '2016-03-26 16:56:31', '支付宝充值', null, null, null, null);
INSERT INTO `CIFPAY_TRD_JOURNAL` VALUES ('70749903820160326165751450', '1d7320d922b44d59b69c809c5c3296f6', null, '50', 'THIRD_PAY', '111111', 'orderIda39b0b50f50e4d23a576cead38f6131d', '2016-03-26 16:57:51', null, null, 'C', 'CREDIT_BANK_PAYED', '2016-03-26 16:57:51', '支付宝充值', null, null, null, null);
INSERT INTO `CIFPAY_TRD_JOURNAL` VALUES ('150275054520160326173317949', '3379f337c172485fb88275202a2dfda6', null, '50', 'THIRD_PAY', '111111', 'orderIdd8398f5efd2640c5a912811d6e07b838', '2016-03-26 17:33:18', null, null, 'C', 'CREDIT_BANK_PAYED', '2016-03-26 17:33:18', '支付宝充值', null, null, null, null);
INSERT INTO `CIFPAY_TRD_JOURNAL` VALUES ('22494631520160326173334104', '2471c379e740437894e6884a79c79b56', null, '50', 'THIRD_PAY', '111111', 'orderIdff7d668c406645e2abddd7b5f8d11ff6', '2016-03-26 17:33:34', null, null, 'C', 'CREDIT_BANK_PAYED', '2016-03-26 17:33:34', '支付宝充值', null, null, null, null);
INSERT INTO `CIFPAY_TRD_JOURNAL` VALUES ('91131659420160326174457400', 'db101d0acde4417c858051ffeda232d8', null, '30', 'BANK_DIRECT', '1000001', '3e3299a6a2974da69817f9df9a10ef21', '2016-03-26 17:44:57', 'ICBC_ERROR', '企业签名时间与工行服务器时间间隔过长!', 'F', 'CREDIT_BANK_PAYED', '2016-03-26 17:44:59', '银企直联提现', '银行交易流水号:', null, null, null);
INSERT INTO `CIFPAY_TRD_JOURNAL` VALUES ('18891753102016032810030650', '78c79210ec8a49be95304a1fc77c9011', null, '30', 'BANK_DIRECT', '1000001', '30a45ef4eaf74cfead6700a24edf7481', '2016-03-28 10:03:06', 'ICBC_ERROR', '企业签名时间与工行服务器时间间隔过长!', 'F', 'CREDIT_BANK_PAYED', '2016-03-28 10:03:09', '银企直联提现', '银行交易流水号:', null, null, null);
INSERT INTO `CIFPAY_TRD_JOURNAL` VALUES ('43732647420160328100111925', '48144d09040d41168db0bfe623418fa6', null, '30', 'BANK_DIRECT', '1000001', 'W1458549208140', '2016-03-28 10:01:12', 'ICBC_ERROR', '企业签名时间与工行服务器时间间隔过长!', 'F', 'CREDIT_BANK_PAYED', '2016-03-28 10:01:17', '银企直联提现', '银行交易流水号:', null, null, null);
INSERT INTO `CIFPAY_TRD_JOURNAL` VALUES ('12485708322016032810014328', '674dd1fcff3a4d0893f0b9efe183e089', null, '30', 'BANK_DIRECT', '1000001', 'W1458549208140', '2016-03-28 10:01:43', '7', '成功', 'S', 'CREDIT_BANK_PAYED', '2016-03-28 10:02:21', '银企直联提现', '银行交易流水号:CMM593386882', null, null, null);
INSERT INTO `CIFPAY_TRD_JOURNAL` VALUES ('15984890122016032811321193', 'b68fcbe8b51a4e888aa8bbafa12dd2a0', null, '30', 'BANK_DIRECT', '1000001', 'W20160328112841', '2016-03-28 11:32:11', 'ICBC_ERROR', '企业签名时间与工行服务器时间间隔过长!', 'F', 'CREDIT_BANK_PAYED', '2016-03-28 11:32:14', '银企直联提现', '银行交易流水号:', null, null, null);
INSERT INTO `CIFPAY_TRD_JOURNAL` VALUES ('13061055972016032811382336', 'da6fc964e66b4254b8fa7f7a657eea1f', null, '30', 'BANK_DIRECT', '1000001', 'W20160328112841', '2016-03-28 11:38:23', 'ICBC_ERROR', '企业签名时间与工行服务器时间间隔过长!', 'F', 'CREDIT_BANK_PAYED', '2016-03-28 11:38:25', '银企直联提现', '银行交易流水号:', null, null, null);
INSERT INTO `CIFPAY_TRD_JOURNAL` VALUES ('62469196920160328114018184', 'b68b28618a254af3b50775842747fd55', null, '30', 'BANK_DIRECT', '1000001', 'W20160328112841', '2016-03-28 11:40:18', 'ICBC_ERROR', '企业签名时间与工行服务器时间间隔过长!', 'F', 'CREDIT_BANK_PAYED', '2016-03-28 11:40:20', '银企直联提现', '银行交易流水号:', null, null, null);
INSERT INTO `CIFPAY_TRD_JOURNAL` VALUES ('13307812112016032811454738', '490bb41abf2b48ecbde52f302289bc2c', null, '30', 'BANK_DIRECT', '1000001', 'W20160328112841', '2016-03-28 11:45:47', 'ICBC_ERROR', '企业签名时间与工行服务器时间间隔过长!', 'F', 'CREDIT_BANK_PAYED', '2016-03-28 11:45:50', '银企直联提现', '银行交易流水号:', null, null, null);
INSERT INTO `CIFPAY_TRD_JOURNAL` VALUES ('11952773182016032813280016', '866fc856fa024ad092866d7797144ca8', null, '30', 'BANK_DIRECT', '1000001', 'W20160328112841', '2016-03-28 13:28:00', 'ICBC_ERROR', '企业签名时间与工行服务器时间间隔过长!', 'F', 'CREDIT_BANK_PAYED', '2016-03-28 13:28:02', '银企直联提现', '银行交易流水号:', null, null, null);
INSERT INTO `CIFPAY_TRD_JOURNAL` VALUES ('88700783420160328142913307', 'd79540c13a75414e8c86b3c555ca16ae', null, '30', 'BANK_DIRECT', '1000001', 'W20160328112841', '2016-03-28 14:29:13', '7', '成功', 'S', 'CREDIT_BANK_PAYED', '2016-03-28 14:29:23', '银企直联提现', '银行交易流水号:CMM593456882', null, null, null);
INSERT INTO `CIFPAY_TRD_JOURNAL` VALUES ('53367074520160328143831880', '0962bfce1fb74e41b6fc90b87c7884e4', null, '30', 'BANK_DIRECT', '1000001', 'W1459147132418', '2016-03-28 14:38:31', '7', '成功', 'S', 'CREDIT_BANK_PAYED', '2016-03-28 14:38:37', '银企直联提现', '银行交易流水号:CMM593456885', null, null, null);
INSERT INTO `CIFPAY_TRD_JOURNAL` VALUES ('19829323682016032814400694', '961c2e686d714c90aab81e2b0a5ea7e2', null, '30', 'BANK_DIRECT', '1000001', 'W20160328112845', '2016-03-28 14:40:06', '7', '成功', 'S', 'CREDIT_BANK_PAYED', '2016-03-28 14:40:20', '银企直联提现', '银行交易流水号:CMM593456887', null, null, null);
INSERT INTO `CIFPAY_TRD_JOURNAL` VALUES ('18235111522016032814411217', 'f9daabad3c7644148df3e7eb218d47a5', null, '30', 'BANK_DIRECT', '1000001', 'W20160325112845', '2016-03-28 14:41:12', '7', '成功', 'S', 'CREDIT_BANK_PAYED', '2016-03-28 14:41:19', '银企直联提现', '银行交易流水号:CMM593456889', null, null, null);
INSERT INTO `CIFPAY_TRD_JOURNAL` VALUES ('89133209720160328144834320', '915df3d72cd44a769eb4d69383d0bb95', null, '30', 'BANK_DIRECT', '1000001', 'Wc4b79bd0844f', '2016-03-28 14:48:34', '7', '成功', 'S', 'CREDIT_BANK_PAYED', '2016-03-28 14:48:50', '银企直联提现', '银行交易流水号:CMM593466882', null, null, null);
INSERT INTO `CIFPAY_TRD_JOURNAL` VALUES ('10089063092016032814485392', 'b213f326e7694f80bde506a94f577c09', null, '30', 'BANK_DIRECT', '1000001', 'W12034e85b04a', '2016-03-28 14:48:53', '7', '成功', 'S', 'CREDIT_BANK_PAYED', '2016-03-28 14:54:08', '银企直联提现', '银行交易流水号:CMM593476882', null, null, null);
INSERT INTO `CIFPAY_TRD_JOURNAL` VALUES ('27052813220160328145630700', '1a32496ee6ea4e1fae702b429a319215', null, '50', 'THIRD_PAY', '111111', 'orderId9187c8ca9e9248c2b8b6f1c9824337bb', '2016-03-28 14:56:30', null, null, 'C', 'CREDIT_BANK_PAYED', '2016-03-28 14:56:30', '支付宝充值', null, null, null, null);
INSERT INTO `CIFPAY_TRD_JOURNAL` VALUES ('209832419720160328150309612', '8031b99e56b64cc498a8d699cb9f8a6f', null, '50', 'THIRD_PAY', '111111', 'orderId5a4d73157ce64a8182e84d8cc8b3f14a', '2016-03-28 15:03:09', null, null, 'C', 'CREDIT_BANK_PAYED', '2016-03-28 15:03:09', '支付宝充值', null, null, null, null);
INSERT INTO `CIFPAY_TRD_JOURNAL` VALUES ('18672672742016032817434214', 'b0fc6888105f4ab5a44e19c81ecc05fe', null, '30', 'BANK_DIRECT', '1000001', 'W1459158249763', '2016-03-28 17:43:42', '7', '成功', 'S', 'CREDIT_BANK_PAYED', '2016-03-28 17:43:48', '银企直联提现', '银行交易流水号:CMM593526893', null, null, null);
INSERT INTO `CIFPAY_TRD_JOURNAL` VALUES ('20636791632016032817471736', '812300e468ee4260b3b694ec09dbc36c', null, '30', 'BANK_DIRECT', '1000001', 'Wd5e5e234f637', '2016-03-28 17:47:17', '7', '成功', 'S', 'CREDIT_BANK_PAYED', '2016-03-28 17:47:20', '银企直联提现', '银行交易流水号:CMM593526895', null, null, null);
INSERT INTO `CIFPAY_TRD_JOURNAL` VALUES ('19832018182016032817534763', 'b4d4023554c540beb43699dd95a73c92', null, '30', 'BANK_DIRECT', '1000001', 'W0ec252571904', '2016-03-28 17:53:47', '7', '成功', 'S', 'CREDIT_BANK_PAYED', '2016-03-28 17:53:51', '银企直联提现', '银行交易流水号:CMM593526897', null, null, null);
INSERT INTO `CIFPAY_TRD_JOURNAL` VALUES ('21147299382016032817542141', '4f52dff4652b4c098ff355e245036497', null, '30', 'BANK_DIRECT', '1000001', 'W291e17f4af55', '2016-03-28 17:54:21', '7', '成功', 'S', 'CREDIT_BANK_PAYED', '2016-03-28 17:54:24', '银企直联提现', '银行交易流水号:CMM593526898', null, null, null);
INSERT INTO `CIFPAY_TRD_JOURNAL` VALUES ('76649122320160328175531483', '55bb7b345b6c4632b8a1d6f7edb72cc7', null, '30', 'BANK_DIRECT', '1000001', 'W76dbd2e8ad0f', '2016-03-28 17:55:31', '7', '成功', 'S', 'CREDIT_BANK_PAYED', '2016-03-28 17:55:34', '银企直联提现', '银行交易流水号:CMM593526900', null, null, null);
INSERT INTO `CIFPAY_TRD_JOURNAL` VALUES ('17442081412016032817553476', '2cb835396fe642f485ec1f835c700f9b', null, '30', 'BANK_DIRECT', '1000001', 'W92aefb57f734', '2016-03-28 17:55:34', '7', '成功', 'S', 'CREDIT_BANK_PAYED', '2016-03-28 18:00:41', '银企直联提现', '银行交易流水号:CMM593526902', null, null, null);
INSERT INTO `CIFPAY_TRD_JOURNAL` VALUES ('17852376532016032817555762', '93f1676b5ecc4f8bbcda4e08db44f94c', null, '30', 'BANK_DIRECT', '1000001', 'Wb1d128987460', '2016-03-28 17:55:57', null, null, 'C', 'CREDIT_BANK_PAYED', '2016-03-28 17:55:57', '银企直联提现', null, null, null, null);
INSERT INTO `CIFPAY_TRD_JOURNAL` VALUES ('1007620720160328175624647', '5439855de4cc4ee1a6e42dab55a9c41e', null, '30', 'BANK_DIRECT', '1000001', 'W7083c151837a', '2016-03-28 17:56:24', '7', '成功', 'S', 'CREDIT_BANK_PAYED', '2016-03-28 17:59:01', '银企直联提现', '银行交易流水号:CMM593526901', null, null, null);
INSERT INTO `CIFPAY_TRD_JOURNAL` VALUES ('4262208772016032817585750', '3f5074f23d1445e5a8d55c7e86c36df7', null, '30', 'BANK_DIRECT', '1000001', 'W00bf318bab08', '2016-03-28 17:58:57', '7', '成功', 'S', 'CREDIT_BANK_PAYED', '2016-03-28 18:04:03', '银企直联提现', '银行交易流水号:CMM593526904', null, null, null);
INSERT INTO `CIFPAY_TRD_JOURNAL` VALUES ('132873832820160328182331395', '7bc3234c94ff4a758cb5655ba1f88344', null, '50', 'THIRD_PAY', '1000001', 'W3007e810ba4a', '2016-03-28 18:23:31', null, null, 'C', 'CREDIT_BANK_PAYED', '2016-03-28 18:23:31', '支付宝充值', null, null, null, null);
INSERT INTO `CIFPAY_TRD_JOURNAL` VALUES ('206701644820160328182807649', 'f41e60d4ca48423e8af786c69d2be33a', null, '50', 'THIRD_PAY', '1000001', 'Wab71eb8c0a5a', '2016-03-28 18:28:07', null, null, 'C', 'CREDIT_BANK_PAYED', '2016-03-28 18:28:07', '支付宝充值', null, null, null, null);
INSERT INTO `CIFPAY_TRD_JOURNAL` VALUES ('22223461320160329092705599', 'fb5b933594bf46e583e608038bd4597a', null, '50', 'THIRD_PAY', '1000001', 'W08fa69130a9d', '2016-03-29 09:27:05', null, null, 'C', 'CREDIT_BANK_PAYED', '2016-03-29 09:27:05', '支付宝充值', null, null, null, null);
INSERT INTO `CIFPAY_TRD_JOURNAL` VALUES ('93097003620160329092827865', '6796c57abba2402ea5d7de781a6d1a25', null, '30', 'BANK_DIRECT', '1000001', 'Wce7f9b31431b', '2016-03-29 09:28:27', '7', '成功', 'S', 'CREDIT_BANK_PAYED', '2016-03-29 09:28:43', '银企直联提现', '银行交易流水号:CMM593556885', null, null, null);
INSERT INTO `CIFPAY_TRD_JOURNAL` VALUES ('17668053112016032909351544', '5196587016b740ef804367fba359ec9f', null, '30', 'BANK_DIRECT', '1000001', 'W1e3d96dc3781', '2016-03-29 09:35:15', '7', '成功', 'S', 'CREDIT_BANK_PAYED', '2016-03-29 09:35:20', '银企直联提现', '银行交易流水号:CMM593566883', null, null, null);
INSERT INTO `CIFPAY_TRD_JOURNAL` VALUES ('12414178572016032909365685', '98ce4c61b72345e298b01bb8538fa0be', null, '30', 'BANK_DIRECT', '1000001', 'Wd96be489d10b', '2016-03-29 09:36:56', '7', '成功', 'S', 'CREDIT_BANK_PAYED', '2016-03-29 09:37:05', '银企直联提现', '银行交易流水号:CMM593566884', null, null, null);
INSERT INTO `CIFPAY_TRD_JOURNAL` VALUES ('66605177620160329093659199', '2eac86407aa64e0f8230beaded1196a3', null, '30', 'BANK_DIRECT', '1000001', 'Wca94135292b4', '2016-03-29 09:36:59', '7', '成功', 'S', 'CREDIT_BANK_PAYED', '2016-03-29 09:37:06', '银企直联提现', '银行交易流水号:CMM593566885', null, null, null);
INSERT INTO `CIFPAY_TRD_JOURNAL` VALUES ('146252443201603290937150', '56049871fadd4310b05c371a7558a477', null, '30', 'BANK_DIRECT', '1000001', 'W1ba48ca549e7', '2016-03-29 09:37:15', 'ICBC_ERROR', 'The server 192.168.4.6 failed to respond with a valid HTTP response', 'F', 'CREDIT_BANK_PAYED', '2016-03-29 09:44:17', '银企直联提现', '银行交易流水号:null', null, null, null);
INSERT INTO `CIFPAY_TRD_JOURNAL` VALUES ('14386136622016032909373247', '4d056e05b93f410c9463786629f80988', null, '30', 'BANK_DIRECT', '1000001', 'W1459215483249', '2016-03-29 09:37:32', 'ICBC_ERROR', 'The server 192.168.4.6 failed to respond with a valid HTTP response', 'F', 'CREDIT_BANK_PAYED', '2016-03-29 09:44:42', '银企直联提现', '银行交易流水号:null', null, null, null);
INSERT INTO `CIFPAY_TRD_JOURNAL` VALUES ('18035764222016032909395142', '40a78f5a59694be4bac165ba82dfd3c7', null, '30', 'BANK_DIRECT', '1000001', 'Wccd729a711ef', '2016-03-29 09:39:51', 'ICBC_ERROR', 'The server 192.168.4.6 failed to respond with a valid HTTP response', 'F', 'CREDIT_BANK_PAYED', '2016-03-29 09:42:32', '银企直联提现', '银行交易流水号:null', null, null, null);
INSERT INTO `CIFPAY_TRD_JOURNAL` VALUES ('49302625920160329094401584', '33cf21daedda42f2bd97db8c4a360bad', null, '30', 'BANK_DIRECT', '1000001', 'W4cc8867ee755', '2016-03-29 09:44:01', 'ICBC_ERROR', 'The server 192.168.4.6 failed to respond with a valid HTTP response', 'F', 'CREDIT_BANK_PAYED', '2016-03-29 09:48:29', '银企直联提现', '银行交易流水号:null', null, null, null);
INSERT INTO `CIFPAY_TRD_JOURNAL` VALUES ('77834473220160329094519399', '2a117cda567d43cfb1019fb00dbb8de6', null, '30', 'BANK_DIRECT', '1000001', 'W117a4157b789', '2016-03-29 09:45:19', '7', '成功', 'S', 'CREDIT_BANK_PAYED', '2016-03-29 09:49:34', '银企直联提现', '银行交易流水号:CMM593576882', null, null, null);
INSERT INTO `CIFPAY_TRD_JOURNAL` VALUES ('13102748682016032909483094', '434f65b1d5444ea594c717c2ba6d44e3', null, '30', 'BANK_DIRECT', '1000001', 'W398489e62725', '2016-03-29 09:48:30', 'ICBC_ERROR', 'String index out of range: -8', 'F', 'CREDIT_BANK_PAYED', '2016-03-29 09:48:34', '银企直联提现', '银行交易流水号:null', null, null, null);
INSERT INTO `CIFPAY_TRD_JOURNAL` VALUES ('96579607720160329094957980', 'a815d60cd770481d90dd0a3544894971', null, '30', 'BANK_DIRECT', '1000001', 'Wc53927682a5e', '2016-03-29 09:49:58', '7', '成功', 'S', 'CREDIT_BANK_PAYED', '2016-03-29 09:54:35', '银企直联提现', '银行交易流水号:CMM593576885', null, null, null);
INSERT INTO `CIFPAY_TRD_JOURNAL` VALUES ('18589741320160329095023918', '8dceb5ec58d2426281b9b9314db3dbf3', null, '30', 'BANK_DIRECT', '1000001', 'W0b29cb2e4314', '2016-03-29 09:50:23', '7', '成功', 'S', 'CREDIT_BANK_PAYED', '2016-03-29 09:58:40', '银企直联提现', '银行交易流水号:CMM593576887', null, null, null);
INSERT INTO `CIFPAY_TRD_JOURNAL` VALUES ('11601052812016032909504168', '3bfb489315df45ccb5dc51fca082dc64', null, '30', 'BANK_DIRECT', '1000001', 'Wcd9d13822fd6', '2016-03-29 09:50:41', null, null, 'C', 'CREDIT_BANK_PAYED', '2016-03-29 09:50:41', '银企直联提现', null, null, null, null);
INSERT INTO `CIFPAY_TRD_JOURNAL` VALUES ('44923368320160329095258224', '05d911ddc2ac42c4b63168ebef7faeb0', null, '30', 'BANK_DIRECT', '1000001', 'W81cdb3e6391c', '2016-03-29 09:52:58', '7', '成功', 'S', 'CREDIT_BANK_PAYED', '2016-03-29 09:53:38', '银企直联提现', '银行交易流水号:CMM593576884', null, null, null);
INSERT INTO `CIFPAY_TRD_JOURNAL` VALUES ('16705381832016032909550857', 'e1c4b77140a24c25ba9a6763f111f596', null, '30', 'BANK_DIRECT', '1000001', 'Wfd74c96b491f', '2016-03-29 09:55:08', '7', '成功', 'S', 'CREDIT_BANK_PAYED', '2016-03-29 10:03:43', '银企直联提现', '银行交易流水号:CMM593576890', null, null, null);
INSERT INTO `CIFPAY_TRD_JOURNAL` VALUES ('14534564042016032909584773', '69f0ed9fa25d4bf79490f5ca04339093', null, '30', 'BANK_DIRECT', '1000001', 'W166c01659a33', '2016-03-29 09:58:47', '7', '成功', 'S', 'CREDIT_BANK_PAYED', '2016-03-29 10:08:45', '银企直联提现', '银行交易流水号:CMM593576892', null, null, null);
INSERT INTO `CIFPAY_TRD_JOURNAL` VALUES ('14300052472016032909594557', '8ff757b92cc94837809016634e53d1e0', null, '30', 'BANK_DIRECT', '1000001', 'W8eb1a5b09c20', '2016-03-29 09:59:45', null, null, 'C', 'CREDIT_BANK_PAYED', '2016-03-29 09:59:45', '银企直联提现', null, null, null, null);
INSERT INTO `CIFPAY_TRD_JOURNAL` VALUES ('66621643820160329100232561', '915d7ea8a6d6495ba442b2d0a2871757', null, '30', 'BANK_DIRECT', '1000001', 'W1e1ac00d441b', '2016-03-29 10:02:32', null, null, 'C', 'CREDIT_BANK_PAYED', '2016-03-29 10:02:32', '银企直联提现', null, null, null, null);
INSERT INTO `CIFPAY_TRD_JOURNAL` VALUES ('10248709632016032910034731', '0771d74311c443ff9685e485c2ca7fb0', null, '30', 'BANK_DIRECT', '1000001', 'Wf2c861c1000e', '2016-03-29 10:03:47', null, null, 'C', 'CREDIT_BANK_PAYED', '2016-03-29 10:03:47', '银企直联提现', null, null, null, null);
INSERT INTO `CIFPAY_TRD_JOURNAL` VALUES ('18650913912016032910133395', '8a605f85ef58415083f1e0a745413b22', null, '30', 'BANK_DIRECT', '1000001', 'W7b1b367dcf2f', '2016-03-29 10:13:33', null, null, 'C', 'CREDIT_BANK_PAYED', '2016-03-29 10:13:33', '银企直联提现', null, null, null, null);
INSERT INTO `CIFPAY_TRD_JOURNAL` VALUES ('3258749420160329102551456', '8e2bbcf2f7f544faa020662489048d01', null, '30', 'BANK_DIRECT', '1000001', 'Wdb60fd090a5b', '2016-03-29 10:25:51', 'ICBC_ERROR', '企业签名时间与工行服务器时间间隔过长!', 'F', 'CREDIT_BANK_PAYED', '2016-03-29 13:47:24', '银企直联提现', '银行交易流水号:', null, null, null);
INSERT INTO `CIFPAY_TRD_JOURNAL` VALUES ('14610726632016032913435792', 'ba7459a2c1d943c6a9ee9ec81b3fb556', null, '30', 'BANK_DIRECT', '1000001', 'We83d54b32049', '2016-03-29 13:43:57', 'ICBC_ERROR', '企业签名时间与工行服务器时间间隔过长!', 'F', 'CREDIT_BANK_PAYED', '2016-03-29 13:47:39', '银企直联提现', '银行交易流水号:', null, null, null);
INSERT INTO `CIFPAY_TRD_JOURNAL` VALUES ('20037245882016032913422782', '9b0ca832ed4c408eb0acd01a9418a2d0', null, '30', 'BANK_DIRECT', '1000001', 'W7e1e753bed27', '2016-03-29 13:42:27', '7', '成功', 'S', 'CREDIT_BANK_PAYED', '2016-03-29 13:47:08', '银企直联提现', '银行交易流水号:CMM593616885', null, null, null);
INSERT INTO `CIFPAY_TRD_JOURNAL` VALUES ('20608971292016032913473894', '2d140736cdaf40abb12944e2db4dac57', null, '30', 'BANK_DIRECT', '1000001', 'W1459215483249', '2016-03-29 13:47:38', 'ICBC_ERROR', '企业签名时间与工行服务器时间间隔过长!', 'F', 'CREDIT_BANK_PAYED', '2016-03-29 14:18:18', '银企直联提现', '银行交易流水号:', null, null, null);
INSERT INTO `CIFPAY_TRD_JOURNAL` VALUES ('21340468102016032913455790', '4fe4a7ee257a475a827bc412ed0efd97', null, '30', 'BANK_DIRECT', '1000001', 'W031430045a5a', '2016-03-29 13:45:57', 'ICBC_ERROR', '企业签名时间与工行服务器时间间隔过长!', 'F', 'CREDIT_BANK_PAYED', '2016-03-29 14:04:36', '银企直联提现', '银行交易流水号:', null, null, null);
INSERT INTO `CIFPAY_TRD_JOURNAL` VALUES ('30968475520160329135428898', '0a774db9f0f34f2992056a6ebd6850b6', null, '50', 'THIRD_PAY', '1000001', 'W1f9165c67d7f', '2016-03-29 13:54:28', null, null, 'C', 'CREDIT_BANK_PAYED', '2016-03-29 13:54:28', '支付宝充值', null, null, null, null);
INSERT INTO `CIFPAY_TRD_JOURNAL` VALUES ('91733158920160329165100667', '0233a2ed724140d6906a602387c652cd', null, '30', 'BANK_DIRECT', '1000001', 'W1459215483249', '2016-03-29 16:51:00', 'ICBC_ERROR', '企业签名时间与工行服务器时间间隔过长!', 'F', 'CREDIT_BANK_PAYED', '2016-03-29 16:51:03', '银企直联提现', '银行交易流水号:', null, null, null);
INSERT INTO `CIFPAY_TRD_JOURNAL` VALUES ('13168493682016032916520144', '0099c28320f145eeae20b346ea91fd9f', null, '30', 'BANK_DIRECT', '1000001', 'W0e39210cbb67', '2016-03-29 16:52:01', 'ICBC_ERROR', '企业签名时间与工行服务器时间间隔过长!', 'F', 'CREDIT_BANK_PAYED', '2016-03-29 16:52:03', '银企直联提现', '银行交易流水号:', null, null, null);
INSERT INTO `CIFPAY_TRD_JOURNAL` VALUES ('12599342242016032916521975', '225f4f76e6af4df680aa6376225c594f', null, '30', 'BANK_DIRECT', '1000001', 'W1459215483249', '2016-03-29 16:52:19', null, null, 'C', 'CREDIT_BANK_PAYED', '2016-03-29 16:52:19', '银企直联提现', null, null, null, null);
INSERT INTO `CIFPAY_TRD_JOURNAL` VALUES ('71157822820160329165224529', '802d0ea5392c43dd8bba73f4185004c5', null, '30', 'BANK_DIRECT', '1000001', 'W47c6df84f19a', '2016-03-29 16:52:24', null, null, 'C', 'CREDIT_BANK_PAYED', '2016-03-29 16:52:24', '银企直联提现', null, null, null, null);
INSERT INTO `CIFPAY_TRD_JOURNAL` VALUES ('13327283732016032916540680', '0abdccc4066043728c44b8bb1e520a7a', null, '30', 'BANK_DIRECT', '1000001', 'W49c6dbf682be', '2016-03-29 16:54:06', 'ICBC_ERROR', '企业签名时间与工行服务器时间间隔过长!', 'F', 'CREDIT_BANK_PAYED', '2016-03-29 16:56:05', '银企直联提现', '银行交易流水号:', null, null, null);
INSERT INTO `CIFPAY_TRD_JOURNAL` VALUES ('87287019420160329165824585', '0bc9bb1101d040f6a0fac80ffe0912a0', null, '30', 'BANK_DIRECT', '1000001', 'W78a4d9373732', '2016-03-29 16:58:24', null, null, 'C', 'CREDIT_BANK_PAYED', '2016-03-29 16:58:24', '银企直联提现', null, null, null, null);
INSERT INTO `CIFPAY_TRD_JOURNAL` VALUES ('50045043620160329170951718', '9491ce25c726455cb1d7eaa13c676059', null, '30', 'BANK_DIRECT', '1000001', 'W1459242317014', '2016-03-29 17:09:51', '7', '成功', 'S', 'CREDIT_BANK_PAYED', '2016-03-29 17:10:01', '银企直联提现', '银行交易流水号:CMM593666886', null, null, null);
INSERT INTO `CIFPAY_TRD_JOURNAL` VALUES ('12921443620160329171128659', 'c73073fa2ccb4ff8876bc9c5822848b3', null, '30', 'BANK_DIRECT', '1000001', 'Wab2a80a4c062', '2016-03-29 17:11:28', '7', '成功', 'S', 'CREDIT_BANK_PAYED', '2016-03-29 17:11:35', '银企直联提现', '银行交易流水号:CMM593666887', null, null, null);
INSERT INTO `CIFPAY_TRD_JOURNAL` VALUES ('21023454802016032917120340', '7255db0569054c17a63f780ef5501501', null, '30', 'BANK_DIRECT', '1000001', 'W2dbf9828ffae', '2016-03-29 17:12:03', '7', '成功', 'S', 'CREDIT_BANK_PAYED', '2016-03-29 17:12:09', '银企直联提现', '银行交易流水号:CMM593666888', null, null, null);
INSERT INTO `CIFPAY_TRD_JOURNAL` VALUES ('41445637820160330163317929', '871b8075f59a4cbeaf3f4151d5d7691d', null, '30', 'BANK_DIRECT', '1000001', 'W1459326778527', '2016-03-30 16:33:17', '7', '成功', 'S', 'CREDIT_BANK_PAYED', '2016-03-30 16:33:26', '银企直联提现', '银行交易流水号:CMM593806882', null, null, null);
INSERT INTO `CIFPAY_TRD_JOURNAL` VALUES ('12409646122016033016353078', 'dc1ccc7c25c84b24b31b1689e7fdeaf1', null, '30', 'BANK_DIRECT', '1000001', 'W1459326895990', '2016-03-30 16:35:30', '6', '指令处理失败', 'F', 'CREDIT_BANK_PAYED', '2016-03-30 16:35:35', '银企直联提现', '银行交易流水号:CMM593806883', null, null, null);
INSERT INTO `CIFPAY_TRD_JOURNAL` VALUES ('27948113020160330164146335', '5d8819718ecc4a31bb44adf660602ed7', null, '30', 'BANK_DIRECT', '1000001', 'W1459327200396', '2016-03-30 16:41:46', '6', '指令处理失败', 'F', 'CREDIT_BANK_PAYED', '2016-03-30 16:43:01', '银企直联提现', '银行交易流水号:CMM593806885', null, null, null);
INSERT INTO `CIFPAY_TRD_JOURNAL` VALUES ('63990216620160331103153212', 'f71dce86a29241b3bc1cdc71c1a19b18', null, '30', 'BANK_DIRECT', '1000001', 'W1459327200396', '2016-03-31 10:31:53', '7', '成功', 'S', 'CREDIT_BANK_PAYED', '2016-03-31 10:32:58', '银企直联提现', '银行交易流水号:CMM593856886', null, null, null);
INSERT INTO `CIFPAY_TRD_JOURNAL` VALUES ('12751933362016033110384889', 'b406d2c2314e4740b29902961823d89c', null, '30', 'BANK_DIRECT', '1000001', 'W1459391727662', '2016-03-31 10:38:48', '6', '对私情况下,用途和备注不能同时为空', 'F', 'CREDIT_BANK_PAYED', '2016-03-31 10:38:54', '银企直联提现', '银行交易流水号:CMM593866882', null, null, null);
INSERT INTO `CIFPAY_TRD_JOURNAL` VALUES ('77647626020160331104342574', 'e03f1646d10c42508c78273bed46df14', null, '30', 'BANK_DIRECT', '1000001', 'W1459391727662', '2016-03-31 10:43:42', '4', '跨行支付报文已发送', 'E', 'CREDIT_BANK_PAYED', '2016-03-31 10:43:51', '银企直联提现', '银行交易流水号:CMM593866884', null, null, null);
INSERT INTO `CIFPAY_TRD_JOURNAL` VALUES ('2789968732016033118325966', 'e27a6aa7336949dcabdbea34a6f52c81', null, '30', 'BANK_DIRECT', '1000001', 'W1459391727662', '2016-03-31 18:32:59', 'ICBC_ERROR', '企业签名时间与工行服务器时间间隔过长!', 'F', 'CREDIT_BANK_PAYED', '2016-03-31 18:33:02', '银企直联提现', '银行交易流水号:', null, null, null);
INSERT INTO `CIFPAY_TRD_JOURNAL` VALUES ('520989920160331183548729', '51c5d767831c469e8674934faedf2904', null, '30', 'BANK_DIRECT', '1000001', 'W1459391727662', '2016-03-31 18:35:48', '6', '指令处理失败', 'F', 'CREDIT_BANK_PAYED', '2016-03-31 18:35:57', '银企直联提现', '银行交易流水号:CMM594026884', null, null, null);
INSERT INTO `CIFPAY_TRD_JOURNAL` VALUES ('18191358020160331184859533', '4a1bf06261214e1cbc552228b6a0a6f2', null, '30', 'BANK_DIRECT', '1000001', 'W1459391727662', '2016-03-31 18:48:59', '6', '指令处理失败', 'F', 'CREDIT_BANK_PAYED', '2016-03-31 18:49:05', '银企直联提现', '银行交易流水号:CMM594026885', null, null, null);
INSERT INTO `CIFPAY_TRD_JOURNAL` VALUES ('10609101372016040109522665', 'b3b151361f124c36b1d2a932f1553d13', null, '30', 'BANK_DIRECT', '1000001', 'W1459391727662', '2016-04-01 09:52:26', '4', '跨行支付报文已发送', 'E', 'CREDIT_BANK_PAYED', '2016-04-01 09:52:38', '银企直联提现', '银行交易流水号:CMM594076890', null, null, null);
INSERT INTO `CIFPAY_TRD_JOURNAL` VALUES ('75756910920160401100533446', '3148e9544155453a94a45aa9cd6f4638', null, '30', 'BANK_DIRECT', '1000001', 'W1459475995432', '2016-04-01 10:05:33', '6', '指令处理失败', 'F', 'CREDIT_BANK_PAYED', '2016-04-01 10:05:43', '银企直联提现', '银行交易流水号:CMM594076896', null, null, null);
INSERT INTO `CIFPAY_TRD_JOURNAL` VALUES ('12828837842016040110084415', 'a0fe347c51464b1a8336353920341b6a', null, '30', 'BANK_DIRECT', '1000001', 'W1459475995432', '2016-04-01 10:08:44', '4', '跨行支付报文已发送', 'E', 'CREDIT_BANK_PAYED', '2016-04-01 10:08:53', '银企直联提现', '银行交易流水号:CMM594076897', null, null, null);
INSERT INTO `CIFPAY_TRD_JOURNAL` VALUES ('30028083920160401101923686', 'e9aa507bcca2422f8454da54c5a15c1f', null, '30', 'BANK_DIRECT', '1000001', 'W1459477105677', '2016-04-01 10:19:23', '6', '指令处理失败', 'F', 'CREDIT_BANK_PAYED', '2016-04-01 10:19:27', '银企直联提现', '银行交易流水号:CMM594076902', null, null, null);
INSERT INTO `CIFPAY_TRD_JOURNAL` VALUES ('832529532016040110223326', '7cffadac78c8492485ddf89465564137', null, '30', 'BANK_DIRECT', '1000001', 'W1459477307963', '2016-04-01 10:22:33', '4', '跨行支付报文已发送', 'E', 'CREDIT_BANK_PAYED', '2016-04-01 10:22:48', '银企直联提现', '银行交易流水号:CMM594076903', null, null, null);
INSERT INTO `CIFPAY_TRD_JOURNAL` VALUES ('18329044772016040110504562', '6b17ec90caeb49fda611124404489ed2', null, '30', 'BANK_DIRECT', '1000001', 'W1459477307963', '2016-04-01 10:50:45', '4', '跨行支付报文已发送', 'E', 'CREDIT_BANK_PAYED', '2016-04-01 10:50:59', '银企直联提现', '银行交易流水号:CMM594086883', null, null, null);
INSERT INTO `CIFPAY_TRD_JOURNAL` VALUES ('7340064712016040110564341', '659de5db436145df9d2337b358511ec3', null, '30', 'BANK_DIRECT', '1000001', 'W1459477307963', '2016-04-01 10:56:43', '6', '指令处理失败', 'F', 'CREDIT_BANK_PAYED', '2016-04-01 10:56:47', '银企直联提现', '银行交易流水号:CMM594086886', null, null, null);
INSERT INTO `CIFPAY_TRD_JOURNAL` VALUES ('58769328320160401105719288', '0108d1c509944a368535185f703697e5', null, '30', 'BANK_DIRECT', '1000001', 'W1459477307963', '2016-04-01 10:57:19', '6', '指令处理失败', 'F', 'CREDIT_BANK_PAYED', '2016-04-01 10:57:23', '银企直联提现', '银行交易流水号:CMM594086887', null, null, null);
INSERT INTO `CIFPAY_TRD_JOURNAL` VALUES ('32793145920160401105728125', 'e3b99e462e7e4a8abc5b50e4723486de', null, '30', 'BANK_DIRECT', '1000001', 'W1459477307963', '2016-04-01 10:57:28', '6', '指令处理失败', 'F', 'CREDIT_BANK_PAYED', '2016-04-01 10:57:31', '银企直联提现', '银行交易流水号:CMM594086888', null, null, null);
INSERT INTO `CIFPAY_TRD_JOURNAL` VALUES ('6728798402016040110573354', '599ae3a1f33648b3a9c905326d2a2de5', null, '30', 'BANK_DIRECT', '1000001', 'W1459477307963', '2016-04-01 10:57:33', '6', '指令处理失败', 'F', 'CREDIT_BANK_PAYED', '2016-04-01 10:57:36', '银企直联提现', '银行交易流水号:CMM594086889', null, null, null);
INSERT INTO `CIFPAY_TRD_JOURNAL` VALUES ('20766744302016040110575057', 'b51a6532930e4f529b7d22d6991d1995', null, '30', 'BANK_DIRECT', '1000001', 'W1459477307963', '2016-04-01 10:57:50', '6', '指令处理失败', 'F', 'CREDIT_BANK_PAYED', '2016-04-01 10:58:17', '银企直联提现', '银行交易流水号:CMM594086890', null, null, null);
INSERT INTO `CIFPAY_TRD_JOURNAL` VALUES ('10962079392016040111000133', '47a7cb4694f24ef8abe06db908ab8f5f', null, '30', 'BANK_DIRECT', '1000001', 'W1459477307963', '2016-04-01 11:00:01', '6', '指令处理失败', 'F', 'CREDIT_BANK_PAYED', '2016-04-01 11:00:04', '银企直联提现', '银行交易流水号:CMM594086891', null, null, null);
INSERT INTO `CIFPAY_TRD_JOURNAL` VALUES ('11038930852016040111033490', 'a9ebc3b1b8ad46a2ac30767300e3ca90', null, '30', 'BANK_DIRECT', '1000001', 'W1459477307963', '2016-04-01 11:03:34', '6', '指令处理失败', 'F', 'CREDIT_BANK_PAYED', '2016-04-01 11:03:45', '银企直联提现', '银行交易流水号:CMM594086894', null, null, null);
INSERT INTO `CIFPAY_TRD_JOURNAL` VALUES ('11114515602016040111055060', '502cf28ebab545c490f6ed007b1de4fb', null, '30', 'BANK_DIRECT', '1000001', 'W1459477307963', '2016-04-01 11:05:50', '4', '跨行支付报文已发送', 'E', 'CREDIT_BANK_PAYED', '2016-04-01 11:06:00', '银企直联提现', '银行交易流水号:CMM594086895', null, null, null);
INSERT INTO `CIFPAY_TRD_JOURNAL` VALUES ('12905600752016040111130179', '7ad8e1ad909f41199ce86a06f497cf46', null, '30', 'BANK_DIRECT', '1000001', 'W1459477307963', '2016-04-01 11:13:01', '4', '跨行支付报文已发送', 'E', 'CREDIT_BANK_PAYED', '2016-04-01 11:13:14', '银企直联提现', '银行交易流水号:CMM594086897', null, null, null);
INSERT INTO `CIFPAY_TRD_JOURNAL` VALUES ('56297499220160401112644106', '4d04ae21154943028dad68135ab5cb75', null, '30', 'BANK_DIRECT', '1000001', 'W1459477307963', '2016-04-01 11:26:44', '6', '指令处理失败', 'F', 'CREDIT_BANK_PAYED', '2016-04-01 11:26:51', '银企直联提现', '银行交易流水号:CMM594086899', null, null, null);
INSERT INTO `CIFPAY_TRD_JOURNAL` VALUES ('44475101520160401112711884', 'c0738cbc65f1476d8c760bfac1230124', null, '30', 'BANK_DIRECT', '1000001', 'W1459477307963', '2016-04-01 11:27:11', '6', '指令处理失败', 'F', 'CREDIT_BANK_PAYED', '2016-04-01 11:27:20', '银企直联提现', '银行交易流水号:CMM594086900', null, null, null);
INSERT INTO `CIFPAY_TRD_JOURNAL` VALUES ('19510246662016040111273037', '6a730264cc1f46219ddcd242c923ec64', null, '30', 'BANK_DIRECT', '1000001', 'W1459477307963', '2016-04-01 11:27:30', '6', '指令处理失败', 'F', 'CREDIT_BANK_PAYED', '2016-04-01 11:27:34', '银企直联提现', '银行交易流水号:CMM594086901', null, null, null);
INSERT INTO `CIFPAY_TRD_JOURNAL` VALUES ('39660525020160401112750424', 'e070367fbdd5411faa391e2b4e35d240', null, '30', 'BANK_DIRECT', '1000001', 'W1459477307963', '2016-04-01 11:27:50', '6', '指令处理失败', 'F', 'CREDIT_BANK_PAYED', '2016-04-01 11:27:54', '银企直联提现', '银行交易流水号:CMM594086902', null, null, null);
INSERT INTO `CIFPAY_TRD_JOURNAL` VALUES ('72611150720160401112800114', '29ed9c16269d4b2eac435cac82b9ae79', null, '30', 'BANK_DIRECT', '1000001', 'W1459477307963', '2016-04-01 11:28:00', '6', '指令处理失败', 'F', 'CREDIT_BANK_PAYED', '2016-04-01 11:28:03', '银企直联提现', '银行交易流水号:CMM594086903', null, null, null);
INSERT INTO `CIFPAY_TRD_JOURNAL` VALUES ('14758447182016040111280782', '30a86b77f9ca49618d33f8a8fdb27687', null, '30', 'BANK_DIRECT', '1000001', 'W1459477307963', '2016-04-01 11:28:07', '4', '跨行支付报文已发送', 'E', 'CREDIT_BANK_PAYED', '2016-04-01 11:28:11', '银企直联提现', '银行交易流水号:CMM594086904', null, null, null);
INSERT INTO `CIFPAY_TRD_JOURNAL` VALUES ('18270020872016040114445134', '5b0ea7df55904bfbb1c627c285522adc', null, '30', 'BANK_DIRECT', '1000001', 'W1459493072471', '2016-04-01 14:44:51', '4', '跨行支付报文已发送', 'E', 'CREDIT_BANK_PAYED', '2016-04-01 14:44:58', '银企直联提现', '银行交易流水号:CMM594116883', null, null, null);
INSERT INTO `CIFPAY_TRD_JOURNAL` VALUES ('11488119702016040116344458', '04b6bd2c65ae42c88b2985a7608db845', null, '30', 'BANK_DIRECT', '1000001', 'W1459498238178', '2016-04-01 16:34:44', 'D0087', '企业签名时间与工行服务器时间间隔过长!', 'F', 'CREDIT_BANK_PAYED', '2016-04-01 16:34:47', '银企直联提现', '银行交易流水号:', null, null, null);
INSERT INTO `CIFPAY_TRD_JOURNAL` VALUES ('10856522202016040116401977', '4802c3836ab54d11bda9965fa9a1f993', null, '30', 'BANK_DIRECT', '1000001', 'W1459498238178', '2016-04-01 16:40:19', 'D0087', '企业签名时间与工行服务器时间间隔过长!', 'F', 'CREDIT_BANK_PAYED', '2016-04-01 16:40:21', '银企直联提现', '银行交易流水号:', null, null, null);
INSERT INTO `CIFPAY_TRD_JOURNAL` VALUES ('2136601625201604011642363', 'bd3839df1ae84b1b849bf09ceebb1c41', null, '30', 'BANK_DIRECT', '1000001', 'W1459498238178', '2016-04-01 16:42:36', 'D0087', '企业签名时间与工行服务器时间间隔过长!', 'F', 'CREDIT_BANK_PAYED', '2016-04-01 16:42:39', '银企直联提现', '银行交易流水号:', null, null, null);
INSERT INTO `CIFPAY_TRD_JOURNAL` VALUES ('18874455462016040116432716', '12d092bf0145498dbfe3288da3523768', null, '30', 'BANK_DIRECT', '1000001', 'W1459498238178', '2016-04-01 16:43:27', 'D0091', '企业签名时间晚于工行服务器时间!', 'F', 'CREDIT_BANK_PAYED', '2016-04-01 16:43:29', '银企直联提现', '银行交易流水号:', null, null, null);
INSERT INTO `CIFPAY_TRD_JOURNAL` VALUES ('99457743120160401164526201', '44d9e19fa4694128877b24c8b271b21f', null, '30', 'BANK_DIRECT', '1000001', 'W1459498238178', '2016-04-01 16:45:26', 'D0091', '企业签名时间晚于工行服务器时间!', 'F', 'CREDIT_BANK_PAYED', '2016-04-01 16:45:28', '银企直联提现', '银行交易流水号:', null, null, null);
INSERT INTO `CIFPAY_TRD_JOURNAL` VALUES ('13474327722016040116465410', 'ee5d8d0a41574a988de060ea4fb47025', null, '30', 'BANK_DIRECT', '1000001', 'W1459498238178', '2016-04-01 16:46:54', 'D0091', '企业签名时间晚于工行服务器时间!', 'F', 'CREDIT_BANK_PAYED', '2016-04-01 16:46:56', '银企直联提现', '银行交易流水号:', null, null, null);
INSERT INTO `CIFPAY_TRD_JOURNAL` VALUES ('96745600320160401164201411', '30ad2848807247cfa20d0f42422f7e34', null, '30', 'BANK_DIRECT', '1000001', 'W1459498238178', '2016-04-01 16:42:01', 'D0087', '企业签名时间与工行服务器时间间隔过长!', 'F', 'CREDIT_BANK_PAYED', '2016-04-01 16:42:30', '银企直联提现', '银行交易流水号:', null, null, null);
INSERT INTO `CIFPAY_TRD_JOURNAL` VALUES ('3774864092016040116444620', '146151daf62347a0b47a613d43790eba', null, '30', 'BANK_DIRECT', '1000001', 'W1459498238178', '2016-04-01 16:44:46', '6', '指令处理失败', 'F', 'CREDIT_BANK_PAYED', '2016-04-01 16:47:45', '银企直联提现', '银行交易流水号:CMM594156889', null, null, null);
INSERT INTO `CIFPAY_TRD_JOURNAL` VALUES ('10363414962016040116480588', '769f4fa98300484fb2921f6119068dec', null, '30', 'BANK_DIRECT', '1000001', 'W1459498238178', '2016-04-01 16:48:05', '4', '跨行支付报文已发送', 'E', 'CREDIT_BANK_PAYED', '2016-04-01 16:48:10', '银企直联提现', '银行交易流水号:CMM594156891', null, null, null);
INSERT INTO `CIFPAY_TRD_JOURNAL` VALUES ('16779629642016040117015572', '06ccf3fbce2f4d19b0ab6a0ee08d62e2', null, '30', 'BANK_DIRECT', '1000001', 'W1459501041244', '2016-04-01 17:01:55', '6', '指令处理失败', 'F', 'CREDIT_BANK_PAYED', '2016-04-01 17:06:34', '银企直联提现', '银行交易流水号:CMM594156900', null, null, null);
INSERT INTO `CIFPAY_TRD_JOURNAL` VALUES ('16128790862016040117093282', '962dec95760442079cbde634a14c3964', null, '30', 'BANK_DIRECT', '1000001', 'W1459501464444', '2016-04-01 17:09:32', '6', '指令处理失败', 'F', 'CREDIT_BANK_PAYED', '2016-04-01 17:13:23', '银企直联提现', '银行交易流水号:CMM594156901', null, null, null);
INSERT INTO `CIFPAY_TRD_JOURNAL` VALUES ('5760682320160401172709918', 'e51859de5ccd4385bfa8cfc30d722d14', null, '30', 'BANK_DIRECT', '1000001', 'W1459502811484', '2016-04-01 17:27:09', null, null, 'C', 'CREDIT_BANK_PAYED', '2016-04-01 17:27:09', '银企直联提现', null, null, null, null);
INSERT INTO `CIFPAY_TRD_JOURNAL` VALUES ('8092627420160401180926275', 'ICBC_20160401180926274', 'CREDIT_TO_OPEN', '1', 'tradeChnId', 'thirdId', 'orderId', '2016-04-01 18:09:26', 'ICBC', 'bankReturnMsg', 'S', 'CREDIT_TO_OPEN', '2016-04-01 18:09:26', 'remark', 'future1', 'future2', '8092627420160401180926275', 'recValidateHash');
INSERT INTO `CIFPAY_TRD_JOURNAL` VALUES ('9847119072016040118212724', 'ICBC_20160401182127246', 'CREDIT_TO_OPEN', '1', 'tradeChnId', 'thirdId', 'orderId', '2016-04-01 18:21:27', 'ICBC', 'bankReturnMsg', 'S', 'CREDIT_TO_OPEN', '2016-04-01 18:21:27', 'remark', 'future1', 'future2', '9847119072016040118212724', 'recValidateHash');
INSERT INTO `CIFPAY_TRD_JOURNAL` VALUES ('71709210620160415101307459', '927738513a3b44ceb754911733d3f1d5', null, '30', 'BANK_DIRECT', '1000001', 'W213a06f954f0', '2016-04-15 10:13:07', 'ICBC_ERROR', 'The server 192.168.4.6 failed to respond', 'F', 'CREDIT_BANK_PAYED', '2016-04-15 14:18:38', '银企直联提现', '银行交易流水号:null', null, null, null);
INSERT INTO `CIFPAY_TRD_JOURNAL` VALUES ('20025432862016041511054280', 'd92c3b4948254aa39249130d8225bb92', null, '30', 'BANK_DIRECT', '1000001', 'W0856a2e4fe55', '2016-04-15 11:05:42', 'D0087', '企业签名时间与工行服务器时间间隔过长!', 'F', 'CREDIT_BANK_PAYED', '2016-04-15 14:04:37', '银企直联提现', '银行交易流水号:', null, null, null);
INSERT INTO `CIFPAY_TRD_JOURNAL` VALUES ('16226338992016041511514023', 'b21c570674b8496b9171d9301493d72e', null, '30', 'BANK_DIRECT', '1000001', 'W1460691409301', '2016-04-15 11:51:40', 'ICBC_ERROR', 'Read timed out', 'F', 'CREDIT_BANK_PAYED', '2016-04-15 11:56:40', '银企直联提现', '银行交易流水号:null', null, null, null);
INSERT INTO `CIFPAY_TRD_JOURNAL` VALUES ('12405599052016041513043316', '395bb6f12e844d4a9dee9cffd7f7d097', null, '30', 'BANK_DIRECT', '1000001', 'W1460691409301', '2016-04-15 13:04:33', 'ICBC_ERROR', 'Read timed out', 'F', 'CREDIT_BANK_PAYED', '2016-04-15 13:09:33', '银企直联提现', '银行交易流水号:null', null, null, null);
INSERT INTO `CIFPAY_TRD_JOURNAL` VALUES ('16503245222016041513103835', '3efba7d77e5845a68cb7bcc52095c76a', null, '30', 'BANK_DIRECT', '1000001', 'W1460691409301', '2016-04-15 13:10:38', null, null, 'C', 'CREDIT_BANK_PAYED', '2016-04-15 13:10:38', '银企直联提现', null, null, null, null);
INSERT INTO `CIFPAY_TRD_JOURNAL` VALUES ('13478861422016041513143994', 'a7da74efa213440380f5c3b636dae452', null, '30', 'BANK_DIRECT', '1000001', 'W1460697192587', '2016-04-15 13:14:39', null, null, 'C', 'CREDIT_BANK_PAYED', '2016-04-15 13:14:39', '银企直联提现', null, null, null, null);
INSERT INTO `CIFPAY_TRD_JOURNAL` VALUES ('19209935042016041514341939', '0b38d749a3f042148e6d4a285c966bc2', null, '30', 'BANK_DIRECT', '1000001', 'W1460702033305', '2016-04-15 14:34:19', null, null, 'C', 'CREDIT_BANK_PAYED', '2016-04-15 14:34:19', '银企直联提现', null, null, null, null);
INSERT INTO `CIFPAY_TRD_JOURNAL` VALUES ('11630522172016041514382459', '4ebc41083e59464b84d2293be483d127', null, '30', 'BANK_DIRECT', '1000001', 'W1460702282427', '2016-04-15 14:38:24', null, null, 'C', 'CREDIT_BANK_PAYED', '2016-04-15 14:38:24', '银企直联提现', null, null, null, null);
INSERT INTO `CIFPAY_TRD_JOURNAL` VALUES ('17611253562016041515074545', '3812a587f7c94239825f2b6e197565bc', null, '30', 'BANK_DIRECT', '1000001', 'Wee47b782fab1', '2016-04-15 15:07:45', 'D0087', '企业签名时间与工行服务器时间间隔过长!', 'F', 'CREDIT_BANK_PAYED', '2016-04-15 15:07:51', '银企直联提现', '银行交易流水号:', null, null, null);
INSERT INTO `CIFPAY_TRD_JOURNAL` VALUES ('15019276482016041515084080', '0d550696e0494a91ab5c416839fa0ba4', null, '30', 'BANK_DIRECT', '1000001', 'W850a050beed2', '2016-04-15 15:08:40', 'D0087', '企业签名时间与工行服务器时间间隔过长!', 'F', 'CREDIT_BANK_PAYED', '2016-04-15 15:13:08', '银企直联提现', '银行交易流水号:', null, null, null);
INSERT INTO `CIFPAY_TRD_JOURNAL` VALUES ('89785941020160415151839514', 'b9aa5f23c0b44c9b84107504f2786a92', null, '30', 'BANK_DIRECT', '1000001', 'W824b9755c6d5', '2016-04-15 15:18:39', 'D0087', '企业签名时间与工行服务器时间间隔过长!', 'F', 'CREDIT_BANK_PAYED', '2016-04-15 15:45:55', '银企直联提现', '银行交易流水号:', null, null, null);
INSERT INTO `CIFPAY_TRD_JOURNAL` VALUES ('19033173820160415151920784', '3ceea56019df4e1b9bdd7ebd3da69633', null, '30', 'BANK_DIRECT', '1000001', 'Webc74f3bfae8', '2016-04-15 15:19:20', null, null, 'C', 'CREDIT_BANK_PAYED', '2016-04-15 15:19:20', '银企直联提现', null, null, null, null);
INSERT INTO `CIFPAY_TRD_JOURNAL` VALUES ('2368627812016041515200187', 'ICBC_20160415152001874', 'CREDIT_TO_OPEN', '1', 'tradeChnId', 'thirdId', 'orderId', '2016-04-15 15:20:01', 'ICBC', 'bankReturnMsg', 'S', 'CREDIT_TO_OPEN', '2016-04-15 15:20:01', 'remark', 'future1', 'future2', '2368627812016041515200187', 'recValidateHash');
INSERT INTO `CIFPAY_TRD_JOURNAL` VALUES ('211057409820160415160933558', '161305dbdd0846898cf53200b7fa69f7', null, '50', 'THIRD_PAY', '1000001', 'W2016032811284TY5687687', '2016-04-15 16:09:37', null, null, 'C', 'CREDIT_BANK_PAYED', '2016-04-15 16:09:37', '支付宝充值', null, null, null, null);
INSERT INTO `CIFPAY_TRD_JOURNAL` VALUES ('257670232016041516093715', 'e2c93d5013c9444db1a4bbb83839acd7', null, '50', 'THIRD_PAY', '1000001', 'W2016032811284TY5687687', '2016-04-15 16:09:38', null, null, 'C', 'CREDIT_BANK_PAYED', '2016-04-15 16:09:38', '支付宝充值', null, null, null, null);
INSERT INTO `CIFPAY_TRD_JOURNAL` VALUES ('8731586872016041516122126', '09bdd932eb23433e89641633278bdd44', null, '50', 'THIRD_PAY', '1000001', 'W2016032811285', '2016-04-15 16:12:21', null, null, 'C', 'CREDIT_BANK_PAYED', '2016-04-15 16:12:21', '支付宝充值', null, null, null, null);
INSERT INTO `CIFPAY_TRD_JOURNAL` VALUES ('109852817620160415161323571', 'c326b80f37ff4fedb3034d35f816b46b', null, '50', 'THIRD_PAY', '1000001', 'W20160328112789498739', '2016-04-15 16:13:23', null, null, 'C', 'CREDIT_BANK_PAYED', '2016-04-15 16:13:23', '支付宝充值', null, null, null, null);
INSERT INTO `CIFPAY_TRD_JOURNAL` VALUES ('696621295201604151615324', '396e9653af49422e8c6f67bbb94eb76c', null, '50', 'THIRD_PAY', '1000001', 'W20160328112786555', '2016-04-15 16:15:32', null, null, 'C', 'CREDIT_BANK_PAYED', '2016-04-15 16:15:32', '支付宝充值', null, null, null, null);
INSERT INTO `CIFPAY_TRD_JOURNAL` VALUES ('14124729702016041516182410', '6c74ba0d8931440bad24c5260b594a7a', null, '50', 'THIRD_PAY', '1000001', 'W201603281123243235', '2016-04-15 16:18:24', null, null, 'C', 'CREDIT_BANK_PAYED', '2016-04-15 16:18:24', '支付宝充值', null, null, null, null);
INSERT INTO `CIFPAY_TRD_JOURNAL` VALUES ('80323901420160415173118444', 'dc6704ce448f441989004209f6be641b', null, '50', 'THIRD_PAY', '1000001', 'W2016032811231233', '2016-04-15 17:31:18', null, null, 'C', 'CREDIT_BANK_PAYED', '2016-04-15 17:31:18', '支付宝充值', null, null, null, null);
INSERT INTO `CIFPAY_TRD_JOURNAL` VALUES ('48013956220160415173829173', '17ef90e46f19405ea66d9a21aa7ad346', null, '30', 'BANK_DIRECT', '1000001', 'W1460713097001', '2016-04-15 17:38:29', 'ICBC-SIGN-FAILED', '银企接口签名失败', 'F', 'CREDIT_BANK_PAYED', '2016-04-15 17:43:29', '银企直联提现', '银行交易流水号:null', null, null, null);
INSERT INTO `CIFPAY_TRD_JOURNAL` VALUES ('170309921620160415174345260', '15de04597d5d48f69df4d32ea78ca822', null, '50', 'THIRD_PAY', '1000001', 'W201603281122133', '2016-04-15 17:43:45', null, null, 'C', 'CREDIT_BANK_PAYED', '2016-04-15 17:43:45', '支付宝充值', null, null, null, null);
INSERT INTO `CIFPAY_TRD_JOURNAL` VALUES ('8338447520160415174616530', '344238123c3f4b9285ae952d09d3d74f', null, '30', 'BANK_DIRECT', '1000001', 'W1460713097001', '2016-04-15 17:46:16', 'ICBC-SIGN-FAILED', '银企接口签名失败', 'F', 'CREDIT_BANK_PAYED', '2016-04-15 17:51:16', '银企直联提现', '银行交易流水号:null', null, null, null);
INSERT INTO `CIFPAY_TRD_JOURNAL` VALUES ('7168166920160415175247552', '9b82d2711b36461696b98bc5c66f4842', null, '50', 'THIRD_PAY', '1000001', 'W20160328118889', '2016-04-15 17:52:47', null, null, 'C', 'CREDIT_BANK_PAYED', '2016-04-15 17:52:47', '支付宝充值', null, null, null, null);
INSERT INTO `CIFPAY_TRD_JOURNAL` VALUES ('165358480320160415175913231', 'e50d4f859a0f461ba5d3ab9667df99d9', null, '50', 'THIRD_PAY', '1000001', 'W20160456618889', '2016-04-15 17:59:13', null, null, 'C', 'CREDIT_BANK_PAYED', '2016-04-15 17:59:13', '支付宝充值', null, null, null, null);
INSERT INTO `CIFPAY_TRD_JOURNAL` VALUES ('240148752016041517595986', '43ff0de5a4044a8781a10d0337779390', null, '30', 'BANK_DIRECT', '1000001', 'W1460713097001', '2016-04-15 17:59:59', 'ICBC-SIGN-FAILED', '银企接口签名失败', 'F', 'CREDIT_BANK_PAYED', '2016-04-15 18:04:59', '银企直联提现', '银行交易流水号:null', null, null, null);
INSERT INTO `CIFPAY_TRD_JOURNAL` VALUES ('133918559320160415180145727', '0d7a61952d3e4663835d641c6040a211', null, '50', 'THIRD_PAY', '1000001', 'W2016045622889', '2016-04-15 18:01:45', null, null, 'C', 'CREDIT_BANK_PAYED', '2016-04-15 18:01:45', '支付宝充值', null, null, null, null);
INSERT INTO `CIFPAY_TRD_JOURNAL` VALUES ('152181273201604151808323', '303af17f04f0499587fd2ea46347465c', null, '50', 'THIRD_PAY', '1000001', 'W2016041234578899889', '2016-04-15 18:08:32', null, null, 'C', 'CREDIT_BANK_PAYED', '2016-04-15 18:08:32', '支付宝充值', null, null, null, null);
INSERT INTO `CIFPAY_TRD_JOURNAL` VALUES ('82557073220160415181057148', '78f0a9f82d784439ad7c30d6dc469107', null, '30', 'BANK_DIRECT', '1000001', 'W1460713097001', '2016-04-15 18:10:57', 'ICBC-SIGN-FAILED', '银企接口签名失败', 'F', 'CREDIT_BANK_PAYED', '2016-04-15 18:15:57', '银企直联提现', '银行交易流水号:null', null, null, null);
INSERT INTO `CIFPAY_TRD_JOURNAL` VALUES ('25558179720160415181453571', 'e829162611634012a50f44b0b5893890', null, '50', 'THIRD_PAY', '1000001', 'Wfe693ac4a236', '2016-04-15 18:14:53', null, null, 'C', 'CREDIT_BANK_PAYED', '2016-04-15 18:14:53', '支付宝充值', null, null, null, null);
INSERT INTO `CIFPAY_TRD_JOURNAL` VALUES ('135189035520160415192241329', '66ee969b339644a78ee35a40600e4468', null, '50', 'THIRD_PAY', '1000001', 'Wba301422e06f', '2016-04-15 19:22:41', null, null, 'C', 'CREDIT_BANK_PAYED', '2016-04-15 19:22:41', '支付宝充值', null, null, null, null);
INSERT INTO `CIFPAY_TRD_JOURNAL` VALUES ('24712213420160415193150716', '49aeb8e53bf84cff8a555ab7d788eb1b', null, '50', 'THIRD_PAY', '1000001', 'Wfeb825daae91', '2016-04-15 19:31:50', null, null, 'C', 'CREDIT_BANK_PAYED', '2016-04-15 19:31:50', '支付宝充值', null, null, null, null);
INSERT INTO `CIFPAY_TRD_JOURNAL` VALUES ('25436046720160415194502704', '3f76210281ab49d6ab92b4660b14cd8e', null, '50', 'THIRD_PAY', '1000001', 'W9970bebd3383', '2016-04-15 19:45:02', null, null, 'C', 'CREDIT_BANK_PAYED', '2016-04-15 19:45:02', '支付宝充值', null, null, null, null);
INSERT INTO `CIFPAY_TRD_JOURNAL` VALUES ('30441754520160415194618252', '04400c05ae4447bdae29e1bcee32c279', null, '50', 'THIRD_PAY', '1000001', 'W8ea1512b2199', '2016-04-15 19:46:18', null, null, 'C', 'CREDIT_BANK_PAYED', '2016-04-15 19:46:18', '支付宝充值', null, null, null, null);
INSERT INTO `CIFPAY_TRD_JOURNAL` VALUES ('195950334820160416105518980', 'ed6c9e95bc5e43c89a30b3f91bcfb1c2', null, '50', 'THIRD_PAY', '1000001', 'W61a741a16ea8', '2016-04-16 10:55:19', null, null, 'C', 'CREDIT_BANK_PAYED', '2016-04-16 10:55:19', '支付宝充值', null, null, null, null);
INSERT INTO `CIFPAY_TRD_JOURNAL` VALUES ('19460794542016041611274466', 'b3f03d0856f54136992219f21cfe27a1', null, '30', 'BANK_DIRECT', '1000001', 'W1460713097001', '2016-04-16 11:27:44', 'ICBC-SIGN-FAILED', '银企接口签名失败', 'F', 'CREDIT_BANK_PAYED', '2016-04-16 11:32:44', '银企直联提现', '银行交易流水号:null', null, null, null);
INSERT INTO `CIFPAY_TRD_JOURNAL` VALUES ('73599629420160416114737911', 'e24b2c0c6ce04374aa799f0f66d233cc', null, '30', 'BANK_DIRECT', '1000001', 'W1460713097001', '2016-04-16 11:47:37', 'ICBC-SIGN-FAILED', '银企接口签名失败', 'F', 'CREDIT_BANK_PAYED', '2016-04-16 11:47:37', '银企直联提现', '银行交易流水号:null', null, null, null);
INSERT INTO `CIFPAY_TRD_JOURNAL` VALUES ('14732268192016041611575430', 'c95dc5a904934825963a7170ed6c30ac', null, '30', 'BANK_DIRECT', '1000001', 'W1460713097001', '2016-04-16 11:57:54', 'ICBC-SIGN-FAILED', '银企接口签名失败', 'F', 'CREDIT_BANK_PAYED', '2016-04-16 11:57:57', '银企直联提现', '银行交易流水号:null', null, null, null);
INSERT INTO `CIFPAY_TRD_JOURNAL` VALUES ('8010724182016041612061949', 'c2931e91c7b54af1a71b4a3b9ed99e20', null, '30', 'BANK_DIRECT', '1000001', 'W1460713097001', '2016-04-16 12:06:19', 'ICBC-SIGN-FAILED', '银企接口签名失败', 'F', 'CREDIT_BANK_PAYED', '2016-04-16 12:06:22', '银企直联提现', '银行交易流水号:null', null, null, null);
INSERT INTO `CIFPAY_TRD_JOURNAL` VALUES ('24494915020160416124303582', '57683d97662443879e73cdbb132fb497', null, '30', 'BANK_DIRECT', '1000001', 'W1460781733655', '2016-04-16 12:43:03', 'D0091', '企业签名时间晚于工行服务器时间!', 'F', 'CREDIT_BANK_PAYED', '2016-04-16 12:43:04', '银企直联提现', '银行交易流水号:', null, null, null);
INSERT INTO `CIFPAY_TRD_JOURNAL` VALUES ('10857534422016041612503522', '80d72d6154ad4463ad0aac37bac05604', null, '30', 'BANK_DIRECT', '1000001', 'W1460782174682', '2016-04-16 12:50:35', 'D0091', '企业签名时间晚于工行服务器时间!', 'F', 'CREDIT_BANK_PAYED', '2016-04-16 12:50:53', '银企直联提现', '银行交易流水号:', null, null, null);
INSERT INTO `CIFPAY_TRD_JOURNAL` VALUES ('7353439972016041612552972', '37f9ee3d90174dbe92c4dfa34a6141df', null, '30', 'BANK_DIRECT', '1000001', 'W1460782174682', '2016-04-16 12:55:29', 'D0091', '企业签名时间晚于工行服务器时间!', 'F', 'CREDIT_BANK_PAYED', '2016-04-16 12:55:37', '银企直联提现', '银行交易流水号:', null, null, null);
INSERT INTO `CIFPAY_TRD_JOURNAL` VALUES ('17752036542016041612562834', '145c6f8ca2604d628a42488bfbd2cd36', null, '30', 'BANK_DIRECT', '1000001', 'W1460782174682', '2016-04-16 12:56:28', 'D0091', '企业签名时间晚于工行服务器时间!', 'F', 'CREDIT_BANK_PAYED', '2016-04-16 12:56:34', '银企直联提现', '银行交易流水号:', null, null, null);
INSERT INTO `CIFPAY_TRD_JOURNAL` VALUES ('20658658902016041613004573', '38d6b3de591b4a2784c802c9942b9898', null, '30', 'BANK_DIRECT', '1000001', 'W1460782174682', '2016-04-16 13:00:45', 'D0091', '企业签名时间晚于工行服务器时间!', 'F', 'CREDIT_BANK_PAYED', '2016-04-16 13:01:06', '银企直联提现', '银行交易流水号:', null, null, null);
INSERT INTO `CIFPAY_TRD_JOURNAL` VALUES ('2339641652016041613235224', '14eadfee2c554f97bad897c22e4c064e', null, '30', 'BANK_DIRECT', '1000001', 'W1460782174682', '2016-04-16 13:23:52', '7', '成功', 'S', 'CREDIT_BANK_PAYED', '2016-04-16 13:24:08', '银企直联提现', '银行交易流水号:CMM595096882', null, null, null);
INSERT INTO `CIFPAY_TRD_JOURNAL` VALUES ('13625060552016041614273573', 'c0446963b62b4c79a6a32b99d5027e76', null, '30', 'BANK_DIRECT', '1000001', 'W1460788020694', '2016-04-16 14:27:35', '7', '成功', 'S', 'CREDIT_BANK_PAYED', '2016-04-16 14:27:49', '银企直联提现', '银行交易流水号:CMM595096883', null, null, null);
INSERT INTO `CIFPAY_TRD_JOURNAL` VALUES ('103163898620160416145343144', '97d0307ae43e41fab6a9241362505790', null, '50', 'THIRD_PAY', '1000001', 'C8c5c0c661aec', '2016-04-16 14:53:43', null, null, 'C', 'CREDIT_BANK_PAYED', '2016-04-16 14:53:43', '支付宝充值', null, null, null, null);
INSERT INTO `CIFPAY_TRD_JOURNAL` VALUES ('102251540920160416145507524', '393ad78b63944f44b190e24720d2eb0e', null, '50', 'THIRD_PAY', '1000001', 'C1826e203da41', '2016-04-16 14:55:07', null, null, 'C', 'CREDIT_BANK_PAYED', '2016-04-16 14:55:07', '支付宝充值', null, null, null, null);
INSERT INTO `CIFPAY_TRD_JOURNAL` VALUES ('13372355422016041616153375', '6a70e3794c8b46eca4b465d8754fdf2e', null, '30', 'BANK_DIRECT', '1000001', 'W1460713097001', '2016-04-16 16:15:33', 'ICBC-SIGN-FAILED', '银企接口签名失败', 'F', 'CREDIT_BANK_PAYED', '2016-04-16 16:15:36', '银企直联提现', '银行交易流水号:null', null, null, null);
INSERT INTO `CIFPAY_TRD_JOURNAL` VALUES ('11863814020160416162035952', 'bfa6172ff6f449178a5f9c42b554b1eb', null, '50', 'THIRD_PAY', '1000001', 'C55ea8d29d796', '2016-04-16 16:20:36', null, null, 'C', 'CREDIT_BANK_PAYED', '2016-04-16 16:20:36', '支付宝充值', null, null, null, null);
INSERT INTO `CIFPAY_TRD_JOURNAL` VALUES ('163180753120160416162433327', 'ebc5362b35bf43b29deb238643bd3081', null, '50', 'THIRD_PAY', '1000001', 'Ce35dc28c43bf', '2016-04-16 16:24:33', null, null, 'C', 'CREDIT_BANK_PAYED', '2016-04-16 16:24:33', '支付宝充值', null, null, null, null);
INSERT INTO `CIFPAY_TRD_JOURNAL` VALUES ('97281738020160416162742504', '1c9655928dfd44de96bfb24afc92f803', null, '50', 'THIRD_PAY', '1000001', 'C19cc2420d537', '2016-04-16 16:27:42', null, null, 'C', 'CREDIT_BANK_PAYED', '2016-04-16 16:27:42', '支付宝充值', null, null, null, null);
INSERT INTO `CIFPAY_TRD_JOURNAL` VALUES ('13846416212016041616342363', '84e643e39ae248beae4cda003b6c71a0', null, '50', 'THIRD_PAY', '1000001', 'C7d01e3572566', '2016-04-16 16:34:23', null, null, 'C', 'CREDIT_BANK_PAYED', '2016-04-16 16:34:23', '支付宝充值', null, null, null, null);
INSERT INTO `CIFPAY_TRD_JOURNAL` VALUES ('163211234820160416163428476', '0356651c4c5a466aafcfa7f780131f89', null, '50', 'THIRD_PAY', '1000001', 'Cbda266802073', '2016-04-16 16:34:28', null, null, 'C', 'CREDIT_BANK_PAYED', '2016-04-16 16:34:28', '支付宝充值', null, null, null, null);
INSERT INTO `CIFPAY_TRD_JOURNAL` VALUES ('97191173820160416165156918', 'f293a3267dc84c29883870fce59cf854', null, '30', 'BANK_DIRECT', '1000001', 'W1460713097001', '2016-04-16 16:51:56', 'D0091', '企业签名时间晚于工行服务器时间!', 'F', 'CREDIT_BANK_PAYED', '2016-04-16 16:52:14', '银企直联提现', '银行交易流水号:', null, null, null);
INSERT INTO `CIFPAY_TRD_JOURNAL` VALUES ('81743265920160416165755162', '5480bbd2aa694571a7f86e50b5fba396', null, '30', 'BANK_DIRECT', '1000001', 'W1460713097001', '2016-04-16 16:57:55', 'D0091', '企业签名时间晚于工行服务器时间!', 'F', 'CREDIT_BANK_PAYED', '2016-04-16 16:57:56', '银企直联提现', '银行交易流水号:', null, null, null);
INSERT INTO `CIFPAY_TRD_JOURNAL` VALUES ('51216711420160416165956335', 'baaabad2c5924dcf928239420f1a8fb7', null, '30', 'BANK_DIRECT', '1000001', 'W1460713097001', '2016-04-16 16:59:56', '7', '成功', 'S', 'CREDIT_BANK_PAYED', '2016-04-16 17:03:25', '银企直联提现', '银行交易流水号:CMM595096893', null, null, null);
INSERT INTO `CIFPAY_TRD_JOURNAL` VALUES ('33323510920160416173127162', '149dafb7ee59423eb7dea61608134c77', null, '50', 'THIRD_PAY', '1000001', 'Cf4889139eb7c', '2016-04-16 17:31:27', null, null, 'C', 'CREDIT_BANK_PAYED', '2016-04-16 17:31:27', '支付宝充值', null, null, null, null);
INSERT INTO `CIFPAY_TRD_JOURNAL` VALUES ('123805405820160416173347427', '092e5bcde3654e8bba1afdfd95ef3bcd', null, '50', 'THIRD_PAY', '1000001', 'C39fb9af62582', '2016-04-16 17:33:47', null, null, 'C', 'CREDIT_BANK_PAYED', '2016-04-16 17:33:47', '支付宝充值', null, null, null, null);
INSERT INTO `CIFPAY_TRD_JOURNAL` VALUES ('193012711020160416173543196', 'd7501a30646b41618b8dee01bca30be2', null, '50', 'THIRD_PAY', '1000001', 'Cdafe733a60b0', '2016-04-16 17:35:43', null, null, 'C', 'CREDIT_BANK_PAYED', '2016-04-16 17:35:43', '支付宝充值', null, null, null, null);
INSERT INTO `CIFPAY_TRD_JOURNAL` VALUES ('55204092820160416173728816', 'a323cc048e144c5590c707dba37a6675', null, '50', 'THIRD_PAY', '1000001', 'Cc71bc55a365d', '2016-04-16 17:37:28', null, null, 'C', 'CREDIT_BANK_PAYED', '2016-04-16 17:37:28', '支付宝充值', null, null, null, null);
INSERT INTO `CIFPAY_TRD_JOURNAL` VALUES ('59436312920160416173819126', '9df10e77fafb4c4da3ecf0f9cf4f04ff', null, '50', 'THIRD_PAY', '1000001', 'C50a3502a3d67', '2016-04-16 17:38:19', null, null, 'C', 'CREDIT_BANK_PAYED', '2016-04-16 17:38:19', '支付宝充值', null, null, null, null);
INSERT INTO `CIFPAY_TRD_JOURNAL` VALUES ('118547982220160416173959700', '0670be7b6ab24a1987d2ea483b6aac8d', null, '50', 'THIRD_PAY', '1000001', 'C79a1cc08df00', '2016-04-16 17:39:59', null, null, 'C', 'CREDIT_BANK_PAYED', '2016-04-16 17:39:59', '支付宝充值', null, null, null, null);
INSERT INTO `CIFPAY_TRD_JOURNAL` VALUES ('153546479620160416174155466', '88cfad6ddd4f44cfaf2fd59b4dee774d', null, '50', 'THIRD_PAY', '1000001', 'Caa10c2617e37', '2016-04-16 17:41:55', null, null, 'C', 'CREDIT_BANK_PAYED', '2016-04-16 17:41:55', '支付宝充值', null, null, null, null);
INSERT INTO `CIFPAY_TRD_JOURNAL` VALUES ('74227886020160416174253955', '4116e8bb4b0f477eac500d98b4f296ed', null, '50', 'THIRD_PAY', '1000001', 'Ce977421c70fd', '2016-04-16 17:42:54', null, null, 'C', 'CREDIT_BANK_PAYED', '2016-04-16 17:42:54', '支付宝充值', null, null, null, null);
INSERT INTO `CIFPAY_TRD_JOURNAL` VALUES ('58118432620160416174530233', '6b8b5ff8141d465b9f8c5da1588c8186', null, '50', 'THIRD_PAY', '1000001', 'Ced5b2a07dd3f', '2016-04-16 17:45:30', null, null, 'C', 'CREDIT_BANK_PAYED', '2016-04-16 17:45:30', '支付宝充值', null, null, null, null);
INSERT INTO `CIFPAY_TRD_JOURNAL` VALUES ('154140322820160416174646361', 'b49e8e1574584869884966b3c8ff6fc6', null, '50', 'THIRD_PAY', '1000001', 'C29535be48c7d', '2016-04-16 17:46:46', null, null, 'C', 'CREDIT_BANK_PAYED', '2016-04-16 17:46:46', '支付宝充值', null, null, null, null);
INSERT INTO `CIFPAY_TRD_JOURNAL` VALUES ('44924003120160416174732492', 'ca10be555bcb482e989c717af0c5eda7', null, '50', 'THIRD_PAY', '1000001', 'C8d14084e12d9', '2016-04-16 17:47:32', null, null, 'C', 'CREDIT_BANK_PAYED', '2016-04-16 17:47:32', '支付宝充值', null, null, null, null);
INSERT INTO `CIFPAY_TRD_JOURNAL` VALUES ('169902064320160416175436502', 'e45a5e3f5341410c8f164922d193d9aa', null, '50', 'THIRD_PAY', '1000001', 'C9bd92375ee6a', '2016-04-16 17:54:36', null, null, 'C', 'CREDIT_BANK_PAYED', '2016-04-16 17:54:36', '支付宝充值', null, null, null, null);
INSERT INTO `CIFPAY_TRD_JOURNAL` VALUES ('10499605920160416175528743', 'f58312317a254d489d6b04bd38160868', null, '50', 'THIRD_PAY', '1000001', 'Cd6b3564867f7', '2016-04-16 17:55:28', null, null, 'C', 'CREDIT_BANK_PAYED', '2016-04-16 17:55:28', '支付宝充值', null, null, null, null);
INSERT INTO `CIFPAY_TRD_JOURNAL` VALUES ('63050291520160416175827923', '9c0f7ebf67be4f39bd46268631533a65', null, '50', 'THIRD_PAY', '1000001', 'Cb4a5f1521ef1', '2016-04-16 17:58:28', null, null, 'C', 'CREDIT_BANK_PAYED', '2016-04-16 17:58:28', '支付宝充值', null, null, null, null);
INSERT INTO `CIFPAY_TRD_JOURNAL` VALUES ('81031433620160416175844522', '5743af826a8b42d4841317c591f8ca65', null, '50', 'THIRD_PAY', '1000001', 'Ce6a8b2b7d2df', '2016-04-16 17:58:44', null, null, 'C', 'CREDIT_BANK_PAYED', '2016-04-16 17:58:44', '支付宝充值', null, null, null, null);
INSERT INTO `CIFPAY_TRD_JOURNAL` VALUES ('161636183320160416180503779', 'c760298c0df94ae89158ca44ead68d6e', null, '50', 'THIRD_PAY', '1000001', 'C75484523844e', '2016-04-16 18:05:03', null, null, 'C', 'CREDIT_BANK_PAYED', '2016-04-16 18:05:03', '支付宝充值', null, null, null, null);
INSERT INTO `CIFPAY_TRD_JOURNAL` VALUES ('68459854920160416182003621', '91c20a008d1241ff9580ac846a28155a', null, '50', 'THIRD_PAY', '1000001', 'C72077e3e3c6e', '2016-04-16 18:20:03', null, null, 'C', 'CREDIT_BANK_PAYED', '2016-04-16 18:20:03', '支付宝充值', null, null, null, null);
INSERT INTO `CIFPAY_TRD_JOURNAL` VALUES ('70616075020160416182439435', '177b9c25ae2f485a8399dce29fcc9375', null, '50', 'THIRD_PAY', '1000001', 'C67d4ec3c5892', '2016-04-16 18:24:39', null, null, 'C', 'CREDIT_BANK_PAYED', '2016-04-16 18:24:39', '支付宝充值', null, null, null, null);
INSERT INTO `CIFPAY_TRD_JOURNAL` VALUES ('23158338020160416183144731', '56f2caf1fe00436baffdbac879f108aa', null, '50', 'THIRD_PAY', '1000001', 'C807cb94cfb8f', '2016-04-16 18:31:44', null, null, 'C', 'CREDIT_BANK_PAYED', '2016-04-16 18:31:44', '支付宝充值', null, null, null, null);
INSERT INTO `CIFPAY_TRD_JOURNAL` VALUES ('6118429720160418091848228', 'b8c66b6857e84dd0b847b2315092332f', null, '50', 'THIRD_PAY', '1000001', 'C2d639293038d', '2016-04-18 09:18:48', null, null, 'S', 'CREDIT_BANK_PAYED', '2016-04-19 09:43:43', '支付宝充值', null, null, '2016041821001004760272403763', null);
INSERT INTO `CIFPAY_TRD_JOURNAL` VALUES ('23224705020160418095503313', '349fbc1c1e3d487895186c16e5dc6bf5', null, '50', 'THIRD_PAY', '1000001', 'Cf5e50c00419a', '2016-04-18 09:55:03', null, null, 'S', 'CREDIT_BANK_PAYED', '2016-04-19 10:19:39', '支付宝充值', null, null, '2016041821001004760269773146', null);
INSERT INTO `CIFPAY_TRD_JOURNAL` VALUES ('70420417620160418095710233', 'a5f006edb443436aad023ac9f19f8d16', null, '50', 'THIRD_PAY', '1000001', 'C94aae20451f6', '2016-04-18 09:57:10', null, null, 'C', 'CREDIT_BANK_PAYED', '2016-04-18 09:57:10', '支付宝充值', null, null, null, null);
INSERT INTO `CIFPAY_TRD_JOURNAL` VALUES ('15701380720160418100706697', 'a794ac9ed4c24b6b8fc4a030ed24c660', null, '30', 'BANK_DIRECT', '1000001', 'W1460945206001', '2016-04-18 10:07:06', '7', '成功', 'S', 'CREDIT_BANK_PAYED', '2016-04-18 10:07:12', '银企直联提现', '银行交易流水号:CMM595106887', null, null, null);
INSERT INTO `CIFPAY_TRD_JOURNAL` VALUES ('72539055520160418101610327', '931c9d95b9234ea99d0f7ccce543e901', null, '50', 'THIRD_PAY', '1000001', 'C5f855c8cfaf6', '2016-04-18 10:16:10', null, null, 'C', 'CREDIT_BANK_PAYED', '2016-04-18 10:16:10', '支付宝充值', null, null, null, null);
INSERT INTO `CIFPAY_TRD_JOURNAL` VALUES ('24914831820160418102034643', '8bce708453f2455aa99bc16ed811220d', null, '50', 'THIRD_PAY', '1000001', 'Cbd2a42a40793', '2016-04-18 10:20:34', null, null, 'C', 'CREDIT_BANK_PAYED', '2016-04-18 10:20:34', '支付宝充值', null, null, null, null);
INSERT INTO `CIFPAY_TRD_JOURNAL` VALUES ('142624086920160418103437312', 'cf69d01b972e4a3e9629c155057cdd3b', null, '50', 'THIRD_PAY', '1000001', 'C54189f1cb020', '2016-04-18 10:34:37', null, null, 'S', 'CREDIT_BANK_PAYED', '2016-04-18 14:01:30', '支付宝充值', null, null, '2016041821001004760274041885', null);
INSERT INTO `CIFPAY_TRD_JOURNAL` VALUES ('79079141820160418104949972', 'fa1175277c71462ea8d5c41145a04095', null, '30', 'BANK_DIRECT', '1000001', 'W1460947479570', '2016-04-18 10:49:50', 'ICBC-TRADE-400', '访问交易服务异常', 'F', 'CREDIT_BANK_PAYED', '2016-04-18 10:52:07', '银企直联提现', '银行交易流水号:null', null, null, null);
INSERT INTO `CIFPAY_TRD_JOURNAL` VALUES ('22739253020160418105223899', '6335382a49ca42309dc0cffbf571919b', null, '30', 'BANK_DIRECT', '1000001', 'W1460947479570', '2016-04-18 10:52:23', 'ICBC-SIGN-FAILED', '银企接口签名失败', 'F', 'CREDIT_BANK_PAYED', '2016-04-18 10:52:24', '银企直联提现', '银行交易流水号:null', null, null, null);
INSERT INTO `CIFPAY_TRD_JOURNAL` VALUES ('40856551720160418105409909', 'ef7205445f0d4b2ea020e5168bbbc1f2', null, '30', 'BANK_DIRECT', '1000001', 'W1460947479570', '2016-04-18 10:54:09', 'ICBC-SIGN-FAILED', '银企接口签名失败', 'F', 'CREDIT_BANK_PAYED', '2016-04-18 10:54:09', '银企直联提现', '银行交易流水号:null', null, null, null);
INSERT INTO `CIFPAY_TRD_JOURNAL` VALUES ('88712640720160418105426150', '314a50d742d44b4d9326730b4b458001', null, '50', 'THIRD_PAY', '1000001', 'C525c76f6a4d6', '2016-04-18 10:54:26', null, null, 'S', 'CREDIT_BANK_PAYED', '2016-04-19 11:19:31', '支付宝充值', null, null, '2016041821001004760273042700', null);
INSERT INTO `CIFPAY_TRD_JOURNAL` VALUES ('15593732420160418105551547', '5bcdb0747fcc4c7e958c5361d752ab53', null, '30', 'BANK_DIRECT', '1000001', 'W1460947479570', '2016-04-18 10:55:51', 'ICBC-SIGN-FAILED', '银企接口签名失败', 'F', 'CREDIT_BANK_PAYED', '2016-04-18 10:55:51', '银企直联提现', '银行交易流水号:null', null, null, null);
INSERT INTO `CIFPAY_TRD_JOURNAL` VALUES ('186094666820160418105611350', '474487dc9aa846959e20a40f3c3f292c', null, '50', 'THIRD_PAY', '1000001', 'Cfd45d490e6ce', '2016-04-18 10:56:11', null, null, 'S', 'CREDIT_BANK_PAYED', '2016-04-19 11:20:31', '支付宝充值', null, null, '2016041821001004760273305593', null);
INSERT INTO `CIFPAY_TRD_JOURNAL` VALUES ('90550402920160418110226223', '8e7aa46772544a0e8f6e83be4e325f11', null, '30', 'BANK_DIRECT', '1000001', 'W1460947479570', '2016-04-18 11:02:26', 'D0091', '企业签名时间晚于工行服务器时间!', 'F', 'CREDIT_BANK_PAYED', '2016-04-18 11:02:33', '银企直联提现', '银行交易流水号:', null, null, null);
INSERT INTO `CIFPAY_TRD_JOURNAL` VALUES ('6184183822016041811031424', '00d78443c7314837b7dd6b64a24b1306', null, '30', 'BANK_DIRECT', '1000001', 'W1460947479570', '2016-04-18 11:03:14', 'ICBC-SIGN-FAILED', '银企接口签名失败', 'F', 'CREDIT_BANK_PAYED', '2016-04-18 11:03:14', '银企直联提现', '银行交易流水号:null', null, null, null);
INSERT INTO `CIFPAY_TRD_JOURNAL` VALUES ('11166244052016041811031934', 'ea29f80dc6b2412b852dabfa12b04150', null, '30', 'BANK_DIRECT', '1000001', 'W1460947479570', '2016-04-18 11:03:19', 'ICBC-SIGN-FAILED', '银企接口签名失败', 'F', 'CREDIT_BANK_PAYED', '2016-04-18 11:03:19', '银企直联提现', '银行交易流水号:null', null, null, null);
INSERT INTO `CIFPAY_TRD_JOURNAL` VALUES ('46727955720160418105939407', 'd0c19b3626594778b08d7730e5089366', null, '30', 'BANK_DIRECT', '1000001', 'W1460947479570', '2016-04-18 10:59:39', 'ICBC-SIGN-FAILED', '银企接口签名失败', 'F', 'CREDIT_BANK_PAYED', '2016-04-18 10:59:39', '银企直联提现', '银行交易流水号:null', null, null, null);
INSERT INTO `CIFPAY_TRD_JOURNAL` VALUES ('46813121820160418110052715', '59fc6eae03d7477499ae12122baf614b', null, '30', 'BANK_DIRECT', '1000001', 'W1460947479570', '2016-04-18 11:00:52', '7', '成功', 'S', 'CREDIT_BANK_PAYED', '2016-04-18 11:05:09', '银企直联提现', '银行交易流水号:CMM595116890', null, null, null);
INSERT INTO `CIFPAY_TRD_JOURNAL` VALUES ('41515293420160418111219282', 'e76338bdd2734afcbb97aaf306daaab0', null, '30', 'BANK_DIRECT', '1000001', 'W1460949117715', '2016-04-18 11:12:19', '7', '成功', 'S', 'CREDIT_BANK_PAYED', '2016-04-18 11:12:22', '银企直联提现', '银行交易流水号:CMM595116894', null, null, null);
INSERT INTO `CIFPAY_TRD_JOURNAL` VALUES ('10574179142016041811174143', '8a8ed798b2874934887491d779005b06', null, '30', 'BANK_DIRECT', '1000001', 'W1460949160276', '2016-04-18 11:17:41', 'D0091', '企业签名时间晚于工行服务器时间!', 'F', 'CREDIT_BANK_PAYED', '2016-04-18 11:17:41', '银企直联提现', '银行交易流水号:', null, null, null);
INSERT INTO `CIFPAY_TRD_JOURNAL` VALUES ('92686094220160418111750451', '7c052da2938d4bfd9e6f4da44ec814dd', null, '30', 'BANK_DIRECT', '1000001', 'W1460949160276', '2016-04-18 11:17:50', 'ICBC-SIGN-FAILED', '银企接口签名失败', 'F', 'CREDIT_BANK_PAYED', '2016-04-18 11:17:50', '银企直联提现', '银行交易流水号:null', null, null, null);
INSERT INTO `CIFPAY_TRD_JOURNAL` VALUES ('33883262420160418111755923', 'cf6796143a064541b84ac5f2827eb102', null, '30', 'BANK_DIRECT', '1000001', 'W1460949160276', '2016-04-18 11:17:55', 'ICBC-SIGN-FAILED', '银企接口签名失败', 'F', 'CREDIT_BANK_PAYED', '2016-04-18 11:17:56', '银企直联提现', '银行交易流水号:null', null, null, null);
INSERT INTO `CIFPAY_TRD_JOURNAL` VALUES ('76366540620160418111322144', '528c539ae95543bb8232921537b4c785', null, '30', 'BANK_DIRECT', '1000001', 'W1460949160276', '2016-04-18 11:13:22', 'ICBC-SIGN-FAILED', '银企接口签名失败', 'F', 'CREDIT_BANK_PAYED', '2016-04-18 11:13:22', '银企直联提现', '银行交易流水号:null', null, null, null);
INSERT INTO `CIFPAY_TRD_JOURNAL` VALUES ('15114356192016041811182579', 'cd26cc577e2e466598b9d750509320eb', null, '50', 'THIRD_PAY', '1000001', 'Cb0a4ba1c1a34', '2016-04-18 11:18:25', null, null, 'S', 'CREDIT_BANK_PAYED', '2016-04-18 14:42:55', '支付宝充值', null, null, '2016041821001004760272332916', null);
INSERT INTO `CIFPAY_TRD_JOURNAL` VALUES ('59541081520160418111447164', 'c4ae1588a0ac4828bd3d7dcfa9d34ce9', null, '30', 'BANK_DIRECT', '1000001', 'W1460949160276', '2016-04-18 11:14:47', 'ICBC-SIGN-FAILED', '银企接口签名失败', 'F', 'CREDIT_BANK_PAYED', '2016-04-18 11:14:47', '银企直联提现', '银行交易流水号:null', null, null, null);
INSERT INTO `CIFPAY_TRD_JOURNAL` VALUES ('19061088532016041811154577', '82a0dc074dda401f8bb07c4511248ef0', null, '30', 'BANK_DIRECT', '1000001', 'W1460949160276', '2016-04-18 11:15:45', 'ICBC-SIGN-FAILED', '银企接口签名失败', 'F', 'CREDIT_BANK_PAYED', '2016-04-18 11:15:45', '银企直联提现', '银行交易流水号:null', null, null, null);
INSERT INTO `CIFPAY_TRD_JOURNAL` VALUES ('40457361120160418111742910', '041e0999d32c480e8c3e27ea254ba272', null, '30', 'BANK_DIRECT', '1000001', 'W1460949160276', '2016-04-18 11:17:42', 'ICBC-SIGN-FAILED', '银企接口签名失败', 'F', 'CREDIT_BANK_PAYED', '2016-04-18 11:17:42', '银企直联提现', '银行交易流水号:null', null, null, null);
INSERT INTO `CIFPAY_TRD_JOURNAL` VALUES ('1874945422016041811230017', 'e699f7ef772a465c819838da961ddf37', null, '50', 'THIRD_PAY', '1000001', 'C0fbf97d0a9a0', '2016-04-18 11:23:00', null, null, 'S', 'CREDIT_BANK_PAYED', '2016-04-18 11:23:09', '支付宝充值', null, null, '2016041821001004760274043021', null);
INSERT INTO `CIFPAY_TRD_JOURNAL` VALUES ('37501711720160418111900701', 'bfb8defd098d498d9397f92a7ac17cee', null, '30', 'BANK_DIRECT', '1000001', 'W1460949160276', '2016-04-18 11:19:00', 'ICBC-SIGN-FAILED', '银企接口签名失败', 'F', 'CREDIT_BANK_PAYED', '2016-04-18 11:19:02', '银企直联提现', '银行交易流水号:null', null, null, null);
INSERT INTO `CIFPAY_TRD_JOURNAL` VALUES ('61681843620160418112526607', '7607f0cbebed4857a6c7cf59d1d25753', null, '30', 'BANK_DIRECT', '1000001', 'W1460949160276', '2016-04-18 11:25:26', 'ICBC-SIGN-FAILED', '银企接口签名失败', 'F', 'CREDIT_BANK_PAYED', '2016-04-18 11:25:28', '银企直联提现', '银行交易流水号:null', null, null, null);
INSERT INTO `CIFPAY_TRD_JOURNAL` VALUES ('15635704022016041811272277', '6ddfb6b681a8446096170d24fe079347', null, '30', 'BANK_DIRECT', '1000001', 'W1460949160276', '2016-04-18 11:27:22', 'ICBC-SIGN-FAILED', '银企接口签名失败', 'F', 'CREDIT_BANK_PAYED', '2016-04-18 11:27:24', '银企直联提现', '银行交易流水号:null', null, null, null);
INSERT INTO `CIFPAY_TRD_JOURNAL` VALUES ('89539293520160418113027925', '352bbdadf0c14141b0c618df30115f06', null, '30', 'BANK_DIRECT', '1000001', 'W1460949160276', '2016-04-18 11:30:27', 'ICBC-SIGN-FAILED', '银企接口签名失败', 'F', 'CREDIT_BANK_PAYED', '2016-04-18 11:32:07', '银企直联提现', '银行交易流水号:null', null, null, null);
INSERT INTO `CIFPAY_TRD_JOURNAL` VALUES ('86127378620160418113252438', 'f416382a285e4e258a8d3ccb4bc1b182', null, '30', 'BANK_DIRECT', '1000001', 'W1460949160276', '2016-04-18 11:32:52', 'ICBC-SIGN-FAILED', '银企接口签名失败', 'F', 'CREDIT_BANK_PAYED', '2016-04-18 11:34:21', '银企直联提现', '银行交易流水号:null', null, null, null);
INSERT INTO `CIFPAY_TRD_JOURNAL` VALUES ('12543811372016041811395625', 'ca597e95f3c64447a11d6b64032067b3', null, '30', 'BANK_DIRECT', '1000001', 'W1460949160276', '2016-04-18 11:39:56', 'ICBC-TRADE-400', '访问交易服务异常', 'F', 'CREDIT_BANK_PAYED', '2016-04-18 11:41:16', '银企直联提现', '银行交易流水号:null', null, null, null);
INSERT INTO `CIFPAY_TRD_JOURNAL` VALUES ('95283563820160418114410914', 'd6d1c931c00f430e99c8e17f01bfc185', null, '30', 'BANK_DIRECT', '1000001', 'W1460949160276', '2016-04-18 11:44:10', '7', '成功', 'S', 'CREDIT_BANK_PAYED', '2016-04-18 11:44:34', '银企直联提现', '银行交易流水号:CMM595116897', null, null, null);
INSERT INTO `CIFPAY_TRD_JOURNAL` VALUES ('95091007820160418114949264', 'a0908a8e55564332a06d3cbc3b83e4cc', null, '30', 'BANK_DIRECT', '1000001', 'W1460951089205', '2016-04-18 11:49:49', 'ICBC-SIGN-FAILED', '银企接口签名失败', 'F', 'CREDIT_BANK_PAYED', '2016-04-18 11:49:49', '银企直联提现', '银行交易流水号:null', null, null, null);
INSERT INTO `CIFPAY_TRD_JOURNAL` VALUES ('2171663252016041813294249', 'e2c773d369f14d28a1c65769bf72a258', null, '30', 'BANK_DIRECT', '1000001', 'W1460957360159', '2016-04-18 13:29:42', '6', '[98001478]终端上送工作日期和主机系统日期不一致', 'F', 'CREDIT_BANK_PAYED', '2016-04-18 13:32:51', '银企直联提现', '银行交易流水号:CMM595126886', null, null, null);
INSERT INTO `CIFPAY_TRD_JOURNAL` VALUES ('74269479220160418133812108', '5c1c6c90fe9c45999e516a12bcedb2b8', null, '30', 'BANK_DIRECT', '1000001', 'W1460951089205', '2016-04-18 13:38:12', 'ICBC-SIGN-FAILED', '银企接口签名失败', 'F', 'CREDIT_BANK_PAYED', '2016-04-18 13:38:12', '银企直联提现', '银行交易流水号:null', null, null, null);
INSERT INTO `CIFPAY_TRD_JOURNAL` VALUES ('29808048520160418134701732', 'b3c1eee8570d49e180521225ca88f5ea', null, '30', 'BANK_DIRECT', '1000001', 'W1460958039313', '2016-04-18 13:47:01', 'ICBC-SIGN-FAILED', '银企接口签名失败', 'F', 'CREDIT_BANK_PAYED', '2016-04-18 13:47:01', '银企直联提现', '银行交易流水号:null', null, null, null);
INSERT INTO `CIFPAY_TRD_JOURNAL` VALUES ('9899588720160418134225806', '5d1742127692493e92258ad6943449b8', null, '30', 'BANK_DIRECT', '1000001', 'W1460958039313', '2016-04-18 13:42:25', '6', '[98001478]终端上送工作日期和主机系统日期不一致', 'F', 'CREDIT_BANK_PAYED', '2016-04-18 13:42:33', '银企直联提现', '银行交易流水号:CMM595126887', null, null, null);
INSERT INTO `CIFPAY_TRD_JOURNAL` VALUES ('11465712722016041813442482', 'f2b05b8afe7d493c96ed1d40c25b1cc1', null, '30', 'BANK_DIRECT', '1000001', 'W1460958240840', '2016-04-18 13:44:24', null, null, 'C', 'CREDIT_BANK_PAYED', '2016-04-18 13:44:24', '银企直联提现', null, null, null, null);
INSERT INTO `CIFPAY_TRD_JOURNAL` VALUES ('13271746882016041814191415', 'ea381fe375b24049b05da9009b1bc3d2', null, '30', 'BANK_DIRECT', '1000001', 'W1460958039313', '2016-04-18 14:19:14', 'ICBC-SIGN-FAILED', '银企接口签名失败', 'F', 'CREDIT_BANK_PAYED', '2016-04-18 14:19:14', '银企直联提现', '银行交易流水号:null', null, null, null);
INSERT INTO `CIFPAY_TRD_JOURNAL` VALUES ('14763964092016041815042026', 'e41b8a7010dc431b898ef38dc5e31872', null, '30', 'BANK_DIRECT', '1000001', 'W1460963040136', '2016-04-18 15:04:20', 'D0087', '企业签名时间与工行服务器时间间隔过长!', 'F', 'CREDIT_BANK_PAYED', '2016-04-18 15:05:29', '银企直联提现', '银行交易流水号:', null, null, null);
INSERT INTO `CIFPAY_TRD_JOURNAL` VALUES ('17531413982016041815272795', 'ed595b9319334984877415d346729f86', null, '30', 'BANK_DIRECT', '1000001', 'W1460964401779', '2016-04-18 15:27:27', 'ICBC-SIGN-FAILED', '银企接口签名失败', 'F', 'CREDIT_BANK_PAYED', '2016-04-18 15:27:55', '银企直联提现', '银行交易流水号:null', null, null, null);
INSERT INTO `CIFPAY_TRD_JOURNAL` VALUES ('17478953242016041815382748', 'b3bbdd3b2d3845ada7a89823d0b4990f', null, '30', 'BANK_DIRECT', '1000001', 'W1460964401779', '2016-04-18 15:38:27', 'ICBC-SIGN-FAILED', '银企接口签名失败', 'F', 'CREDIT_BANK_PAYED', '2016-04-18 15:38:31', '银企直联提现', '银行交易流水号:null', null, null, null);
INSERT INTO `CIFPAY_TRD_JOURNAL` VALUES ('41494766720160418154023784', 'fc4aec5ad3f94fa5a957c28e3cee8bbc', null, '30', 'BANK_DIRECT', '1000001', 'W1460964401779', '2016-04-18 15:40:23', 'ICBC-SIGN-FAILED', '银企接口交易数据发送失败', 'F', 'CREDIT_BANK_PAYED', '2016-04-18 15:40:26', '银企直联提现', '银行交易流水号:null', null, null, null);
INSERT INTO `CIFPAY_TRD_JOURNAL` VALUES ('95038688920160418154115595', 'f9e19a8e53244fdb8a620cde261231b9', null, '30', 'BANK_DIRECT', '1000001', 'W1460964401779', '2016-04-18 15:41:15', 'D0087', '企业签名时间与工行服务器时间间隔过长!', 'F', 'CREDIT_BANK_PAYED', '2016-04-18 15:41:18', '银企直联提现', '银行交易流水号:', null, null, null);
INSERT INTO `CIFPAY_TRD_JOURNAL` VALUES ('10206501720160418154159416', '270f68987ca14670aa372b8c252c2740', null, '30', 'BANK_DIRECT', '1000001', 'W1460964401779', '2016-04-18 15:41:59', 'D0087', '企业签名时间与工行服务器时间间隔过长!', 'F', 'CREDIT_BANK_PAYED', '2016-04-18 15:42:04', '银企直联提现', '银行交易流水号:', null, null, null);
INSERT INTO `CIFPAY_TRD_JOURNAL` VALUES ('16111289220160418154304626', '740c2710576947609fe05c8beeb1d4dc', null, '30', 'BANK_DIRECT', '1000001', 'W1460964401779', '2016-04-18 15:43:04', 'D0087', '企业签名时间与工行服务器时间间隔过长!', 'F', 'CREDIT_BANK_PAYED', '2016-04-18 15:43:15', '银企直联提现', '银行交易流水号:', null, null, null);
INSERT INTO `CIFPAY_TRD_JOURNAL` VALUES ('11367978022016041815442332', 'bbe3b36539d64346aab781c9a0c9a810', null, '30', 'BANK_DIRECT', '1000001', 'W1460964401779', '2016-04-18 15:44:23', '7', '成功', 'S', 'CREDIT_BANK_PAYED', '2016-04-18 15:44:38', '银企直联提现', '银行交易流水号:CMM595136885', null, null, null);
INSERT INTO `CIFPAY_TRD_JOURNAL` VALUES ('10678877742016041816011510', 'a079f0ba2cc54750a81fbd719086a9d6', null, '30', 'BANK_DIRECT', '1000001', 'W1460958039313', '2016-04-18 16:01:15', 'D0091', '企业签名时间晚于工行服务器时间!', 'F', 'CREDIT_BANK_PAYED', '2016-04-18 16:01:40', '银企直联提现', '银行交易流水号:', null, null, null);
INSERT INTO `CIFPAY_TRD_JOURNAL` VALUES ('12822904892016041816022299', '03d60986b84b41edbad2cf9b374c42e8', null, '30', 'BANK_DIRECT', '1000001', 'W1460958039313', '2016-04-18 16:02:23', 'D0091', '企业签名时间晚于工行服务器时间!', 'F', 'CREDIT_BANK_PAYED', '2016-04-18 16:02:27', '银企直联提现', '银行交易流水号:', null, null, null);
INSERT INTO `CIFPAY_TRD_JOURNAL` VALUES ('73658795920160418160429620', '0d2bde385f6440679a0db775d2b4ecc7', null, '30', 'BANK_DIRECT', '1000001', 'W1460958039313', '2016-04-18 16:04:29', 'D0091', '企业签名时间晚于工行服务器时间!', 'F', 'CREDIT_BANK_PAYED', '2016-04-18 16:04:30', '银企直联提现', '银行交易流水号:', null, null, null);
INSERT INTO `CIFPAY_TRD_JOURNAL` VALUES ('18245585982016041816051386', '5a09174e9a8e40a4833917cb0f2a6dfc', null, '30', 'BANK_DIRECT', '1000001', 'W1460958039313', '2016-04-18 16:05:13', 'D0091', '企业签名时间晚于工行服务器时间!', 'F', 'CREDIT_BANK_PAYED', '2016-04-18 16:05:14', '银企直联提现', '银行交易流水号:', null, null, null);
INSERT INTO `CIFPAY_TRD_JOURNAL` VALUES ('13054086642016041816051711', 'f9384cfd8ed34213bb1987bc42255bab', null, '30', 'BANK_DIRECT', '1000001', 'W1460958039313', '2016-04-18 16:05:17', 'D0091', '企业签名时间晚于工行服务器时间!', 'F', 'CREDIT_BANK_PAYED', '2016-04-18 16:05:17', '银企直联提现', '银行交易流水号:', null, null, null);
INSERT INTO `CIFPAY_TRD_JOURNAL` VALUES ('10297711932016041816050041', '5ff7cc732f584655b0a53006b3089b94', null, '30', 'BANK_DIRECT', '1000001', 'W1460958039313', '2016-04-18 16:05:00', '7', '成功', 'S', 'CREDIT_BANK_PAYED', '2016-04-18 16:05:08', '银企直联提现', '银行交易流水号:CMM595136888', null, null, null);
INSERT INTO `CIFPAY_TRD_JOURNAL` VALUES ('17506224072016041816150267', 'adb1a7b14b3a4f9a99c42d821b5cc883', null, '30', 'BANK_DIRECT', '1000001', 'W1460966983141', '2016-04-18 16:15:02', 'D0091', '企业签名时间晚于工行服务器时间!', 'F', 'CREDIT_BANK_PAYED', '2016-04-18 16:15:07', '银企直联提现', '银行交易流水号:', null, null, null);
INSERT INTO `CIFPAY_TRD_JOURNAL` VALUES ('10686292462016041816151258', '8e0bd8ba5eac4ba3ad312f98032ecad6', null, '30', 'BANK_DIRECT', '1000001', 'W1460966983141', '2016-04-18 16:15:12', 'D0091', '企业签名时间晚于工行服务器时间!', 'F', 'CREDIT_BANK_PAYED', '2016-04-18 16:15:26', '银企直联提现', '银行交易流水号:', null, null, null);
INSERT INTO `CIFPAY_TRD_JOURNAL` VALUES ('17450758592016041816180315', '850a71efea6746b0ad9d39a9c24b3b54', null, '30', 'BANK_DIRECT', '1000001', 'W1460966983141', '2016-04-18 16:18:03', 'D0091', '企业签名时间晚于工行服务器时间!', 'F', 'CREDIT_BANK_PAYED', '2016-04-18 16:18:03', '银企直联提现', '银行交易流水号:', null, null, null);
INSERT INTO `CIFPAY_TRD_JOURNAL` VALUES ('18284166852016041816195933', 'dc364973e39c465f8eccd1a9868a0408', null, '30', 'BANK_DIRECT', '1000001', 'W1460966983141', '2016-04-18 16:19:59', 'D0091', '企业签名时间晚于工行服务器时间!', 'F', 'CREDIT_BANK_PAYED', '2016-04-18 16:19:59', '银企直联提现', '银行交易流水号:', null, null, null);
INSERT INTO `CIFPAY_TRD_JOURNAL` VALUES ('86934899320160418162514807', '1723c1813a8f477cbdf4dbe6b5707596', null, '30', 'BANK_DIRECT', '1000001', 'W1460966983141', '2016-04-18 16:25:14', 'D0091', '企业签名时间晚于工行服务器时间!', 'F', 'CREDIT_BANK_PAYED', '2016-04-18 16:25:15', '银企直联提现', '银行交易流水号:', null, null, null);
INSERT INTO `CIFPAY_TRD_JOURNAL` VALUES ('15504428132016041816251823', '76845628d3094d69ac080bd2dad14ff0', null, '30', 'BANK_DIRECT', '1000001', 'W1460966983141', '2016-04-18 16:25:18', 'D0091', '企业签名时间晚于工行服务器时间!', 'F', 'CREDIT_BANK_PAYED', '2016-04-18 16:25:18', '银企直联提现', '银行交易流水号:', null, null, null);
INSERT INTO `CIFPAY_TRD_JOURNAL` VALUES ('10015515612016041816300634', '2e35528410c94fc7bd860078dd832644', null, '30', 'BANK_DIRECT', '1000001', 'W1460966983141', '2016-04-18 16:30:06', 'D0091', '企业签名时间晚于工行服务器时间!', 'F', 'CREDIT_BANK_PAYED', '2016-04-18 16:30:06', '银企直联提现', '银行交易流水号:', null, null, null);
INSERT INTO `CIFPAY_TRD_JOURNAL` VALUES ('13328037422016041816305738', 'f6844839aa794570be89416e44cd0340', null, '30', 'BANK_DIRECT', '1000001', 'W1460966983141', '2016-04-18 16:30:57', 'D0091', '企业签名时间晚于工行服务器时间!', 'F', 'CREDIT_BANK_PAYED', '2016-04-18 16:30:57', '银企直联提现', '银行交易流水号:', null, null, null);
INSERT INTO `CIFPAY_TRD_JOURNAL` VALUES ('2992658020160418163230461', '7966c99d217a4f09b9f724940d825e13', null, '30', 'BANK_DIRECT', '1000001', 'W1460966983141', '2016-04-18 16:32:30', 'D0091', '企业签名时间晚于工行服务器时间!', 'F', 'CREDIT_BANK_PAYED', '2016-04-18 16:32:30', '银企直联提现', '银行交易流水号:', null, null, null);
INSERT INTO `CIFPAY_TRD_JOURNAL` VALUES ('41262090020160418163007701', '171425887628493fb5933513f6bc2e97', null, '30', 'BANK_DIRECT', '1000001', 'W1460966983141', '2016-04-18 16:30:07', '7', '成功', 'S', 'CREDIT_BANK_PAYED', '2016-04-18 16:30:15', '银企直联提现', '银行交易流水号:CMM595136893', null, null, null);
INSERT INTO `CIFPAY_TRD_JOURNAL` VALUES ('19211531442016041816463631', '64a18965d95a4b45ba1fd8e5ec550a2e', null, '30', 'BANK_DIRECT', '1000001', 'W1460968590499', '2016-04-18 16:46:36', 'D0091', '企业签名时间晚于工行服务器时间!', 'F', 'CREDIT_BANK_PAYED', '2016-04-18 16:46:36', '银企直联提现', '银行交易流水号:', null, null, null);
INSERT INTO `CIFPAY_TRD_JOURNAL` VALUES ('20806227782016041816501379', '6314510cb06f4d45af77f1d1b1ce02f2', null, '30', 'BANK_DIRECT', '1000001', 'W1460968590499', '2016-04-18 16:50:13', '7', '成功', 'S', 'CREDIT_BANK_PAYED', '2016-04-18 16:50:18', '银企直联提现', '银行交易流水号:CMM595136914', null, null, null);
INSERT INTO `CIFPAY_TRD_JOURNAL` VALUES ('135511751520160418193359331', '8b887671bca649dd946101b8363ae411', null, '50', 'THIRD_PAY', '1000001', 'Cc0f3e1de49b0', '2016-04-18 19:33:59', null, null, 'C', 'CREDIT_BANK_PAYED', '2016-04-18 19:33:59', '支付宝充值', null, null, null, null);
INSERT INTO `CIFPAY_TRD_JOURNAL` VALUES ('173434337320160418193515786', 'aa12e2d33d344e4481cca98467247ef5', null, '50', 'THIRD_PAY', '1000001', 'C8bd91d19a25b', '2016-04-18 19:35:15', null, null, 'C', 'CREDIT_BANK_PAYED', '2016-04-18 19:35:15', '支付宝充值', null, null, null, null);
INSERT INTO `CIFPAY_TRD_JOURNAL` VALUES ('10875947432016041820505656', '8c12e82b835f4e699062ad5f0ff15fa0', null, '30', 'BANK_DIRECT', '1000001', 'Db30e2dc60053', '2016-04-18 20:50:56', 'D0091', '企业签名时间晚于工行服务器时间!', 'F', 'CREDIT_BANK_PAYED', '2016-04-18 20:50:57', '银企直联提现', '银行交易流水号:', null, null, null);
INSERT INTO `CIFPAY_TRD_JOURNAL` VALUES ('6576057022016041909441276', '2ab76207d6d94b3fb16951559f555d5b', null, '30', 'BANK_DIRECT', '1000001', 'Df91c5287764d', '2016-04-19 09:44:12', 'D0091', '企业签名时间晚于工行服务器时间!', 'F', 'CREDIT_BANK_PAYED', '2016-04-19 09:44:12', '银企直联提现', '银行交易流水号:', null, null, null);
INSERT INTO `CIFPAY_TRD_JOURNAL` VALUES ('26403525820160419094003582', 'c5d4e6b7441943e780ba176ec20b8a5d', null, '30', 'BANK_DIRECT', '1000001', 'W1461030013934', '2016-04-19 09:40:03', '7', '成功', 'S', 'CREDIT_BANK_PAYED', '2016-04-19 09:40:10', '银企直联提现', '银行交易流水号:CMM595156884', null, null, null);
INSERT INTO `CIFPAY_TRD_JOURNAL` VALUES ('17550944072016041909511761', 'a8ec003c14474a689b59b8d916f577ab', null, '30', 'BANK_DIRECT', '1000001', 'Dc5efe2c9a6dd', '2016-04-19 09:51:17', 'D0091', '企业签名时间晚于工行服务器时间!', 'F', 'CREDIT_BANK_PAYED', '2016-04-19 09:51:28', '银企直联提现', '银行交易流水号:', null, null, null);
INSERT INTO `CIFPAY_TRD_JOURNAL` VALUES ('63092011120160419095134397', 'fe33f91b77e243fe99bd6af466985e90', null, '30', 'BANK_DIRECT', '1000001', 'D78a2c0e7ca97', '2016-04-19 09:51:34', 'D0091', '企业签名时间晚于工行服务器时间!', 'F', 'CREDIT_BANK_PAYED', '2016-04-19 09:51:37', '银企直联提现', '银行交易流水号:', null, null, null);
INSERT INTO `CIFPAY_TRD_JOURNAL` VALUES ('20468044632016041909561772', '27e02b8cca2a4258b50ec8fcaac3765b', null, '30', 'BANK_DIRECT', '1000001', 'Dc6aae8e54885', '2016-04-19 09:56:17', '6', '对不起，对方账号与户名不符，请您核对后再提交', 'F', 'CREDIT_BANK_PAYED', '2016-04-19 09:56:23', '银企直联提现', '银行交易流水号:CMM595156886', null, null, null);
INSERT INTO `CIFPAY_TRD_JOURNAL` VALUES ('97601453220160419100018597', '3f72262463354131b1ef5a2a920ea457', null, '30', 'BANK_DIRECT', '1000001', 'D5562bd624c10', '2016-04-19 10:00:18', '7', '成功', 'S', 'CREDIT_BANK_PAYED', '2016-04-19 10:00:22', '银企直联提现', '银行交易流水号:CMM595156889', null, null, null);
INSERT INTO `CIFPAY_TRD_JOURNAL` VALUES ('8354378720160419101820490', '05f8f03dce33450998bc777b84f24723', null, '30', 'BANK_DIRECT', '1000001', 'D9d0c6b19126c', '2016-04-19 10:18:20', '7', '成功', 'S', 'CREDIT_BANK_PAYED', '2016-04-19 10:18:24', '银企直联提现', '银行交易流水号:CMM595156906', null, null, null);
INSERT INTO `CIFPAY_TRD_JOURNAL` VALUES ('130387975720160419105008278', '716ec1aedbb04a8aacdc34069cc32f22', null, '50', 'THIRD_PAY', '1000001', 'C452c85056240', '2016-04-19 10:50:08', null, null, 'C', 'CREDIT_BANK_PAYED', '2016-04-19 10:50:08', '支付宝充值', null, null, null, null);
INSERT INTO `CIFPAY_TRD_JOURNAL` VALUES ('15640322132016041911135658', '4e8d49ec50274841885052beab7ae1ac', null, '50', 'THIRD_PAY', '1000001', 'Cb5a8dcd4bf4c', '2016-04-19 11:13:56', null, null, 'S', 'CREDIT_BANK_PAYED', '2016-04-19 11:18:08', '支付宝充值', null, null, '2016041921001004760274997264', null);
INSERT INTO `CIFPAY_TRD_JOURNAL` VALUES ('97679210520160419111232545', '7e9f3c501bb94ee090d058f281b25911', null, '30', 'BANK_DIRECT', '1000001', 'Dcf49550fa478', '2016-04-19 11:12:32', '7', '成功', 'S', 'CREDIT_BANK_PAYED', '2016-04-19 11:12:48', '银企直联提现', '银行交易流水号:CMM595166885', null, null, null);
INSERT INTO `CIFPAY_TRD_JOURNAL` VALUES ('18045281052016041911355320', '4b85f0cd2e3b4a6e90fceb104b703d5b', null, '30', 'BANK_DIRECT', '1000001', 'Dc34c23b8cfa4', '2016-04-19 11:35:53', '7', '成功', 'S', 'CREDIT_BANK_PAYED', '2016-04-19 11:36:04', '银企直联提现', '银行交易流水号:CMM595176883', null, null, null);
INSERT INTO `CIFPAY_TRD_JOURNAL` VALUES ('10609736672016041912121544', 'a0809650cef04e8dafcc1638863659cd', null, '30', 'BANK_DIRECT', '1000001', 'D71149be38f36', '2016-04-19 12:12:15', '7', '成功', 'S', 'CREDIT_BANK_PAYED', '2016-04-19 12:12:23', '银企直联提现', '银行交易流水号:CMM595186885', null, null, null);
INSERT INTO `CIFPAY_TRD_JOURNAL` VALUES ('763387420160419134528414', 'e46cf78bd5634e588e6e2408cac640df', null, '50', 'THIRD_PAY', '1000001', 'Cd5aea630c53c', '2016-04-19 13:45:28', null, null, 'S', 'CREDIT_BANK_PAYED', '2016-04-19 14:10:48', '支付宝充值', null, null, '2016041921001004760275004637', null);
INSERT INTO `CIFPAY_TRD_JOURNAL` VALUES ('16661157712016041913565616', 'e6f4235d0de64d1eaa8315c42bc324fa', null, '30', 'BANK_DIRECT', '1000001', 'D4101285a5924', '2016-04-19 13:56:56', '7', '成功', 'S', 'CREDIT_BANK_PAYED', '2016-04-19 13:57:02', '银企直联提现', '银行交易流水号:CMM595206882', null, null, null);
INSERT INTO `CIFPAY_TRD_JOURNAL` VALUES ('19897410812016041917150563', 'eea6d8c3e2e748c5953863cd8413da21', null, '30', 'BANK_DIRECT', '1000001', 'D6d217cf57afc', '2016-04-19 17:15:05', 'D0087', '企业签名时间与工行服务器时间间隔过长!', 'F', 'CREDIT_BANK_PAYED', '2016-04-19 17:15:06', '银企直联提现', '银行交易流水号:', null, null, null);
INSERT INTO `CIFPAY_TRD_JOURNAL` VALUES ('34006417620160419175211463', '15f444828e154cb4a8b253a7c0021702', null, '30', 'BANK_DIRECT', '1000001', 'W1461046630168', '2016-04-19 17:52:11', '7', '成功', 'S', 'CREDIT_BANK_PAYED', '2016-04-19 17:52:16', '银企直联提现', '银行交易流水号:CMM595336883', null, null, null);
INSERT INTO `CIFPAY_TRD_JOURNAL` VALUES ('83922798120160419180013603', 'eebd3d655ecb44fbb042ade308d12121', null, '30', 'BANK_DIRECT', '1000001', 'Ddd5b2051d06c', '2016-04-19 18:00:13', 'D0087', '企业签名时间与工行服务器时间间隔过长!', 'F', 'CREDIT_BANK_PAYED', '2016-04-19 18:00:15', '银企直联提现', '银行交易流水号:', null, null, null);
INSERT INTO `CIFPAY_TRD_JOURNAL` VALUES ('10862147752016041918210940', '4efe162cadc0475fb0017690609815eb', null, '30', 'BANK_DIRECT', '1000001', 'D6e6e2ea982e1', '2016-04-19 18:21:09', 'D0087', '企业签名时间与工行服务器时间间隔过长!', 'F', 'CREDIT_BANK_PAYED', '2016-04-19 18:21:09', '银企直联提现', '银行交易流水号:', null, null, null);
INSERT INTO `CIFPAY_TRD_JOURNAL` VALUES ('6071110220160419182554661', 'e94bcde3b66e446498598257f0bb9f71', null, '30', 'BANK_DIRECT', '1000001', 'D247b7d0e132c', '2016-04-19 18:25:54', 'D0087', '企业签名时间与工行服务器时间间隔过长!', 'F', 'CREDIT_BANK_PAYED', '2016-04-19 18:25:55', '银企直联提现', '银行交易流水号:', null, null, null);
INSERT INTO `CIFPAY_TRD_JOURNAL` VALUES ('18168668652016041919152930', 'd555c80ca194449ea05380a94b04b565', null, '30', 'BANK_DIRECT', '1000001', 'D9c23acb8f74a', '2016-04-19 19:15:29', 'D0087', '企业签名时间与工行服务器时间间隔过长!', 'F', 'CREDIT_BANK_PAYED', '2016-04-19 19:15:31', '银企直联提现', '银行交易流水号:', null, null, null);
INSERT INTO `CIFPAY_TRD_JOURNAL` VALUES ('37241695920160419192041328', '66bf664a9d0646dbbdaffd46d30666be', null, '30', 'BANK_DIRECT', '1000001', 'Dd084900c4c00', '2016-04-19 19:20:41', 'D0087', '企业签名时间与工行服务器时间间隔过长!', 'F', 'CREDIT_BANK_PAYED', '2016-04-19 19:20:42', '银企直联提现', '银行交易流水号:', null, null, null);
INSERT INTO `CIFPAY_TRD_JOURNAL` VALUES ('10082298672016041920125786', 'e0289c4fabf34fe0999c46b44f5fcc3e', null, '30', 'BANK_DIRECT', '1000001', 'D0f6f307035b3', '2016-04-19 20:12:57', 'D0087', '企业签名时间与工行服务器时间间隔过长!', 'F', 'CREDIT_BANK_PAYED', '2016-04-19 20:12:58', '银企直联提现', '银行交易流水号:', null, null, null);
INSERT INTO `CIFPAY_TRD_JOURNAL` VALUES ('14059536402016042009260312', 'afac26e4bb014ad595320a4bb4c89216', null, '30', 'BANK_DIRECT', '1000001', 'D3046da9ac81d', '2016-04-20 09:26:03', 'D0087', '企业签名时间与工行服务器时间间隔过长!', 'F', 'CREDIT_BANK_PAYED', '2016-04-20 09:26:05', '银企直联提现', '银行交易流水号:', null, null, null);
INSERT INTO `CIFPAY_TRD_JOURNAL` VALUES ('9092552982016042009284136', '65d48637ed4f4de3a0091728059435fb', null, '30', 'BANK_DIRECT', '1000001', 'W1461115699357', '2016-04-20 09:28:41', 'D0087', '企业签名时间与工行服务器时间间隔过长!', 'F', 'CREDIT_BANK_PAYED', '2016-04-20 09:28:55', '银企直联提现', '银行交易流水号:', null, null, null);
INSERT INTO `CIFPAY_TRD_JOURNAL` VALUES ('66270142720160420093433174', 'eff5502af6eb4c2e909cc76bd295aea6', null, '30', 'BANK_DIRECT', '1000001', 'W1461115699357', '2016-04-20 09:34:33', '7', '成功', 'S', 'CREDIT_BANK_PAYED', '2016-04-20 09:34:58', '银企直联提现', '银行交易流水号:CMM595366885', null, null, null);
INSERT INTO `CIFPAY_TRD_JOURNAL` VALUES ('10204117882016042009415032', 'a578d123427a4ca59b5d22d6c8db5622', null, '30', 'BANK_DIRECT', '1000001', 'D15d8de2f98e7', '2016-04-20 09:41:50', 'D0087', '企业签名时间与工行服务器时间间隔过长!', 'F', 'CREDIT_BANK_PAYED', '2016-04-20 09:41:52', '银企直联提现', '银行交易流水号:', null, null, null);
INSERT INTO `CIFPAY_TRD_JOURNAL` VALUES ('12212281422016042009510416', 'e2ef41e7f67f4dd7be27c840e92fec3c', null, '30', 'BANK_DIRECT', '1000001', 'Db75a60f72bdb', '2016-04-20 09:51:04', 'D0087', '企业签名时间与工行服务器时间间隔过长!', 'F', 'CREDIT_BANK_PAYED', '2016-04-20 09:51:05', '银企直联提现', '银行交易流水号:', null, null, null);
INSERT INTO `CIFPAY_TRD_JOURNAL` VALUES ('10754388842016042011013078', '5de4bb53083b4ed48768f702e9699e5f', null, '30', 'BANK_DIRECT', '1000001', 'Df9a66e777b5b', '2016-04-20 11:01:30', '7', '成功', 'S', 'CREDIT_BANK_PAYED', '2016-04-20 11:02:04', '银企直联提现', '银行交易流水号:CMM595396882', null, null, null);
INSERT INTO `CIFPAY_TRD_JOURNAL` VALUES ('81168572620160420110611373', 'cbdaa153337245fb8336d4fd8582ad82', null, '30', 'BANK_DIRECT', '1000001', 'Da3b669c8beb5', '2016-04-20 11:06:11', '7', '成功', 'S', 'CREDIT_BANK_PAYED', '2016-04-20 11:06:20', '银企直联提现', '银行交易流水号:CMM595396884', null, null, null);
INSERT INTO `CIFPAY_TRD_JOURNAL` VALUES ('32549988920160420110954969', '83826945ec18417795c1bb86f930c88a', null, '30', 'BANK_DIRECT', '1000001', 'Dee7c05bc35e6', '2016-04-20 11:09:55', '7', '成功', 'S', 'CREDIT_BANK_PAYED', '2016-04-20 11:10:18', '银企直联提现', '银行交易流水号:CMM595396886', null, null, null);
INSERT INTO `CIFPAY_TRD_JOURNAL` VALUES ('14023874252016042011101141', '5070bb7f5c7c4eaa87a328d56a3970de', null, '30', 'BANK_DIRECT', '1000001', 'D0ee09425ddee', '2016-04-20 11:10:11', '7', '成功', 'S', 'CREDIT_BANK_PAYED', '2016-04-20 11:10:21', '银企直联提现', '银行交易流水号:CMM595396887', null, null, null);
INSERT INTO `CIFPAY_TRD_JOURNAL` VALUES ('85692764820160420114943562', 'a44e5541f5d6438384e2c556a9591805', null, '30', 'BANK_DIRECT', '1000001', 'D53ea84065095', '2016-04-20 11:49:43', 'ICBC-TRADE-400', '访问交易服务异常', 'F', 'CREDIT_BANK_PAYED', '2016-04-20 11:49:45', '银企直联提现', '银行交易流水号:null', null, null, null);
INSERT INTO `CIFPAY_TRD_JOURNAL` VALUES ('15452896362016042011494518', 'c3a75658c1f14fa1b9a6543c66e590b7', null, '30', 'BANK_DIRECT', '1000001', 'D22d8125c4a6c', '2016-04-20 11:49:45', '7', '成功', 'S', 'CREDIT_BANK_PAYED', '2016-04-20 11:50:13', '银企直联提现', '银行交易流水号:CMM595406886', null, null, null);
INSERT INTO `CIFPAY_TRD_JOURNAL` VALUES ('11504931732016042011512844', '0ce2581fe8eb4462b8879c9ee132d39e', null, '30', 'BANK_DIRECT', '1000001', 'D41f79ec4b4cd', '2016-04-20 11:51:28', '7', '成功', 'S', 'CREDIT_BANK_PAYED', '2016-04-20 11:51:33', '银企直联提现', '银行交易流水号:CMM595406887', null, null, null);
INSERT INTO `CIFPAY_TRD_JOURNAL` VALUES ('205419778520160420124621584', 'f8d94c5133874dc99e620317ccd931ca', null, '50', 'THIRD_PAY', '1000001', '204604200001', '2016-04-20 12:46:21', null, null, 'C', 'CREDIT_BANK_PAYED', '2016-04-20 12:46:21', '支付宝充值', null, null, null, null);
INSERT INTO `CIFPAY_TRD_JOURNAL` VALUES ('138734547620160420134809734', 'b9a031732da1445ab0a0b14c2dd6c4ca', null, '50', 'THIRD_PAY', '1000001', '201604200001', '2016-04-20 13:48:09', null, null, 'C', 'CREDIT_BANK_PAYED', '2016-04-20 13:48:09', '支付宝充值', null, null, null, null);
INSERT INTO `CIFPAY_TRD_JOURNAL` VALUES ('14981040122016042014034062', '03371645a4664d3495a3cbcb85e81965', null, '30', 'BANK_DIRECT', '1000001', 'Daa5b06bd68be', '2016-04-20 14:03:40', '7', '成功', 'S', 'CREDIT_BANK_PAYED', '2016-04-20 14:04:01', '银企直联提现', '银行交易流水号:CMM595446884', null, null, null);
INSERT INTO `CIFPAY_TRD_JOURNAL` VALUES ('11385979720160420141011339', '24ad0695cc5941f3aaf6afa9f4037054', null, '30', 'BANK_DIRECT', '1000001', 'D11ce0424c44e', '2016-04-20 14:10:11', '7', '成功', 'S', 'CREDIT_BANK_PAYED', '2016-04-20 14:10:16', '银企直联提现', '银行交易流水号:CMM595446886', null, null, null);
INSERT INTO `CIFPAY_TRD_JOURNAL` VALUES ('17086680472016042014122715', '7c8f92dc87b94d5da7c651bc5cded955', null, '30', 'BANK_DIRECT', '1000001', 'D83e490005c88', '2016-04-20 14:12:27', '7', '成功', 'S', 'CREDIT_BANK_PAYED', '2016-04-20 14:12:29', '银企直联提现', '银行交易流水号:CMM595446887', null, null, null);
INSERT INTO `CIFPAY_TRD_JOURNAL` VALUES ('15050344382016042014150122', '2f20f18fba6f4c75ab8166a65d861dae', null, '30', 'BANK_DIRECT', '1000001', 'Df68ab73e0a95', '2016-04-20 14:15:01', '7', '成功', 'S', 'CREDIT_BANK_PAYED', '2016-04-20 14:15:05', '银企直联提现', '银行交易流水号:CMM595446888', null, null, null);
INSERT INTO `CIFPAY_TRD_JOURNAL` VALUES ('95297242620160420141649502', '1f4fa244a1fb4268b91a6d17f37aacca', null, '30', 'BANK_DIRECT', '1000001', 'D581b61cf6e4e', '2016-04-20 14:16:49', '7', '成功', 'S', 'CREDIT_BANK_PAYED', '2016-04-20 14:16:52', '银企直联提现', '银行交易流水号:CMM595446889', null, null, null);
INSERT INTO `CIFPAY_TRD_JOURNAL` VALUES ('20525767712016042014240332', '96b65a81eacf4ec9a1e87f26a16e0749', null, '30', 'BANK_DIRECT', '1000001', 'D4708c5dcd31c', '2016-04-20 14:24:03', '7', '成功', 'S', 'CREDIT_BANK_PAYED', '2016-04-20 14:24:10', '银企直联提现', '银行交易流水号:CMM595456882', null, null, null);
INSERT INTO `CIFPAY_TRD_JOURNAL` VALUES ('4672702320160420143801506', 'a3c4d0e94e604133afc1f06849c53a77', null, '30', 'BANK_DIRECT', '1000001', 'D1587c77788f8', '2016-04-20 14:38:01', '6', '指令处理失败', 'F', 'CREDIT_BANK_PAYED', '2016-04-20 14:38:30', '银企直联提现', '银行交易流水号:CMM595466882', null, null, null);
INSERT INTO `CIFPAY_TRD_JOURNAL` VALUES ('134760129520160420145315700', 'efd6368646094afeaf77de2bb806d6ee', null, '50', 'THIRD_PAY', '1000001', '201604200002', '2016-04-20 14:53:15', null, null, 'C', 'CREDIT_BANK_PAYED', '2016-04-20 14:53:15', '支付宝充值', null, null, null, null);
INSERT INTO `CIFPAY_TRD_JOURNAL` VALUES ('138653812120160420150211374', 'b8cd7eef02d8476c98108c53a5477f42', null, '50', 'THIRD_PAY', '1000001', '201604200003', '2016-04-20 15:02:11', null, null, 'C', 'CREDIT_BANK_PAYED', '2016-04-20 15:02:11', '支付宝充值', null, null, null, null);
INSERT INTO `CIFPAY_TRD_JOURNAL` VALUES ('179786276920160420152246557', '1e0901e950de40e9b9b14de69bf6de1a', null, '50', 'THIRD_PAY', '1000001', 'C0fb7c2ddf403', '2016-04-20 15:22:46', null, null, 'C', 'CREDIT_BANK_PAYED', '2016-04-20 15:22:46', '支付宝充值', null, null, null, null);
INSERT INTO `CIFPAY_TRD_JOURNAL` VALUES ('151581838920160420152632638', 'afdaa4a6524541b795ef6880fbdadf43', null, '50', 'THIRD_PAY', '1000001', 'Cf086849e919b', '2016-04-20 15:26:32', null, null, 'C', 'CREDIT_BANK_PAYED', '2016-04-20 15:26:32', '支付宝充值', null, null, null, null);
INSERT INTO `CIFPAY_TRD_JOURNAL` VALUES ('124047698320160421142442566', '04d8dc68187548d88a48b3205efc95c1', null, '50', 'THIRD_PAY', '1000001', '20160421142419760855', '2016-04-21 14:24:42', null, null, 'C', 'CREDIT_BANK_PAYED', '2016-04-21 14:24:42', '支付宝充值', null, null, null, null);
INSERT INTO `CIFPAY_TRD_JOURNAL` VALUES ('156588322620160421142629707', '33b244feb71e410f974e342d5572e326', null, '50', 'THIRD_PAY', '1000001', '1461219403290', '2016-04-21 14:26:29', null, null, 'C', 'CREDIT_BANK_PAYED', '2016-04-21 14:26:29', '支付宝充值', null, null, null, null);
INSERT INTO `CIFPAY_TRD_JOURNAL` VALUES ('199439235120160421143151166', 'f13cd95b60d04f42b07bf083f8b4b392', null, '50', 'THIRD_PAY', '1000001', '1461220196308', '2016-04-21 14:31:51', null, null, 'C', 'CREDIT_BANK_PAYED', '2016-04-21 14:31:51', '支付宝充值', null, null, null, null);
INSERT INTO `CIFPAY_TRD_JOURNAL` VALUES ('116053031620160421143325297', 'e1df96853346452fb8811f3bad1be245', null, '50', 'THIRD_PAY', '1000001', '1461220358999', '2016-04-21 14:33:25', null, null, 'C', 'CREDIT_BANK_PAYED', '2016-04-21 14:33:25', '支付宝充值', null, null, null, null);
INSERT INTO `CIFPAY_TRD_JOURNAL` VALUES ('129204961820160421145345115', '8a0d149c95f245e9aa7433f9110cce06', null, '50', 'THIRD_PAY', '1000001', 'C9a630f7e5b79', '2016-04-21 14:53:45', null, null, 'C', 'CREDIT_BANK_PAYED', '2016-04-21 14:53:45', '支付宝充值', null, null, null, null);
INSERT INTO `CIFPAY_TRD_JOURNAL` VALUES ('192082838920160421145612385', '95c091c1157b4374bf439de0544f1aa2', null, '50', 'THIRD_PAY', '1000001', '20160421145614835140', '2016-04-21 14:56:12', null, null, 'C', 'CREDIT_BANK_PAYED', '2016-04-21 14:56:12', '支付宝充值', null, null, null, null);
INSERT INTO `CIFPAY_TRD_JOURNAL` VALUES ('202973101620160421162324577', '6a6eff9a5b724f0a97f7e8f4be149790', null, '50', 'THIRD_PAY', '1000001', 'C7d7f5666775f', '2016-04-21 16:23:24', null, null, 'C', 'CREDIT_BANK_PAYED', '2016-04-21 16:23:24', '支付宝充值', null, null, null, null);
INSERT INTO `CIFPAY_TRD_JOURNAL` VALUES ('209579595220160421162627158', '3313fff6794548f482f94b72bda1e44f', null, '50', 'THIRD_PAY', '1000001', 'Cd808d90acb6d', '2016-04-21 16:26:27', null, null, 'C', 'CREDIT_BANK_PAYED', '2016-04-21 16:26:27', '支付宝充值', null, null, null, null);
INSERT INTO `CIFPAY_TRD_JOURNAL` VALUES ('54152565920160421162629362', 'd84ca3da4d84494c84e493c857163ea7', null, '50', 'THIRD_PAY', '1000001', 'Ce9dd9ec203c8', '2016-04-21 16:26:29', null, null, 'C', 'CREDIT_BANK_PAYED', '2016-04-21 16:26:29', '支付宝充值', null, null, null, null);
INSERT INTO `CIFPAY_TRD_JOURNAL` VALUES ('152561793620160421162727865', '781fb504fe20436083da04df5623b2da', null, '50', 'THIRD_PAY', '1000001', 'Cb4599acdb7e7', '2016-04-21 16:27:27', null, null, 'C', 'CREDIT_BANK_PAYED', '2016-04-21 16:27:27', '支付宝充值', null, null, null, null);
INSERT INTO `CIFPAY_TRD_JOURNAL` VALUES ('95591610320160421162729316', '54fea159245447d7a232e95c581e293a', null, '50', 'THIRD_PAY', '1000001', 'Cc06b86ea6167', '2016-04-21 16:27:29', null, null, 'C', 'CREDIT_BANK_PAYED', '2016-04-21 16:27:29', '支付宝充值', null, null, null, null);
INSERT INTO `CIFPAY_TRD_JOURNAL` VALUES ('70920861520160421162821156', 'c1f0d2d430064d9fa4672d04db066889', null, '50', 'THIRD_PAY', '1000001', 'C9a7808657e06', '2016-04-21 16:28:21', null, null, 'C', 'CREDIT_BANK_PAYED', '2016-04-21 16:28:21', '支付宝充值', null, null, null, null);
INSERT INTO `CIFPAY_TRD_JOURNAL` VALUES ('76639909620160421162821567', 'bcca71a4626e4381a85347a69d83c4a6', null, '50', 'THIRD_PAY', '1000001', 'C4557af0bd5ad', '2016-04-21 16:28:21', null, null, 'C', 'CREDIT_BANK_PAYED', '2016-04-21 16:28:21', '支付宝充值', null, null, null, null);
INSERT INTO `CIFPAY_TRD_JOURNAL` VALUES ('8145378120160421162854438', '946a3d3b56294e93b69ce5e85dc378c4', null, '50', 'THIRD_PAY', '1000001', 'C02e62cf49325', '2016-04-21 16:28:54', null, null, 'C', 'CREDIT_BANK_PAYED', '2016-04-21 16:28:54', '支付宝充值', null, null, null, null);
INSERT INTO `CIFPAY_TRD_JOURNAL` VALUES ('128602463720160421162931321', 'a095dab7cc6c41cf95967e216a144d4c', null, '50', 'THIRD_PAY', '1000001', 'Cdc0f6856ac0f', '2016-04-21 16:29:31', null, null, 'C', 'CREDIT_BANK_PAYED', '2016-04-21 16:29:31', '支付宝充值', null, null, null, null);
INSERT INTO `CIFPAY_TRD_JOURNAL` VALUES ('109791574920160421162950940', '4e50dc1f9f584937b2c10a2562b53785', null, '50', 'THIRD_PAY', '1000001', 'C74403e528d35', '2016-04-21 16:29:51', null, null, 'C', 'CREDIT_BANK_PAYED', '2016-04-21 16:29:51', '支付宝充值', null, null, null, null);
INSERT INTO `CIFPAY_TRD_JOURNAL` VALUES ('128776231820160421162951829', '7457d407f19148aaab7e4a034faeba56', null, '50', 'THIRD_PAY', '1000001', 'Cbb0257249a0a', '2016-04-21 16:29:51', null, null, 'C', 'CREDIT_BANK_PAYED', '2016-04-21 16:29:51', '支付宝充值', null, null, null, null);
INSERT INTO `CIFPAY_TRD_JOURNAL` VALUES ('64409452320160421163307152', '82366ce3f64740bb8627f736048c37a5', null, '50', 'THIRD_PAY', '1000001', 'Cbf2114a0988f', '2016-04-21 16:33:07', null, null, 'C', 'CREDIT_BANK_PAYED', '2016-04-21 16:33:07', '支付宝充值', null, null, null, null);
INSERT INTO `CIFPAY_TRD_JOURNAL` VALUES ('160910409220160421164119461', '9978f90f8ed048fcb06ba927c21108f0', null, '50', 'THIRD_PAY', '1000001', 'C7fcf8dbdcb01', '2016-04-21 16:41:19', null, null, 'C', 'CREDIT_BANK_PAYED', '2016-04-21 16:41:19', '支付宝充值', null, null, null, null);
INSERT INTO `CIFPAY_TRD_JOURNAL` VALUES ('61607175920160421171402752', 'a6b149da34f44467bafc37c3b3ba6de2', null, '50', 'THIRD_PAY', '1000001', '1461229996946', '2016-04-21 17:14:02', null, null, 'C', 'CREDIT_BANK_PAYED', '2016-04-21 17:14:02', '支付宝充值', null, null, null, null);
INSERT INTO `CIFPAY_TRD_JOURNAL` VALUES ('139590069320160421171841721', '440c6b6c4e6f475a941e95276e517f27', null, '50', 'THIRD_PAY', '1000001', '20160421171843508873', '2016-04-21 17:18:41', null, null, 'C', 'CREDIT_BANK_PAYED', '2016-04-21 17:18:41', '支付宝充值', null, null, null, null);
INSERT INTO `CIFPAY_TRD_JOURNAL` VALUES ('36241907520160421173823457', '5ed125ca84024e4591bc9d7708d818b0', null, '50', 'THIRD_PAY', '1000001', '20160421173827313493', '2016-04-21 17:38:23', null, null, 'C', 'CREDIT_BANK_PAYED', '2016-04-21 17:38:23', '支付宝充值', null, null, null, null);
INSERT INTO `CIFPAY_TRD_JOURNAL` VALUES ('87348774420160421210047869', '91efba94354c49a6ae6c3bd42abff8c0', null, '50', 'THIRD_PAY', '1000001', 'Cd87eee912c49', '2016-04-21 21:00:47', null, null, 'C', 'CREDIT_BANK_PAYED', '2016-04-21 21:00:47', '支付宝充值', null, null, null, null);
INSERT INTO `CIFPAY_TRD_JOURNAL` VALUES ('179967343220160421210107573', '3628517fa2204f14a7c89c0bdb76659f', null, '50', 'THIRD_PAY', '1000001', 'Cb6ba55cbb8c3', '2016-04-21 21:01:07', null, null, 'C', 'CREDIT_BANK_PAYED', '2016-04-21 21:01:07', '支付宝充值', null, null, null, null);
INSERT INTO `CIFPAY_TRD_JOURNAL` VALUES ('162802185220160421210345860', '5419b0b11efb4a4099fe1bc53061ffd1', null, '50', 'THIRD_PAY', '1000001', 'C7ed63d6ff2f7', '2016-04-21 21:03:45', null, null, 'C', 'CREDIT_BANK_PAYED', '2016-04-21 21:03:45', '支付宝充值', null, null, null, null);
INSERT INTO `CIFPAY_TRD_JOURNAL` VALUES ('212250272320160421210407198', 'cd17ab99dac04958a730880d357a262d', null, '50', 'THIRD_PAY', '1000001', 'C7d954d77a7b0', '2016-04-21 21:04:07', null, null, 'C', 'CREDIT_BANK_PAYED', '2016-04-21 21:04:07', '支付宝充值', null, null, null, null);
INSERT INTO `CIFPAY_TRD_JOURNAL` VALUES ('40848164220160421210419149', '12b2920bf54e442b91a7296a04b9b122', null, '50', 'THIRD_PAY', '1000001', 'Cef65630662e1', '2016-04-21 21:04:19', null, null, 'C', 'CREDIT_BANK_PAYED', '2016-04-21 21:04:19', '支付宝充值', null, null, null, null);
INSERT INTO `CIFPAY_TRD_JOURNAL` VALUES ('4159501920160421210639126', 'ae381979ecb8415aad707999fc6f100a', null, '50', 'THIRD_PAY', '1000001', 'C10d08ea6b27a', '2016-04-21 21:06:39', null, null, 'C', 'CREDIT_BANK_PAYED', '2016-04-21 21:06:39', '支付宝充值', null, null, null, null);
INSERT INTO `CIFPAY_TRD_JOURNAL` VALUES ('17437668342016042121102624', 'd75f9476ed8d463285bb9e02f49b8e92', null, '50', 'THIRD_PAY', '1000001', 'C1604980d1389', '2016-04-21 21:10:26', null, null, 'C', 'CREDIT_BANK_PAYED', '2016-04-21 21:10:26', '支付宝充值', null, null, null, null);
INSERT INTO `CIFPAY_TRD_JOURNAL` VALUES ('21303977292016042213310265', '3986150381322240', null, '30', 'BANK_DIRECT', '1000001', 'W1461293895444', '2016-04-22 13:31:02', 'D0087', '企业签名时间与工行服务器时间间隔过长!', 'F', 'CREDIT_BANK_PAYED', '2016-04-22 13:31:04', '银企直联提现', '银行交易流水号:', null, null, null);
INSERT INTO `CIFPAY_TRD_JOURNAL` VALUES ('1279313382201604221331201', '3986224704389120', null, '30', 'BANK_DIRECT', '1000001', 'W1461293895444', '2016-04-22 13:31:20', 'D0087', '企业签名时间与工行服务器时间间隔过长!', 'F', 'CREDIT_BANK_PAYED', '2016-04-22 13:31:21', '银企直联提现', '银行交易流水号:', null, null, null);
INSERT INTO `CIFPAY_TRD_JOURNAL` VALUES ('14415948572016042213314336', '3986322637193216', null, '30', 'BANK_DIRECT', '1000001', 'W1461293895444', '2016-04-22 13:31:43', 'D0087', '企业签名时间与工行服务器时间间隔过长!', 'F', 'CREDIT_BANK_PAYED', '2016-04-22 13:31:44', '银企直联提现', '银行交易流水号:', null, null, null);
INSERT INTO `CIFPAY_TRD_JOURNAL` VALUES ('14628149262016042213362618', '3987508496957440', null, '30', 'BANK_DIRECT', '1000001', 'W1461293895444', '2016-04-22 13:36:26', 'D0087', '企业签名时间与工行服务器时间间隔过长!', 'F', 'CREDIT_BANK_PAYED', '2016-04-22 13:36:28', '银企直联提现', '银行交易流水号:', null, null, null);
INSERT INTO `CIFPAY_TRD_JOURNAL` VALUES ('20890172462016042213371623', '3987719457865728', null, '30', 'BANK_DIRECT', '1000001', 'W1461293895444', '2016-04-22 13:37:16', '7', '成功', 'S', 'CREDIT_BANK_PAYED', '2016-04-22 13:37:26', '银企直联提现', '银行交易流水号:CMM595616882', null, null, null);
INSERT INTO `CIFPAY_TRD_JOURNAL` VALUES ('10177605142016042213484538', '3990609727586304', null, '30', 'BANK_DIRECT', '1000001', 'W1461304094236', '2016-04-22 13:48:45', '7', '成功', 'S', 'CREDIT_BANK_PAYED', '2016-04-22 13:48:55', '银企直联提现', '银行交易流水号:CMM595616883', null, null, null);
INSERT INTO `CIFPAY_TRD_JOURNAL` VALUES ('20768759212016042213584897', '3993141313011712', null, '30', 'BANK_DIRECT', '1000001', 'W1461304710608', '2016-04-22 13:58:49', '7', '成功', 'S', 'CREDIT_BANK_PAYED', '2016-04-22 13:58:58', '银企直联提现', '银行交易流水号:CMM595616886', null, null, null);
INSERT INTO `CIFPAY_TRD_JOURNAL` VALUES ('80104397720160429182503665', '6596859351007232', null, '30', 'BANK_DIRECT', '1000001', 'W1461925486587', '2016-04-29 18:25:03', null, null, 'C', 'CREDIT_BANK_PAYED', '2016-04-29 18:25:03', '银企直联提现', null, null, null, null);
INSERT INTO `CIFPAY_TRD_JOURNAL` VALUES ('14598395102016050410313789', '8289656818892800', null, '30', 'BANK_DIRECT', '1000001', 'W1462329078429', '2016-05-04 10:31:37', 'D0087', '企业签名时间与工行服务器时间间隔过长!', 'F', 'CREDIT_BANK_PAYED', '2016-05-04 10:31:39', '银企直联提现', '银行交易流水号:', null, null, null);
INSERT INTO `CIFPAY_TRD_JOURNAL` VALUES ('17079797122016050410322047', '8289835613683712', null, '30', 'BANK_DIRECT', '1000001', 'W1462329078429', '2016-05-04 10:32:20', '6', '对方账号长度非法', 'F', 'CREDIT_BANK_PAYED', '2016-05-04 10:32:21', '银企直联提现', '银行交易流水号:CMM596196883', null, null, null);
INSERT INTO `CIFPAY_TRD_JOURNAL` VALUES ('15586713452016050410351719', '8290576873029632', null, '30', 'BANK_DIRECT', '1000001', 'W1462329267916', '2016-05-04 10:35:17', '6', 'DS操作失败', 'F', 'CREDIT_BANK_PAYED', '2016-05-04 10:35:20', '银企直联提现', '银行交易流水号:CMM596196884', null, null, null);
INSERT INTO `CIFPAY_TRD_JOURNAL` VALUES ('10457266592016050410355438', '8290732947275776', null, '30', 'BANK_DIRECT', '1000001', 'W1462329267916', '2016-05-04 10:35:54', '6', 'DS操作失败', 'F', 'CREDIT_BANK_PAYED', '2016-05-04 10:35:55', '银企直联提现', '银行交易流水号:CMM596196885', null, null, null);
INSERT INTO `CIFPAY_TRD_JOURNAL` VALUES ('62157077720160504103641221', '8290929307811840', null, '30', 'BANK_DIRECT', '1000001', 'W1462329078429', '2016-05-04 10:36:41', '6', '对方账号长度非法', 'F', 'CREDIT_BANK_PAYED', '2016-05-04 10:36:41', '银企直联提现', '银行交易流水号:CMM596196886', null, null, null);
INSERT INTO `CIFPAY_TRD_JOURNAL` VALUES ('20154029020160504113249843', '8305058101854208', null, '30', 'BANK_DIRECT', '1000001', 'W1462332705395', '2016-05-04 11:32:49', '7', '成功', 'S', 'CREDIT_BANK_PAYED', '2016-05-04 11:32:54', '银企直联提现', '银行交易流水号:CMM596206887', null, null, null);
INSERT INTO `CIFPAY_TRD_JOURNAL` VALUES ('55067698720160504113601596', '8305862590332928', null, '30', 'BANK_DIRECT', '1000001', 'W1462332940740', '2016-05-04 11:36:01', '7', '成功', 'S', 'CREDIT_BANK_PAYED', '2016-05-04 11:36:13', '银企直联提现', '银行交易流水号:CMM596206888', null, null, null);
INSERT INTO `CIFPAY_TRD_JOURNAL` VALUES ('8331007342016053016250371', 'ICBC_20160530162503710', 'CREDIT_TO_OPEN', '1', 'tradeChnId', 'thirdId', 'orderId', '2016-05-30 16:25:03', 'ICBC', 'bankReturnMsg', 'S', 'CREDIT_TO_OPEN', '2016-05-30 16:25:03', 'remark', 'future1', 'future2', '8331007342016053016250371', 'recValidateHash');

-- ----------------------------
-- Table structure for CIFPAY_TRD_SYNC
-- ----------------------------
DROP TABLE IF EXISTS `CIFPAY_TRD_SYNC`;
CREATE TABLE `CIFPAY_TRD_SYNC` (
  `JOURNAL_NO` varchar(64) COLLATE utf8_bin NOT NULL COMMENT '银行交易流水',
  `TRADE_CHN_TYPE` varchar(2) COLLATE utf8_bin NOT NULL COMMENT '交易渠道类型',
  `TRADE_CHN_ID` varchar(15) COLLATE utf8_bin NOT NULL COMMENT '交易渠道ID',
  `LC_ID` varchar(64) COLLATE utf8_bin NOT NULL COMMENT '银信交易ID',
  `ORDER_ID` varchar(32) COLLATE utf8_bin NOT NULL COMMENT '订单号',
  `SYNC_TIME` datetime DEFAULT NULL COMMENT '交易同步时间',
  `IS_SUCCESS` char(2) COLLATE utf8_bin DEFAULT NULL COMMENT '交易是否成功',
  `BANK_STATE` varchar(32) COLLATE utf8_bin DEFAULT NULL COMMENT '银行交易状态（冻结、解冻、划款）',
  PRIMARY KEY (`JOURNAL_NO`)
) ENGINE=InnoDB DEFAULT CHARSET=utf8 COLLATE=utf8_bin;

-- ----------------------------
-- Records of CIFPAY_TRD_SYNC
-- ----------------------------
INSERT INTO `CIFPAY_TRD_SYNC` VALUES ('17383655220160316173836552', '1', 'tradeChnId', 'ICBC_20160316173836552', 'orderId', '2016-03-16 17:38:36', 'S', 'bankState');
INSERT INTO `CIFPAY_TRD_SYNC` VALUES ('17383655220160316180352401', '1', 'tradeChnId', 'ICBC_20160316173836552', 'orderId', '2016-03-16 18:03:52', 'S', 'bankState');
INSERT INTO `CIFPAY_TRD_SYNC` VALUES ('17383655220160316180503399', '1', 'tradeChnId', 'ICBC_20160316173836552', 'orderId', '2016-03-16 18:05:03', 'S', 'bankState');
INSERT INTO `CIFPAY_TRD_SYNC` VALUES ('17383655220160316180917520', '1', 'tradeChnId', 'ICBC_20160316173836552', 'orderId', '2016-03-16 18:09:17', 'S', 'bankState');
INSERT INTO `CIFPAY_TRD_SYNC` VALUES ('17383655220160316181303582', '1', 'tradeChnId', 'ICBC_20160316173836552', 'orderId', '2016-03-16 18:13:03', 'S', 'bankState');
INSERT INTO `CIFPAY_TRD_SYNC` VALUES ('17383655220160316181511352', '1', 'tradeChnId', 'ICBC_20160316173836552', 'orderId', '2016-03-16 18:15:11', 'S', 'bankState');
INSERT INTO `CIFPAY_TRD_SYNC` VALUES ('17383655220160316184149673', '1', 'tradeChnId', 'ICBC_20160316173836552', 'orderId', '2016-03-16 18:41:49', 'S', 'bankState');
INSERT INTO `CIFPAY_TRD_SYNC` VALUES ('17383655220160316200210403', '1', 'tradeChnId', 'ICBC_20160316173836552', 'orderId', '2016-03-16 20:02:10', 'S', 'bankState');
INSERT INTO `CIFPAY_TRD_SYNC` VALUES ('17383655220160317181624806', '1', 'tradeChnId', 'ICBC_20160316173836552', 'orderId', '2016-03-17 18:16:24', 'S', 'bankState');
INSERT INTO `CIFPAY_TRD_SYNC` VALUES ('17383655220160317181702543', '1', 'tradeChnId', 'ICBC_20160316173836552', 'orderId', '2016-03-17 18:17:02', 'S', 'bankState');
INSERT INTO `CIFPAY_TRD_SYNC` VALUES ('17383655220160318102203900', '1', 'tradeChnId', 'ICBC_20160316173836552', 'orderId', '2016-03-18 10:22:03', 'S', 'bankState');
INSERT INTO `CIFPAY_TRD_SYNC` VALUES ('17383655220160318103959289', '1', 'tradeChnId', 'ICBC_20160316173836552', 'orderId', '2016-03-18 10:39:59', 'S', 'bankState');
INSERT INTO `CIFPAY_TRD_SYNC` VALUES ('17383655220160318104022367', '1', 'tradeChnId', 'ICBC_20160316173836552', 'orderId', '2016-03-18 10:40:22', 'S', 'bankState');
INSERT INTO `CIFPAY_TRD_SYNC` VALUES ('17383655220160318113556479', '1', 'tradeChnId', 'ICBC_20160316173836552', 'orderId', '2016-03-18 11:35:56', 'S', 'bankState');
INSERT INTO `CIFPAY_TRD_SYNC` VALUES ('17383655220160321152511856', '1', 'tradeChnId', 'ICBC_20160316173836552', 'orderId', '2016-03-21 15:25:11', 'S', 'bankState');
INSERT INTO `CIFPAY_TRD_SYNC` VALUES ('17383655220160321191538571', '1', 'tradeChnId', 'ICBC_20160316173836552', 'orderId', '2016-03-21 19:15:38', 'S', 'bankState');
INSERT INTO `CIFPAY_TRD_SYNC` VALUES ('17383655220160401180926345', '1', 'tradeChnId', 'ICBC_20160316173836552', 'orderId', '2016-04-01 18:09:26', 'S', 'bankState');
INSERT INTO `CIFPAY_TRD_SYNC` VALUES ('17392288420160316173922884', '1', 'tradeChnId', 'ICBC_20160316173922884', 'orderId', '2016-03-16 17:39:22', 'S', 'bankState');
INSERT INTO `CIFPAY_TRD_SYNC` VALUES ('18015854420160316180158560', '1', 'tradeChnId', 'ICBC_20160316180158544', 'orderId', '2016-03-16 18:01:58', 'S', 'bankState');
INSERT INTO `CIFPAY_TRD_SYNC` VALUES ('19594267320160315195942673', '1', 'tradeChnId', 'ICBC_20160315195942673', 'orderId', '2016-03-15 19:59:42', 'S', 'bankState');
INSERT INTO `CIFPAY_TRD_SYNC` VALUES ('25235217120160401182127336', '1', 'tradeChnId', 'ICBC_20160316173836552', 'orderId', '2016-04-01 18:21:27', 'S', 'bankState');
INSERT INTO `CIFPAY_TRD_SYNC` VALUES ('25235217120160415152001948', '1', 'tradeChnId', 'ICBC_20160316173836552', 'orderId', '2016-04-15 15:20:01', 'S', 'bankState');
INSERT INTO `CIFPAY_TRD_SYNC` VALUES ('25235217120160530162503770', '1', 'tradeChnId', 'ICBC_20160316173836552', 'orderId', '2016-05-30 16:25:03', 'S', 'bankState');
INSERT INTO `CIFPAY_TRD_SYNC` VALUES ('61738365522016031618142075', '1', 'tradeChnId', 'ICBC_20160316173836552', 'orderId', '2016-03-16 18:14:20', 'S', 'bankState');

-- ----------------------------
-- Table structure for F_BANK_FILE
-- ----------------------------
DROP TABLE IF EXISTS `F_BANK_FILE`;
CREATE TABLE `F_BANK_FILE` (
  `BANK_FILE_ID` int(16) NOT NULL AUTO_INCREMENT COMMENT '对账文件主键',
  `BANK_FILE_NAME` varchar(256) COLLATE utf8_bin DEFAULT NULL COMMENT '对账文件名称',
  `BANK_FILE_DATE` varchar(10) COLLATE utf8_bin NOT NULL COMMENT '对账文件日期',
  `PAY_CONTRACT_NO` varchar(32) COLLATE utf8_bin DEFAULT NULL COMMENT '资金渠道协议号',
  `DEAL_TYPE_ID` int(8) DEFAULT NULL COMMENT '交易类型(101-收款，102-付款，103-转账，104-提现，105-充值，106-收费，107-退费)',
  `CHECK_STATUS` int(1) NOT NULL DEFAULT '0' COMMENT '对账状态0-未对账1-已对账',
  `CHECK_TIME` datetime DEFAULT NULL COMMENT '对账时间',
  `UPLOAD_STATUS` int(1) DEFAULT '0' COMMENT '上传状态',
  `UPLOAD_TIME` datetime DEFAULT NULL COMMENT '上传时间',
  `UPLOAD_USER_ID` int(16) DEFAULT NULL COMMENT '上传者ID''',
  `UPLOAD_USER` varchar(32) COLLATE utf8_bin DEFAULT NULL COMMENT '上传者',
  `ORDER_NUM` int(16) DEFAULT NULL COMMENT '笔数',
  `TOTAL_AMOUN` decimal(18,2) DEFAULT NULL COMMENT '总金额',
  `CREATED_USER_ID` int(16) DEFAULT NULL COMMENT '创建人ID',
  `CREATED_USER` varchar(32) COLLATE utf8_bin DEFAULT NULL COMMENT '创建人',
  `CREATED_TIME` datetime NOT NULL COMMENT '创建时间',
  `LAST_UPDATED_USER` varchar(32) COLLATE utf8_bin DEFAULT NULL COMMENT '最后修改人',
  `LAST_UPDATED_USER_ID` int(16) DEFAULT NULL COMMENT '最后修改人ID',
  `LAST_UPDATED_TIME` datetime DEFAULT NULL COMMENT '最后修改时间',
  `ISLOCKED` int(1) DEFAULT NULL COMMENT '删除标识',
  `VERSION` varchar(4) COLLATE utf8_bin DEFAULT NULL COMMENT '版本',
  `ORDER_NUM_CURR` int(16) DEFAULT '0' COMMENT '支付平台本期笔数',
  `ORDER_NUM_BEFORE` int(16) DEFAULT '0' COMMENT '支付平台前期笔数',
  `EQUAL_NUM` int(16) DEFAULT '0' COMMENT '对平数',
  `CPHAS_BANKNO_NUM` int(16) DEFAULT '0' COMMENT '支付平台有银行无笔数',
  `CPNO_BANKHAS_NUM` int(16) DEFAULT '0' COMMENT '支付平台无银行有笔数',
  `MONEY_DIFFER_NUM` int(16) DEFAULT '0' COMMENT '金额差错笔数',
  `HAS_DOUBT` int(16) DEFAULT '0' COMMENT '存疑笔数',
  `EXPRESSION_RESULT` int(1) DEFAULT NULL COMMENT '公式验证结果：0-符合公式 1-不符合公式',
  PRIMARY KEY (`BANK_FILE_ID`)
) ENGINE=InnoDB AUTO_INCREMENT=3 DEFAULT CHARSET=utf8 COLLATE=utf8_bin COMMENT='银行对账文件';

-- ----------------------------
-- Records of F_BANK_FILE
-- ----------------------------
INSERT INTO `F_BANK_FILE` VALUES ('1', '对账文件', '2016-05-04', '1000001', '101', '0', null, '1', '2016-05-05 10:04:15', null, null, '2', '2.00', null, null, '2016-05-05 10:04:37', null, null, '2016-05-05 10:04:47', '0', null, '0', '0', '0', '0', '0', '0', '0', null);
INSERT INTO `F_BANK_FILE` VALUES ('2', '对账文件', '2016-04-22', '1000001', '101', '1', '2016-05-27 18:15:59', '1', '2016-04-23 10:04:15', null, null, '3', '12.00', null, null, '2016-04-23 10:04:37', null, null, '2016-04-23 10:04:47', '0', null, '3', '0', '1', '0', '1', '1', '1', '0');

-- ----------------------------
-- Table structure for F_BANK_FILE_DETAIL
-- ----------------------------
DROP TABLE IF EXISTS `F_BANK_FILE_DETAIL`;
CREATE TABLE `F_BANK_FILE_DETAIL` (
  `BANK_FILE_DETAIL_ID` int(16) NOT NULL AUTO_INCREMENT,
  `BANK_FILE_ID` int(16) NOT NULL COMMENT '对账文件主键',
  `PAY_BANK` varchar(32) COLLATE utf8_bin NOT NULL COMMENT '支付银行',
  `PAY_CONTRACT_NO` varchar(32) COLLATE utf8_bin NOT NULL COMMENT '支付渠道协议号',
  `PAY_CHANNEL_TRADE_NO` varchar(64) COLLATE utf8_bin NOT NULL COMMENT '支付渠道交易号',
  `ORDER_ID` varchar(64) COLLATE utf8_bin NOT NULL COMMENT '支付平台交易号',
  `DEAL_TYPE_ID` int(16) NOT NULL COMMENT '交易类型(101-收款，102-付款，103-转账，104-提现，105-充值，106-收费，107-退费)',
  `PAY_AMOUNT` decimal(18,2) NOT NULL COMMENT '交易金额',
  `PAY_TIME` datetime NOT NULL COMMENT '交易时间',
  `PAY_STATUS` varchar(16) COLLATE utf8_bin NOT NULL COMMENT '交易状态 202-支付成功/203-支付失败',
  `PAYER` varchar(64) COLLATE utf8_bin DEFAULT NULL COMMENT '交易对方',
  `PAYER_EMAIL` varchar(64) COLLATE utf8_bin DEFAULT NULL COMMENT '交易对方EMAIL',
  `REMARK` varchar(256) COLLATE utf8_bin DEFAULT NULL COMMENT '备注',
  `CREATED_USER` varchar(16) COLLATE utf8_bin DEFAULT NULL,
  `CREATED_USER_ID` int(16) DEFAULT NULL,
  `CREATED_TIME` datetime NOT NULL,
  `LAST_UPDATED_USER` varchar(16) COLLATE utf8_bin DEFAULT NULL,
  `LAST_UPDATED_USER_ID` int(16) DEFAULT NULL,
  `LAST_UPDATED_TIME` datetime NOT NULL,
  `ISLOCKED` int(1) DEFAULT NULL COMMENT '删除标识',
  `VERSION` int(4) DEFAULT NULL COMMENT '版本',
  `CHECK_RESULT` int(16) DEFAULT NULL COMMENT '对账结果（401-对平、402-存疑、403-支付平台无银行有、404-支付平台有银行无、405-金额差错）',
  PRIMARY KEY (`BANK_FILE_DETAIL_ID`)
) ENGINE=InnoDB AUTO_INCREMENT=6 DEFAULT CHARSET=utf8 COLLATE=utf8_bin COMMENT='银行对账文件明细';

-- ----------------------------
-- Records of F_BANK_FILE_DETAIL
-- ----------------------------
INSERT INTO `F_BANK_FILE_DETAIL` VALUES ('1', '1', 'ICBC', '1000001', '20160510545154662', '8305862590332928', '101', '1.00', '2016-05-04 14:09:44', '202', null, null, null, null, null, '2016-05-05 14:22:10', null, null, '2016-05-05 14:22:23', null, null, null);
INSERT INTO `F_BANK_FILE_DETAIL` VALUES ('2', '1', 'ICBC', '1000001', '20160511844548416', '8305058101854208', '101', '1.00', '2016-05-04 14:29:55', '202', null, null, null, null, null, '2016-05-05 14:30:15', null, null, '2016-05-05 14:30:12', null, null, null);
INSERT INTO `F_BANK_FILE_DETAIL` VALUES ('3', '2', 'ICBC', '1000001', '20160510487875865', '3993141313011712', '101', '1.00', '2016-04-22 14:33:21', '202', null, null, null, null, null, '2016-04-23 14:33:46', null, null, '2016-04-23 14:33:48', null, null, '401');
INSERT INTO `F_BANK_FILE_DETAIL` VALUES ('4', '2', 'ICBC', '1000001', '20160510644415410', '3990609727586304', '101', '10.00', '2016-04-22 14:37:30', '202', null, null, null, null, null, '2016-04-23 14:37:45', null, null, '2016-04-23 14:37:48', null, null, '405');
INSERT INTO `F_BANK_FILE_DETAIL` VALUES ('5', '2', 'ICBC', '1000001', '20160422154548453', '787454562622', '101', '1.00', '2016-04-22 11:47:10', '202', null, null, null, null, null, '2016-04-23 11:47:28', null, null, '2016-04-23 11:47:45', null, null, '403');

-- ----------------------------
-- Table structure for F_CHECK_RESULT
-- ----------------------------
DROP TABLE IF EXISTS `F_CHECK_RESULT`;
CREATE TABLE `F_CHECK_RESULT` (
  `CHECK_RESULT_ID` int(16) NOT NULL AUTO_INCREMENT COMMENT '对账结果主键',
  `BANK_FILE_DETAIL_ID` int(16) DEFAULT NULL COMMENT '对账文件明细ID',
  `BD_BANK_FILE_ID` int(16) DEFAULT NULL COMMENT '对账文件ID',
  `CP_BANK_RETURN_TIME` datetime DEFAULT NULL COMMENT '银行返回支付结果时间',
  `CP_ORDER_ID` varchar(32) COLLATE utf8_bin DEFAULT NULL COMMENT '支付平台流水号',
  `CP_PAY_CONTRACT_NO` varchar(32) COLLATE utf8_bin DEFAULT NULL COMMENT '支付渠道协议号',
  `CP_DEAL_TYPE_ID` int(16) DEFAULT NULL COMMENT '交易类型（支付类型）101-收款；102-付款',
  `CP_PAY_STATUS` int(16) DEFAULT NULL COMMENT '交易状态 201-未支付； 202-交易成功；203-交易失败；204-支付中(退款中)；205-已过期；206-等待退款；207-拒绝；',
  `CP_PAY_AMOUNT` decimal(18,2) DEFAULT NULL COMMENT '支付平台交易金额',
  `CP_PAY_TIME` datetime DEFAULT NULL COMMENT '支付平台交易时间',
  `BD_TRADE_NO` varchar(64) COLLATE utf8_bin DEFAULT NULL COMMENT '支付渠道交易号',
  `BD_BANK_AMOUNT` decimal(18,2) DEFAULT NULL COMMENT '支付渠道交易金额',
  `BD_PAY_TIME` datetime DEFAULT NULL COMMENT '支付渠道交易时间',
  `BD_BANK_FILE_DATE` varchar(10) COLLATE utf8_bin DEFAULT NULL COMMENT '对账文件日期',
  `DIFFERENCE_AMOUNT` decimal(18,2) DEFAULT NULL COMMENT '差额=支付渠道订单金额-支付平台订单金额',
  `DIFFERENCE_TIME` datetime NOT NULL COMMENT '差异日期（对账日期）',
  `DIFFERENCE_TYPE` int(16) NOT NULL COMMENT '差异类型（401-对平、402-存疑、403-支付平台无银行有、404-支付平台有银行无、405-金额差错）',
  `CHECK_MISTAKE_NO` varchar(32) COLLATE utf8_bin DEFAULT NULL COMMENT '差错流水号',
  `IF_BANK_RETURN` int(1) DEFAULT NULL,
  `DEAL_STATUS` int(1) DEFAULT '0' COMMENT '差错处理状态0-未处理1-已处理 2-处理中',
  `DEAL_TIME` datetime DEFAULT NULL COMMENT '差错处理时间',
  `CREATED_USER` varchar(16) COLLATE utf8_bin DEFAULT NULL,
  `CREATED_USER_ID` int(16) DEFAULT NULL,
  `CREATED_TIME` datetime DEFAULT NULL,
  `LAST_UPDATED_USER` varchar(32) COLLATE utf8_bin DEFAULT NULL,
  `LAST_UPDATEDBY_USER_ID` int(16) DEFAULT NULL,
  `LAST_UPDATED_TIME` datetime DEFAULT NULL,
  `ISLOCKED` int(1) DEFAULT NULL,
  `VERSION` int(4) DEFAULT NULL,
  PRIMARY KEY (`CHECK_RESULT_ID`)
) ENGINE=InnoDB AUTO_INCREMENT=24 DEFAULT CHARSET=utf8 COLLATE=utf8_bin COMMENT='资金对账结果';

-- ----------------------------
-- Records of F_CHECK_RESULT
-- ----------------------------
INSERT INTO `F_CHECK_RESULT` VALUES ('22', '5', '2', null, '787454562622', '1000001', null, null, null, null, '20160422154548453', '1.00', '2016-04-22 11:47:10', '2016-04-22', '1.00', '2016-05-27 18:15:58', '403', null, null, '0', null, null, null, null, null, null, null, null, null);
INSERT INTO `F_CHECK_RESULT` VALUES ('23', '4', '2', '2016-04-22 13:48:55', '3990609727586304', null, null, '70', '1.00', '2016-04-22 13:48:55', '20160510644415410', '10.00', '2016-04-22 14:37:30', '2016-04-22', '9.00', '2016-05-27 18:15:59', '405', null, null, '0', null, null, null, null, null, null, null, null, null);

-- ----------------------------
-- Table structure for tb_log_info
-- ----------------------------
DROP TABLE IF EXISTS `tb_log_info`;
CREATE TABLE `tb_log_info` (
  `l_id` bigint(20) NOT NULL AUTO_INCREMENT,
  `u_id` bigint(20) NOT NULL,
  `l_account_name` varchar(100) DEFAULT NULL,
  `l_operation` varchar(255) DEFAULT NULL COMMENT '用户所做的操作',
  `l_content` varchar(1000) DEFAULT NULL COMMENT '日志内容',
  `l_create_time` timestamp NULL DEFAULT CURRENT_TIMESTAMP ON UPDATE CURRENT_TIMESTAMP COMMENT '创建日期',
  PRIMARY KEY (`l_id`)
) ENGINE=InnoDB AUTO_INCREMENT=17 DEFAULT CHARSET=utf8;

-- ----------------------------
-- Records of tb_log_info
-- ----------------------------

-- ----------------------------
-- Table structure for tb_login_info
-- ----------------------------
DROP TABLE IF EXISTS `tb_login_info`;
CREATE TABLE `tb_login_info` (
  `l_id` int(11) NOT NULL AUTO_INCREMENT,
  `u_id` int(11) DEFAULT NULL,
  `u_account_name` varchar(255) DEFAULT NULL,
  `l_ip` varchar(255) DEFAULT NULL,
  `l_login_time` timestamp NULL DEFAULT CURRENT_TIMESTAMP ON UPDATE CURRENT_TIMESTAMP,
  PRIMARY KEY (`l_id`)
) ENGINE=InnoDB AUTO_INCREMENT=48 DEFAULT CHARSET=utf8;

-- ----------------------------
-- Records of tb_login_info
-- ----------------------------
INSERT INTO `tb_login_info` VALUES ('1', '4', 'admin@webside.com', '0:0:0:0:0:0:0:1', '2016-07-12 14:38:24');
INSERT INTO `tb_login_info` VALUES ('2', '4', 'admin@webside.com', '192.168.51.158', '2016-07-12 14:42:21');
INSERT INTO `tb_login_info` VALUES ('3', '4', 'admin@webside.com', '192.168.51.156', '2016-07-12 16:36:40');
INSERT INTO `tb_login_info` VALUES ('4', '4', 'admin@webside.com', '192.168.51.156', '2016-07-13 16:38:39');
INSERT INTO `tb_login_info` VALUES ('5', '4', 'admin@webside.com', '192.168.51.156', '2016-07-13 17:32:11');
INSERT INTO `tb_login_info` VALUES ('6', '4', 'admin@webside.com', '192.168.51.156', '2016-07-13 17:36:22');
INSERT INTO `tb_login_info` VALUES ('7', '4', 'admin@webside.com', '192.168.51.156', '2016-07-13 17:38:20');
INSERT INTO `tb_login_info` VALUES ('8', '4', 'admin@webside.com', '192.168.51.156', '2016-07-13 17:41:24');
INSERT INTO `tb_login_info` VALUES ('9', '4', 'admin@webside.com', '192.168.51.156', '2016-07-13 17:50:54');
INSERT INTO `tb_login_info` VALUES ('10', '4', 'admin@webside.com', '192.168.51.156', '2016-07-13 17:53:53');
INSERT INTO `tb_login_info` VALUES ('11', '4', 'admin@webside.com', '192.168.51.156', '2016-07-13 17:55:27');
INSERT INTO `tb_login_info` VALUES ('12', '4', 'admin@webside.com', '192.168.51.156', '2016-07-13 18:09:39');
INSERT INTO `tb_login_info` VALUES ('13', '4', 'admin@webside.com', '192.168.51.156', '2016-07-14 09:20:17');
INSERT INTO `tb_login_info` VALUES ('14', '4', 'admin@webside.com', '192.168.51.156', '2016-07-14 09:26:19');
INSERT INTO `tb_login_info` VALUES ('15', '4', 'admin@webside.com', '192.168.51.156', '2016-07-14 09:29:37');
INSERT INTO `tb_login_info` VALUES ('16', '4', 'admin@webside.com', '192.168.51.156', '2016-07-14 09:31:09');
INSERT INTO `tb_login_info` VALUES ('17', '22', 'fanzhihui_2014@sina.com', '192.168.51.156', '2016-07-14 10:10:12');
INSERT INTO `tb_login_info` VALUES ('18', '4', 'admin@webside.com', '192.168.51.156', '2016-07-14 10:12:35');
INSERT INTO `tb_login_info` VALUES ('19', '22', 'fanzhihui_2014@sina.com', '192.168.51.156', '2016-07-14 10:17:02');
INSERT INTO `tb_login_info` VALUES ('20', '4', 'admin@webside.com', '192.168.51.156', '2016-07-14 10:17:45');
INSERT INTO `tb_login_info` VALUES ('21', '22', 'fanzhihui_2014@sina.com', '192.168.51.156', '2016-07-14 10:20:47');
INSERT INTO `tb_login_info` VALUES ('22', '4', 'admin@webside.com', '192.168.51.156', '2016-07-14 10:29:21');
INSERT INTO `tb_login_info` VALUES ('23', '4', 'admin@webside.com', '192.168.51.156', '2016-07-14 10:33:04');
INSERT INTO `tb_login_info` VALUES ('24', '22', 'fanzhihui_2014@sina.com', '192.168.51.156', '2016-07-14 10:33:38');
INSERT INTO `tb_login_info` VALUES ('25', '4', 'admin@webside.com', '192.168.51.156', '2016-07-14 10:34:42');
INSERT INTO `tb_login_info` VALUES ('26', '4', 'admin@webside.com', '192.168.51.156', '2016-07-14 11:03:40');
INSERT INTO `tb_login_info` VALUES ('27', '22', 'fanzhihui_2014@sina.com', '192.168.51.156', '2016-07-14 11:17:48');
INSERT INTO `tb_login_info` VALUES ('28', '4', 'admin@webside.com', '192.168.51.156', '2016-07-14 11:29:00');
INSERT INTO `tb_login_info` VALUES ('29', '23', 'fanzhihui@cifpay.com', '192.168.51.156', '2016-07-14 11:42:28');
INSERT INTO `tb_login_info` VALUES ('30', '4', 'admin@webside.com', '192.168.51.156', '2016-07-14 16:35:43');
INSERT INTO `tb_login_info` VALUES ('31', '4', 'admin@webside.com', '192.168.51.156', '2016-07-14 16:36:10');
INSERT INTO `tb_login_info` VALUES ('32', '4', 'admin@webside.com', '192.168.51.156', '2016-07-14 17:01:17');
INSERT INTO `tb_login_info` VALUES ('33', '4', 'admin@webside.com', '192.168.51.156', '2016-07-14 17:03:01');
INSERT INTO `tb_login_info` VALUES ('34', '4', 'admin@webside.com', '192.168.51.156', '2016-07-14 18:04:42');
INSERT INTO `tb_login_info` VALUES ('35', '4', 'admin@webside.com', '0:0:0:0:0:0:0:1', '2016-07-18 09:27:35');
INSERT INTO `tb_login_info` VALUES ('36', '4', 'admin@webside.com', '0:0:0:0:0:0:0:1', '2016-07-18 09:29:16');
INSERT INTO `tb_login_info` VALUES ('37', '4', 'admin@webside.com', '0:0:0:0:0:0:0:1', '2016-07-18 15:23:01');
INSERT INTO `tb_login_info` VALUES ('38', '4', 'admin@webside.com', '0:0:0:0:0:0:0:1', '2016-07-18 18:15:17');
INSERT INTO `tb_login_info` VALUES ('39', '4', 'admin@webside.com', '0:0:0:0:0:0:0:1', '2016-07-18 18:26:19');
INSERT INTO `tb_login_info` VALUES ('40', '4', 'admin@webside.com', '192.168.51.156', '2016-07-19 09:59:20');
INSERT INTO `tb_login_info` VALUES ('41', '4', 'admin@webside.com', '192.168.51.156', '2016-07-19 10:02:24');
INSERT INTO `tb_login_info` VALUES ('42', '4', 'admin@webside.com', '0:0:0:0:0:0:0:1', '2016-07-19 10:04:41');
INSERT INTO `tb_login_info` VALUES ('43', '4', 'admin@webside.com', '0:0:0:0:0:0:0:1', '2016-07-19 10:10:43');
INSERT INTO `tb_login_info` VALUES ('44', '4', 'admin@webside.com', '192.168.51.156', '2016-07-19 10:47:14');
INSERT INTO `tb_login_info` VALUES ('45', '4', 'admin@webside.com', '0:0:0:0:0:0:0:1', '2016-07-19 10:54:14');
INSERT INTO `tb_login_info` VALUES ('46', '4', 'admin@webside.com', '0:0:0:0:0:0:0:1', '2016-07-19 10:54:58');
INSERT INTO `tb_login_info` VALUES ('47', '4', 'admin@webside.com', '0:0:0:0:0:0:0:1', '2016-07-19 10:57:46');

-- ----------------------------
-- Table structure for tb_resource
-- ----------------------------
DROP TABLE IF EXISTS `tb_resource`;
CREATE TABLE `tb_resource` (
  `s_id` int(11) NOT NULL AUTO_INCREMENT COMMENT '资源id',
  `s_parent_id` int(11) DEFAULT NULL COMMENT '资源父id',
  `s_name` varchar(100) NOT NULL COMMENT '资源名称',
  `s_source_key` varchar(100) NOT NULL COMMENT '资源唯一标识',
  `s_type` int(11) NOT NULL COMMENT '资源类型,0:目录;1:菜单;2:按钮',
  `s_source_url` varchar(500) DEFAULT NULL COMMENT '资源url',
  `s_level` int(11) DEFAULT NULL COMMENT '层级',
  `s_icon` varchar(100) DEFAULT '' COMMENT '图标',
  `s_is_hide` int(11) DEFAULT '0' COMMENT '是否隐藏',
  `s_description` varchar(100) DEFAULT NULL COMMENT '描述',
  `s_create_time` datetime DEFAULT NULL COMMENT '创建时间',
  `s_update_time` timestamp NOT NULL DEFAULT CURRENT_TIMESTAMP ON UPDATE CURRENT_TIMESTAMP COMMENT '更新时间',
  PRIMARY KEY (`s_id`)
) ENGINE=InnoDB AUTO_INCREMENT=23 DEFAULT CHARSET=utf8 COMMENT='资源表';

-- ----------------------------
-- Records of tb_resource
-- ----------------------------
INSERT INTO `tb_resource` VALUES ('1', null, '控制台', 'desktop', '0', '/welcome.jsp', '1', 'fa fa-tachometer', '0', '控制台', '2016-01-12 17:08:55', '2016-02-25 14:07:48');
INSERT INTO `tb_resource` VALUES ('2', null, '系统基础管理', 'system', '0', '', '1', 'fa fa-list', '0', '系统基础管理', '2016-01-05 12:11:12', '2016-02-25 14:07:48');
INSERT INTO `tb_resource` VALUES ('3', '2', '用户管理', 'system:user', '0', '/user/listUI.html', '2', '', '0', '用户管理', '2016-01-08 12:37:10', '2016-02-25 14:07:48');
INSERT INTO `tb_resource` VALUES ('4', '2', '角色管理', 'system:role', '0', '/role/listUI.html', '2', '', '0', '角色管理', '2016-01-11 22:51:07', '2016-02-25 14:07:48');
INSERT INTO `tb_resource` VALUES ('5', '2', '资源管理', 'system:resource', '0', '/resource/listUI.html', '2', '', '0', '资源管理', '2016-01-11 22:51:55', '2016-02-25 14:07:48');
INSERT INTO `tb_resource` VALUES ('6', null, '系统监控管理', 'monitor', '0', '', '1', 'fa fa-pencil-square-o', '0', '系统监控管理', '2016-01-05 12:11:12', '2016-02-25 14:07:48');
INSERT INTO `tb_resource` VALUES ('7', '6', 'Sirona监控', 'monitor:sirona', '0', '/sirona', '2', '', '0', 'Sirona监控', '2016-01-05 12:11:12', '2016-02-25 14:07:48');
INSERT INTO `tb_resource` VALUES ('8', '6', 'Druid监控', 'monitor:druid', '0', '/druid', '2', '', '0', 'Druid监控', '2016-01-11 22:45:27', '2016-02-25 14:07:48');
INSERT INTO `tb_resource` VALUES ('9', null, '日志信息管理', 'logininfo', '0', '', '1', 'fa fa-tag', '0', '日志信息管理', '2016-01-11 22:46:39', '2016-02-25 14:07:48');
INSERT INTO `tb_resource` VALUES ('10', '9', '用户登录信息', 'logininfo:userLogin', '0', '/loginInfo/listUI.html', '2', '', '0', '用户登录信息', '2016-01-11 22:47:41', '2016-02-25 14:07:48');
INSERT INTO `tb_resource` VALUES ('11', '3', '添加', 'user:add', '1', '/user/add.html', '3', '', '0', '添加用户', '2016-01-22 00:18:40', '2016-02-25 14:07:48');
INSERT INTO `tb_resource` VALUES ('12', '3', '编辑', 'user:edit', '1', '/user/edit.html', '3', '', '0', '编辑用户', '2016-01-22 00:18:40', '2016-02-25 14:07:48');
INSERT INTO `tb_resource` VALUES ('13', '3', '删除', 'user:deleteBatch', '1', '/user/deleteBatch.html', null, null, '0', '删除用户', '2016-02-05 15:26:32', '2016-02-25 14:07:48');
INSERT INTO `tb_resource` VALUES ('14', '3', '重置密码', 'user:resetPassword', '1', '/user/resetPassword.html', null, null, '0', '重置密码', '2016-02-27 23:55:13', '2016-02-25 14:07:48');
INSERT INTO `tb_resource` VALUES ('15', '4', '添加', 'role:add', '1', '/role/add.html', null, null, '0', '添加', '2016-02-27 23:56:52', '2016-02-25 14:07:48');
INSERT INTO `tb_resource` VALUES ('16', '4', '编辑', 'role:edit', '1', '/role/edit.html', null, null, '0', '编辑', '2016-02-27 23:57:35', '2016-02-25 14:07:48');
INSERT INTO `tb_resource` VALUES ('17', '4', '删除', 'role:deleteBatch', '1', '/role/deleteBatch.html ', null, null, '0', '删除', '2016-02-27 23:58:02', '2016-02-25 14:07:48');
INSERT INTO `tb_resource` VALUES ('18', '4', '分配权限', 'role:permission', '1', '/role/permission.html', null, null, '0', '分配权限', '2016-02-27 23:59:20', '2016-02-25 14:07:48');
INSERT INTO `tb_resource` VALUES ('19', '5', '添加', 'resource:add', '1', '/resource/add.html', null, null, '0', '添加', '2016-02-28 00:01:15', '2016-02-25 14:07:48');
INSERT INTO `tb_resource` VALUES ('20', '5', '编辑', 'resource:edit', '1', '/resource/edit.html', null, null, '0', '编辑', '2016-02-28 00:02:01', '2016-02-25 14:07:48');
INSERT INTO `tb_resource` VALUES ('21', '5', '删除', 'resource:deleteBatch', '1', '/resource/deleteBatch.html', null, null, '0', '删除', '2016-02-28 00:03:03', '2016-02-25 14:07:48');
INSERT INTO `tb_resource` VALUES ('22', '9', '用户操作信息', 'loginfo:userOperation', '0', '/logInfo/listUI.html', null, '', '0', '用户操作信息', '2016-03-08 22:00:36', '2016-02-25 14:07:48');

-- ----------------------------
-- Table structure for tb_resources_role
-- ----------------------------
DROP TABLE IF EXISTS `tb_resources_role`;
CREATE TABLE `tb_resources_role` (
  `id` int(11) NOT NULL AUTO_INCREMENT,
  `s_id` int(11) DEFAULT NULL COMMENT '资源id',
  `r_id` int(11) DEFAULT NULL COMMENT '角色id',
  `t_create_time` datetime DEFAULT NULL COMMENT '创建时间',
  PRIMARY KEY (`id`),
  KEY `FK_r_resource_role` (`s_id`),
  KEY `FK_r_role_resource` (`r_id`),
  CONSTRAINT `FK_r_resource_role` FOREIGN KEY (`s_id`) REFERENCES `tb_resource` (`s_id`),
  CONSTRAINT `FK_r_role_resource` FOREIGN KEY (`r_id`) REFERENCES `tb_role` (`r_id`)
) ENGINE=InnoDB AUTO_INCREMENT=352 DEFAULT CHARSET=utf8 COMMENT='角色权限映射表';

-- ----------------------------
-- Records of tb_resources_role
-- ----------------------------
INSERT INTO `tb_resources_role` VALUES ('293', '3', '1', '2016-04-18 23:53:47');
INSERT INTO `tb_resources_role` VALUES ('294', '2', '1', '2016-04-18 23:53:47');
INSERT INTO `tb_resources_role` VALUES ('295', '4', '1', '2016-04-18 23:53:47');
INSERT INTO `tb_resources_role` VALUES ('296', '5', '1', '2016-04-18 23:53:47');
INSERT INTO `tb_resources_role` VALUES ('297', '6', '1', '2016-04-18 23:53:47');
INSERT INTO `tb_resources_role` VALUES ('298', '9', '1', '2016-04-18 23:53:47');
INSERT INTO `tb_resources_role` VALUES ('299', '11', '1', '2016-04-18 23:53:47');
INSERT INTO `tb_resources_role` VALUES ('300', '12', '1', '2016-04-18 23:53:47');
INSERT INTO `tb_resources_role` VALUES ('301', '13', '1', '2016-04-18 23:53:47');
INSERT INTO `tb_resources_role` VALUES ('302', '14', '1', '2016-04-18 23:53:47');
INSERT INTO `tb_resources_role` VALUES ('303', '15', '1', '2016-04-18 23:53:47');
INSERT INTO `tb_resources_role` VALUES ('304', '16', '1', '2016-04-18 23:53:47');
INSERT INTO `tb_resources_role` VALUES ('305', '17', '1', '2016-04-18 23:53:47');
INSERT INTO `tb_resources_role` VALUES ('306', '18', '1', '2016-04-18 23:53:47');
INSERT INTO `tb_resources_role` VALUES ('307', '19', '1', '2016-04-18 23:53:47');
INSERT INTO `tb_resources_role` VALUES ('308', '20', '1', '2016-04-18 23:53:47');
INSERT INTO `tb_resources_role` VALUES ('309', '21', '1', '2016-04-18 23:53:47');
INSERT INTO `tb_resources_role` VALUES ('310', '7', '1', '2016-04-18 23:53:47');
INSERT INTO `tb_resources_role` VALUES ('311', '8', '1', '2016-04-18 23:53:47');
INSERT INTO `tb_resources_role` VALUES ('312', '10', '1', '2016-04-18 23:53:47');
INSERT INTO `tb_resources_role` VALUES ('313', '22', '1', '2016-04-18 23:53:47');
INSERT INTO `tb_resources_role` VALUES ('314', '1', '1', '2016-04-18 23:53:47');
INSERT INTO `tb_resources_role` VALUES ('315', '3', '3', '2016-07-12 14:43:26');
INSERT INTO `tb_resources_role` VALUES ('316', '2', '3', '2016-07-12 14:43:26');
INSERT INTO `tb_resources_role` VALUES ('317', '4', '3', '2016-07-12 14:43:26');
INSERT INTO `tb_resources_role` VALUES ('318', '1', '3', '2016-07-12 14:43:26');
INSERT INTO `tb_resources_role` VALUES ('319', '12', '3', '2016-07-12 14:43:26');
INSERT INTO `tb_resources_role` VALUES ('320', '13', '3', '2016-07-12 14:43:26');
INSERT INTO `tb_resources_role` VALUES ('321', '18', '3', '2016-07-12 14:43:26');
INSERT INTO `tb_resources_role` VALUES ('322', '17', '3', '2016-07-12 14:43:26');
INSERT INTO `tb_resources_role` VALUES ('342', '3', '2', '2016-07-14 10:29:49');
INSERT INTO `tb_resources_role` VALUES ('343', '2', '2', '2016-07-14 10:29:49');
INSERT INTO `tb_resources_role` VALUES ('344', '9', '2', '2016-07-14 10:29:49');
INSERT INTO `tb_resources_role` VALUES ('345', '1', '2', '2016-07-14 10:29:49');
INSERT INTO `tb_resources_role` VALUES ('346', '11', '2', '2016-07-14 10:29:49');
INSERT INTO `tb_resources_role` VALUES ('347', '12', '2', '2016-07-14 10:29:49');
INSERT INTO `tb_resources_role` VALUES ('348', '13', '2', '2016-07-14 10:29:49');
INSERT INTO `tb_resources_role` VALUES ('349', '14', '2', '2016-07-14 10:29:49');
INSERT INTO `tb_resources_role` VALUES ('350', '10', '2', '2016-07-14 10:29:49');
INSERT INTO `tb_resources_role` VALUES ('351', '22', '2', '2016-07-14 10:29:49');

-- ----------------------------
-- Table structure for tb_role
-- ----------------------------
DROP TABLE IF EXISTS `tb_role`;
CREATE TABLE `tb_role` (
  `r_id` int(11) NOT NULL AUTO_INCREMENT COMMENT '角色id',
  `r_name` varchar(50) NOT NULL COMMENT '角色名称',
  `r_key` varchar(50) NOT NULL COMMENT '角色key',
  `r_status` int(11) DEFAULT '0' COMMENT '角色状态,0：正常；1：删除',
  `r_description` varchar(100) DEFAULT NULL COMMENT '角色描述',
  `r_create_time` datetime DEFAULT NULL COMMENT '创建时间',
  `r_update_time` timestamp NOT NULL DEFAULT CURRENT_TIMESTAMP ON UPDATE CURRENT_TIMESTAMP COMMENT '更新时间',
  PRIMARY KEY (`r_id`)
) ENGINE=InnoDB AUTO_INCREMENT=4 DEFAULT CHARSET=utf8 COMMENT='角色表';

-- ----------------------------
-- Records of tb_role
-- ----------------------------
INSERT INTO `tb_role` VALUES ('1', '超级管理员', 'administrator', '0', '超级管理员', '2016-01-05 12:07:42', '2016-02-27 22:30:15');
INSERT INTO `tb_role` VALUES ('2', '管理员', 'admin', '0', '管理员', '2016-01-05 12:07:42', '2016-02-27 22:30:22');
INSERT INTO `tb_role` VALUES ('3', '普通用户', 'customer', '0', '普通用户', '2016-02-28 17:09:40', '2016-03-08 22:55:36');

-- ----------------------------
-- Table structure for tb_role_user
-- ----------------------------
DROP TABLE IF EXISTS `tb_role_user`;
CREATE TABLE `tb_role_user` (
  `id` int(11) NOT NULL AUTO_INCREMENT,
  `r_id` int(11) DEFAULT NULL COMMENT '角色id',
  `u_id` int(11) DEFAULT NULL COMMENT '用户id',
  `t_create_time` datetime DEFAULT NULL COMMENT '创建时间',
  PRIMARY KEY (`id`),
  KEY `FK_r_role_user` (`r_id`),
  KEY `FK_r_user_role` (`u_id`),
  CONSTRAINT `FK_r_role_user` FOREIGN KEY (`r_id`) REFERENCES `tb_role` (`r_id`),
  CONSTRAINT `FK_r_user_role` FOREIGN KEY (`u_id`) REFERENCES `tb_user` (`u_id`)
) ENGINE=InnoDB AUTO_INCREMENT=21 DEFAULT CHARSET=utf8 COMMENT='用户角色映射表';

-- ----------------------------
-- Records of tb_role_user
-- ----------------------------
INSERT INTO `tb_role_user` VALUES ('1', '1', '4', '2016-01-05 12:07:15');
INSERT INTO `tb_role_user` VALUES ('5', '2', '9', '2016-02-28 17:40:08');
INSERT INTO `tb_role_user` VALUES ('6', '3', '10', '2016-02-28 20:10:05');
INSERT INTO `tb_role_user` VALUES ('12', '3', '16', '2016-04-01 16:50:45');
INSERT INTO `tb_role_user` VALUES ('18', '2', '22', '2016-07-14 10:08:01');
INSERT INTO `tb_role_user` VALUES ('19', '3', '23', '2016-07-14 11:41:54');
INSERT INTO `tb_role_user` VALUES ('20', '3', '24', '2016-07-14 15:54:56');

-- ----------------------------
-- Table structure for tb_user
-- ----------------------------
DROP TABLE IF EXISTS `tb_user`;
CREATE TABLE `tb_user` (
  `u_id` int(11) NOT NULL AUTO_INCREMENT COMMENT '用户id',
  `u_name` varchar(100) NOT NULL COMMENT '真实姓名',
  `u_account_name` varchar(100) NOT NULL COMMENT '账户名称',
  `u_password` varchar(100) NOT NULL COMMENT '用户密码',
  `u_delete_status` int(11) DEFAULT '0' COMMENT '逻辑删除状态',
  `u_locked` int(11) DEFAULT '0' COMMENT '是否锁定',
  `u_description` varchar(200) DEFAULT NULL COMMENT '用户描述',
  `u_credentials_salt` varchar(500) NOT NULL COMMENT '加密盐',
  `u_creator_name` varchar(100) NOT NULL COMMENT '创建者',
  `u_create_time` datetime DEFAULT NULL COMMENT '创建时间',
  `u_update_time` timestamp NOT NULL DEFAULT CURRENT_TIMESTAMP ON UPDATE CURRENT_TIMESTAMP COMMENT '更新时间',
  PRIMARY KEY (`u_id`),
  UNIQUE KEY `u_account_name_unique` (`u_account_name`) USING BTREE
) ENGINE=InnoDB AUTO_INCREMENT=25 DEFAULT CHARSET=utf8 COMMENT='用户账户表';

-- ----------------------------
-- Records of tb_user
-- ----------------------------
INSERT INTO `tb_user` VALUES ('4', 'admin', 'admin@webside.com', 'VaNoSnm8zZFL6eIckR9nkQ==', '0', '0', '超级管理员', '6b8c008bd7d242f1b60d713f8e3b7422', 'admin', '2016-02-15 17:17:26', '2016-02-25 14:07:48');
INSERT INTO `tb_user` VALUES ('9', '管理员', '254813870@qq.com', 'UcsN9eTNVUpNuWqA4FZ9Ng==', '0', '0', ' 管理员', '563f0ff44bbd15b70daec5355701f363', 'admin', '2016-02-28 17:39:31', '2016-02-25 14:07:48');
INSERT INTO `tb_user` VALUES ('10', '普通用户', '381543724@qq.com', 'zqLDpU33V6HHO2PbLOpOUA==', '0', '0', '普通用户', '499e7f3582d0fa5f6e17826df39df3d9', 'admin', '2016-02-28 20:10:05', '2016-02-25 14:07:48');
INSERT INTO `tb_user` VALUES ('16', '1050428834', '1050428834@qq.com', 'HAA8lx6IVfupjgQgvrblLg==', '0', '0', null, '7644c95d2359c991da8abafdc4f8317a', '1050428834', '2016-04-01 16:50:45', '2016-02-25 14:07:48');
INSERT INTO `tb_user` VALUES ('22', 'fanzhihui', 'fanzhihui_2014@sina.com', 'tDahMwnbkR0ADdlX4SQS3A==', '0', '0', null, 'dbc6d06c8a6bd2b89908891193a36b89', 'admin', '2016-07-14 10:08:09', '2016-07-14 11:16:12');
INSERT INTO `tb_user` VALUES ('23', 'fanzhihui', 'fanzhihui@cifpay.com', '2XFQkSutx4H5XaDFivgzuA==', '0', '0', '测试用户1', '693634f6a960d3fb29716b8f5f0f5f66', 'admin', '2016-07-14 11:42:02', '2016-07-19 10:48:33');
INSERT INTO `tb_user` VALUES ('24', '18566756314', '18566756314@163.com', 'xNA01BkZFRv7aNzDyBNQDA==', '0', '0', null, '81e212c912e1917cd301347c787e9bfa', '18566756314', '2016-07-14 15:55:04', '2016-07-14 15:54:56');

-- ----------------------------
-- Table structure for tb_user_info
-- ----------------------------
DROP TABLE IF EXISTS `tb_user_info`;
CREATE TABLE `tb_user_info` (
  `u_id` int(11) NOT NULL COMMENT '用户id',
  `u_sex` int(11) DEFAULT NULL COMMENT '性别',
  `u_birthday` date DEFAULT NULL COMMENT '出生日期',
  `u_telephone` varchar(20) DEFAULT NULL COMMENT '电话',
  `u_email` varchar(50) DEFAULT NULL COMMENT '邮箱',
  `u_address` varchar(200) DEFAULT NULL COMMENT '住址',
  `u_create_time` datetime DEFAULT NULL COMMENT '创建时间',
  PRIMARY KEY (`u_id`),
  CONSTRAINT `FK_r_user_info` FOREIGN KEY (`u_id`) REFERENCES `tb_user` (`u_id`) ON DELETE CASCADE
) ENGINE=InnoDB DEFAULT CHARSET=utf8 COMMENT='用户扩展信息表';

-- ----------------------------
-- Records of tb_user_info
-- ----------------------------
INSERT INTO `tb_user_info` VALUES ('4', '1', '2016-02-10', '15361427685', 'admin@webside.com', '江苏省无锡市国家软件园', '2016-02-18 16:43:28');
INSERT INTO `tb_user_info` VALUES ('9', null, null, null, null, null, null);
INSERT INTO `tb_user_info` VALUES ('10', null, null, null, null, null, null);
INSERT INTO `tb_user_info` VALUES ('16', null, null, null, null, null, null);
INSERT INTO `tb_user_info` VALUES ('22', null, null, null, null, null, null);
INSERT INTO `tb_user_info` VALUES ('23', null, null, null, null, null, null);
INSERT INTO `tb_user_info` VALUES ('24', null, null, null, null, null, null);

-- ----------------------------
-- Procedure structure for PRO_BANK_BDHAS_PAY
-- ----------------------------
DROP PROCEDURE IF EXISTS `PRO_BANK_BDHAS_PAY`;
DELIMITER ;;
CREATE DEFINER=`cifpay`@`%` PROCEDURE `PRO_BANK_BDHAS_PAY`(bankFileId INT, bankFileDate VARCHAR(10))
begin
	declare onlyBankHasNum INT(8) default 0; -- 支付平台无银行有笔数
	declare bdFileDetailId INT(16); -- 对账文件明细ID
	declare bdPayAmount decimal(18,2); -- 银行交易金额
	declare bdPayTime datetime; -- 银行交易时间
	declare payContractNo VARCHAR(32); -- 支付渠道协议号
	declare payChannelTradeNo VARCHAR(64); -- 支付渠道交易流水号
	declare orderId VARCHAR(64); -- 支付平台流水号
	declare done INT DEFAULT FALSE; -- 遍历数据结束标志
	declare only_bdhas_cursor cursor for select f.BANK_FILE_DETAIL_ID, f.PAY_CONTRACT_NO, f.PAY_CHANNEL_TRADE_NO, f.ORDER_ID, 
		f.PAY_AMOUNT, f.PAY_TIME from F_BANK_FILE_DETAIL f
    where f.BANK_FILE_ID=bankFileId and f.PAY_STATUS='202' and f.ORDER_ID not in(
      select l.LC_ID from CIFPAY_LC l 
       where (DATE_FORMAT(l.UPDATED_DT,'%Y-%m-%d')=bankFileDate and l.LC_STATE=70 and l.CHECK_RESULT is null)
       or (l.CHECK_RESULT=402 and datediff(bankFileDate, l.UPDATED_DT)<=2)
    );
	declare CONTINUE HANDLER FOR NOT FOUND SET done = TRUE; -- 将结束标志绑定到游标

	-- 打开游标
  OPEN only_bdhas_cursor;
  -- 遍历游标
	read_loop: LOOP
  fetch only_bdhas_cursor into bdFileDetailId, payContractNo, payChannelTradeNo, orderId, bdPayAmount, bdPayTime;
		-- 声明结束的时候
		IF done THEN
			LEAVE read_loop;
		END IF;
	
    -- 更新文件明细
    update F_BANK_FILE_DETAIL d set d.CHECK_RESULT=403 where d.BANK_FILE_DETAIL_ID=bdFileDetailId;
    -- 保存差异结果到差异表
    insert into F_CHECK_RESULT(BANK_FILE_DETAIL_ID, BD_BANK_FILE_ID, CP_ORDER_ID, CP_PAY_CONTRACT_NO,
      BD_TRADE_NO, BD_BANK_AMOUNT, BD_PAY_TIME, BD_BANK_FILE_DATE,
      DIFFERENCE_AMOUNT, DIFFERENCE_TIME, DIFFERENCE_TYPE, CHECK_MISTAKE_NO, DEAL_STATUS) 
		  values(bdFileDetailId, bankFileId, orderId, payContractNo, 
      payChannelTradeNo, bdPayAmount, bdPayTime, bankFileDate,
      bdPayAmount, now(), 403, null, 0);
      set onlyBankHasNum = onlyBankHasNum+1;
    end loop;
    -- 更新对账文件
   update F_BANK_FILE f set f.CPNO_BANKHAS_NUM=onlyBankHasNum where f.BANK_FILE_ID=bankFileId;
end
;;
DELIMITER ;

-- ----------------------------
-- Procedure structure for PRO_BANK_CHECK
-- ----------------------------
DROP PROCEDURE IF EXISTS `PRO_BANK_CHECK`;
DELIMITER ;;
CREATE DEFINER=`cifpay`@`%` PROCEDURE `PRO_BANK_CHECK`(fileId INT)
begin
declare bankFileDate VARCHAR(10); -- 对账文件日期
declare payContractNo VARCHAR(32); -- 资金渠道协议号
declare orderNum INT(16); -- 对账文件交易笔数
declare equalNum INT(16); -- 对平笔数
declare moneyDifferNum INT(16); -- 金额差异笔数
declare cpNoBankHasNum INT(16); -- 支付平台无银行有笔数
declare cpHasBankNoNum INT(16); -- 支付平台有银行无笔数
declare hasDoubtNum INT(16); -- 存疑笔数
declare orderNumCurr INT(8); -- 本期订单笔数
declare orderNumBefore INT(8); -- 前期订单笔数
declare expressionResult INT(1); -- 公式验证结果

  select f.BANK_FILE_DATE into bankFileDate from F_BANK_FILE f where f.BANK_FILE_ID=fileId;

  -- 统计支付平台本期笔数和前期笔数
	select count(0) into orderNumCurr from CIFPAY_LC l 
			where DATE_FORMAT(l.UPDATED_DT,'%Y-%m-%d')=bankFileDate and l.CHECK_RESULT is null and l.LC_STATE=70;

	select count(0) into orderNumBefore from CIFPAY_LC l where l.CHECK_RESULT=402 and datediff(bankFileDate, l.UPDATED_DT)<=2;
	
	-- 调用执行对账的存储过程
	call PRO_BANK_BDHAS_PAY(fileId, bankFileDate);
	call PRO_BANK_CPHAS_PAY(fileId, bankFileDate);
	call PRO_BANK_EQUALS_PAY(fileId, bankFileDate);

  -- 对账后文件被更新，此处再次查询文件
  select f.ORDER_NUM, f.EQUAL_NUM, f.MONEY_DIFFER_NUM, f.CPNO_BANKHAS_NUM, f.CPHAS_BANKNO_NUM, f.HAS_DOUBT 
		into orderNum, equalNum, moneyDifferNum, cpNoBankHasNum, cpHasBankNoNum, hasDoubtNum from F_BANK_FILE f where f.BANK_FILE_ID=fileId;

  -- 验证公式
  if orderNum = equalNum + moneyDifferNum + cpNoBankHasNum
    and orderNumCurr + orderNumBefore = equalNum + moneyDifferNum + cpHasBankNoNum + hasDoubtNum then
    set expressionResult = 0;
  else
    set expressionResult = 1;
  end if;

  -- 更新对账文件
  update F_BANK_FILE f set f.ORDER_NUM_CURR=orderNumCurr, f.ORDER_NUM_BEFORE=orderNumBefore,
    f.CHECK_TIME=now(), f.CHECK_STATUS=1, f.EXPRESSION_RESULT=expressionResult where f.BANK_FILE_ID=fileId;

end
;;
DELIMITER ;

-- ----------------------------
-- Procedure structure for PRO_BANK_CPHAS_PAY
-- ----------------------------
DROP PROCEDURE IF EXISTS `PRO_BANK_CPHAS_PAY`;
DELIMITER ;;
CREATE DEFINER=`cifpay`@`%` PROCEDURE `PRO_BANK_CPHAS_PAY`(bankFileId INT, bankFileDate VARCHAR(10))
begin
	declare lcId VARCHAR(64); -- 银信证流水号
	declare lcState VARCHAR(32); -- 银信证状态
	declare lcAmt decimal(19,2); -- 交易金额
	declare updateDt datetime; -- 交易时间
	declare checkResult INT(4); -- 对账结果
	declare onlyOdHasNum INT(8) default 0; -- 支付平台有银行无笔数
	declare hasDoubtNum INT(8) default 0; -- 存疑笔数
	declare checkStatus INT(1); -- 对账状态
	declare checkTime datetime; -- 对账时间
	declare done INT DEFAULT FALSE; -- 遍历数据结束标志
	-- 赋值游标（不存在于对账文件的订单）
	declare only_cphas_cursor cursor for select l.LC_ID, l.LC_STATE, l.LC_AMT, l.UPDATED_DT from CIFPAY_LC l 
   	where ((DATE_FORMAT(l.UPDATED_DT,'%Y-%m-%d')=bankFileDate and l.LC_STATE=70 and l.CHECK_RESULT is null)
  	 	or (l.CHECK_RESULT=402 and datediff(bankFileDate, l.UPDATED_DT)<=2))
    	and l.LC_ID not in(
     	select f.ORDER_ID from F_BANK_FILE_DETAIL f
    	where f.BANK_FILE_ID=bankFileId and f.PAY_STATUS='202'
   	);
  declare CONTINUE HANDLER FOR NOT FOUND SET done = TRUE; -- 将结束标志绑定到游标

	-- 打开游标
  OPEN only_cphas_cursor;
  -- 遍历游标
	read_loop: LOOP
  fetch only_cphas_cursor into lcId, lcState, lcAmt, updateDt;
		-- 声明结束的时候
		IF done THEN
			LEAVE read_loop;
		END IF;

		if datediff(bankFileDate, updateDt) <=1 then
			set checkResult = 402;
			set hasDoubtNum = hasDoubtNum+1;
			-- 存疑时对账状态和对账时间为空
			set checkStatus = null;
			set checkTime = null;
		else
			set checkResult = 404;
			set onlyOdHasNum = onlyOdHasNum+1;
			set checkStatus = 1;
			set checkTime = now();
			-- 支付平台有银行无，保存差异结果到差异表
			insert into F_CHECK_RESULT(BD_BANK_FILE_ID, CP_ORDER_ID, CP_BANK_RETURN_TIME, CP_PAY_CONTRACT_NO,
				CP_PAY_STATUS, CP_PAY_AMOUNT, CP_PAY_TIME, DIFFERENCE_TIME, DIFFERENCE_TYPE, DIFFERENCE_AMOUNT, DEAL_STATUS) 
				values(bankFileId, lcID, updateDt, NULL, lcState, lcAmt, updateDt, NOW(), checkResult, -lcAmt, 0);
		end if;
		 -- 更新订单
		update CIFPAY_LC l set l.CHECK_STATUS=checkStatus,l.CHECK_RESULT=checkResult,l.CHECK_TIME=checkTime where l.LC_ID=lcId;
		
	end loop;
	-- 更新文件
	update F_BANK_FILE f set f.HAS_DOUBT=hasDoubtNum,f.CPHAS_BANKNO_NUM=onlyOdHasNum where f.BANK_FILE_ID=bankFileId;
end
;;
DELIMITER ;

-- ----------------------------
-- Procedure structure for PRO_BANK_EQUALS_PAY
-- ----------------------------
DROP PROCEDURE IF EXISTS `PRO_BANK_EQUALS_PAY`;
DELIMITER ;;
CREATE DEFINER=`cifpay`@`%` PROCEDURE `PRO_BANK_EQUALS_PAY`(bankFileId INT, bankFileDate VARCHAR(10))
begin
	declare cpLcId VARCHAR(64); -- 平台银信证流水号
	declare cpLcAmt decimal(19,2); -- 平台银信证金额
	declare cpLcState VARCHAR(32); -- 平台银信证状态
	declare cpUpdateDt datetime; -- 平台银信证交易时间
	declare bdTradeNo VARCHAR(64); -- 银行交易流水号
	declare bdFileDetailId INT(16); -- 对账文件明细ID
	declare bdPayAmount decimal(18,2); -- 银行交易金额
	declare bdPayTime datetime; -- 银行交易时间
	declare checkResult INT(4); -- 对账结果
	declare equalNum INT(8) default 0; -- 对平笔数
	declare moneyDifferNum INT(8) default 0; -- 金额差错笔数
	declare done INT DEFAULT FALSE; -- 遍历数据结束标志
	#定义游标（支付平台和对账文件都有的支付平台流水号）
	declare lc_cursor cursor for select a.LC_ID,a.LC_AMT,a.LC_STATE,a.UPDATED_DT from
		(select p.LC_ID,p.LC_AMT,p.LC_STATE,p.UPDATED_DT from CIFPAY_LC p 
			 where (p.LC_STATE=70 and p.CHECK_RESULT is null and date_format(p.UPDATED_DT,'%Y-%m-%d')=bankFileDate)
				 or (p.CHECK_RESULT=402 and datediff(bankFileDate, p.UPDATED_DT)<=2)) a
			join
			(select f.ORDER_ID from F_BANK_FILE_DETAIL f
				where f.BANK_FILE_ID=bankFileId and f.PAY_STATUS='202') b
			on a.LC_ID=b.ORDER_ID;
  declare CONTINUE HANDLER FOR NOT FOUND SET done = TRUE; -- 将结束标志绑定到游标

  -- 打开游标
  OPEN lc_cursor;
  -- 遍历游标
	read_loop: LOOP
	fetch lc_cursor into cpLcId, cpLcAmt, cpLcState, cpUpdateDt;
		-- 声明结束的时候
		IF done THEN
			LEAVE read_loop;
		END IF;

		select d.BANK_FILE_DETAIL_ID, d.PAY_CHANNEL_TRADE_NO, d.PAY_AMOUNT, d.PAY_TIME into bdFileDetailId, bdTradeNo, bdPayAmount, bdPayTime 
			from F_BANK_FILE_DETAIL d where d.ORDER_ID=cpLcId and d.BANK_FILE_ID=bankFileId and d.PAY_STATUS=202;

		-- 比较金额确定对账结果
		if cpLcAmt = bdPayAmount then
			set checkResult = 401;
			set equalNum = equalNum+1;
		else
			set checkResult = 405;
			set moneyDifferNum = moneyDifferNum+1;
			-- 保存差异结果到差异表
			insert into F_CHECK_RESULT(BANK_FILE_DETAIL_ID, BD_BANK_FILE_ID, CP_BANK_RETURN_TIME, CP_ORDER_ID, CP_PAY_CONTRACT_NO,
        CP_DEAL_TYPE_ID, CP_PAY_STATUS, CP_PAY_AMOUNT, CP_PAY_TIME, BD_TRADE_NO, BD_BANK_AMOUNT, BD_PAY_TIME, BD_BANK_FILE_DATE,
        DIFFERENCE_AMOUNT, DIFFERENCE_TIME, DIFFERENCE_TYPE, CHECK_MISTAKE_NO, DEAL_STATUS) 
				values(bdFileDetailId, bankFileId, cpUpdateDt, cpLcId, null, 
        null, cpLcState, cpLcAmt, cpUpdateDt, bdTradeNo, bdPayAmount, bdPayTime, bankFileDate,
        bdPayAmount-cpLcAmt, now(), checkResult, null, 0);
		end if;	

		-- 更新文件明细
		update F_BANK_FILE_DETAIL d set d.CHECK_RESULT=checkResult where d.BANK_FILE_DETAIL_ID=bdFileDetailId;
		-- 更新订单
		update CIFPAY_LC l set l.CHECK_STATUS=1,l.CHECK_RESULT=checkResult,l.CHECK_TIME=now(),
		l.BANK_FILE_DATE=bankFileDate where l.LC_ID=cpLcId;
		
	end loop;
	-- 更新文件
	update F_BANK_FILE f set f.EQUAL_NUM=equalNum,f.MONEY_DIFFER_NUM=moneyDifferNum where f.BANK_FILE_ID=bankFileId;
end
;;
DELIMITER ;

-- ----------------------------
-- Procedure structure for PRO_CREATE_BANK_FILE
-- ----------------------------
DROP PROCEDURE IF EXISTS `PRO_CREATE_BANK_FILE`;
DELIMITER ;;
CREATE DEFINER=`cifpay`@`%` PROCEDURE `PRO_CREATE_BANK_FILE`()
BEGIN
	DECLARE tradeChnId VARCHAR(15); -- 渠道ID
	DECLARE fileCount int; -- 文件记录数
	DECLARE bankFileDate VARCHAR(10);
	DECLARE done INT DEFAULT FALSE; -- 遍历数据结束标志
	#定义游标（新版银信证渠道ID）
	DECLARE trd_channel_cursor CURSOR FOR SELECT c.TRADE_CHN_ID FROM CIFPAY_TRADE_CHANNEL c WHERE c.TRADE_CHN_TYPE='20';
	DECLARE CONTINUE HANDLER FOR NOT FOUND SET done = TRUE; -- 将结束标志绑定到游标

	SET bankFileDate = date_format(date_sub(curdate(),interval 1 day) ,'%Y-%m-%d');

	-- 打开游标
  OPEN trd_channel_cursor;
  -- 遍历游标
	read_loop: LOOP
	fetch trd_channel_cursor into tradeChnId;
		-- 声明结束的时候
		IF done THEN
			LEAVE read_loop;
		END IF;

		SELECT count(0) into fileCount from F_BANK_FILE f where f.PAY_CONTRACT_NO=tradeChnId and f.BANK_FILE_DATE=bankFileDate;
		if fileCount = 0 THEN
			insert INTO F_BANK_FILE(BANK_FILE_DATE, PAY_CONTRACT_NO, CREATED_USER_ID, CREATED_USER, CREATED_TIME) 
				values(bankFileDate, tradeChnId, 'system', '系统', now());
		END IF;
	END LOOP;
END
;;
DELIMITER ;
